loan_id,borrower_id,loan_type,origination_date,maturity_date,original_principal,current_balance,interest_rate,term_months,borrower_state,loan_purpose,credit_grade,employment_length,income_band,payment_status,days_past_due,servicer_name,last_payment_date,last_updated_at,document_status,source_system,custom_risk_score,unmapped_vendor_data
LN-08270910-10001,BW-08270910-10001,AUTO,2023-07-01,2028-06-04,145726.82,71172.86,7.18,60,GA,BUSINESS_EXPANSION,F,5 years,$25k-$50k,CLOSED,0,BetaServicing,2023-08-30,2026-08-27,PENDING,MANUAL_EXCEL,,
LN-08270910-10002,BW-08270910-10002,PERSONAL,2023-01-18,2052-08-13,253483.64,160452.98,6.37,360,CA,BUSINESS_EXPANSION,E,< 1 year,$75k-$100k,CURRENT,0,DeltaServicing,2023-03-19,2026-08-27,VERIFIED,MANUAL_EXCEL,EXT-RISK-606,VENDOR-TAG-79
LN-08270910-10003,BW-08270910-10003,PERSONAL,2024-05-10,2022-05-10,170360.41,51523.15,12.84,120,OH,DEBT_CONSOLIDATION,A,2 years,<$25k,LATE_90,97,BetaServicing,2023-04-22,2026-08-27,PENDING,ORIGINATION_API,EXT-RISK-782,
LN-08270910-10004,BW-08270910-10004,AUTO,2023-04-08,2027-03-18,237277.88,72803.17,8.17,48,NY,AUTO_PURCHASE,B,2 years,$50k-$75k,DEFAULT,138,BetaServicing,2023-06-07,2026-08-27,PENDING,LOS_ALPHA,,
LN-08270910-10004,BW-08270910-10005,AUTO,2023-02-28,2052-09-23,161296.95,65774.7,14.4,360,IL,AUTO_PURCHASE,E,10+ years,<$25k,LATE_60,85,GammaServicing,2023-04-29,2026-08-27,PENDING,MANUAL_EXCEL,,
LN-08270910-10006,BW-08270910-10006,PERSONAL,2023-12-07,2027-11-16,275132.89,210229.6,15.34,48,XX,HOME_PURCHASE,C,10+ years,$50k-$75k,LATE_60,84,GammaServicing,2024-02-05,2026-08-27,PENDING,MANUAL_EXCEL,,VENDOR-TAG-79
LN-08270910-10007,BW-08270910-10007,STUDENT,2023-08-01,2033-06-09,129433.45,54275.04,16.48,120,NY,HOME_PURCHASE,C,5 years,<$25k,CURRENT,0,GammaServicing,2023-09-30,2026-08-27,VERIFIED,SERVICER_CSV,,
LN-08270910-10008,BW-08270910-10008,AUTO,2023-07-31,2026-07-15,215155.55,73533.89,-5.0,36,IL,AUTO_PURCHASE,C,2 years,$100k+,LATE_30,49,BetaServicing,2023-09-29,2026-08-27,PENDING,MANUAL_EXCEL,EXT-RISK-309,
LN-08270910-10009,BW-08270910-10009,AUTO,2023-05-22,2027-05-01,242731.63,45000.0,14.39,48,TX,AUTO_PURCHASE,C,5 years,<$25k,CLOSED,84,BetaServicing,2023-07-21,2026-08-27,PENDING,SERVICER_CSV,EXT-RISK-909,
LN-08270910-10010,BW-08270910-10010,COMMERCIAL,2023-11-27,2033-10-05,71305.52,23678.65,11.09,120,GA,AUTO_PURCHASE,F,2 years,$25k-$50k,LATE_30,55,GammaServicing,2024-01-26,2026-08-27,PENDING,MANUAL_EXCEL,,
LN-08270910-10011,BW-08270910-10011,STUDENT,2023-09-21,2027-08-31,228316.03,70071.05,4.78,48,CA,EDUCATION,B,10+ years,$25k-$50k,CURRENT,0,DeltaServicing,2023-11-20,2020-01-01,VERIFIED,MANUAL_EXCEL,,
LN-08270910-10012,BW-08270910-10012,COMMERCIAL,2023-03-28,2028-03-01,23502.75,7115.93,6.46,60,NY,BUSINESS_EXPANSION,C,5 years,$100k+,CURRENT,0,GammaServicing,2023-05-27,2026-08-27,VERIFIED,ORIGINATION_API,,
LN-08270910-10013,BW-08270910-10013,MORTGAGE,2023-06-28,2025-06-17,260339.92,45000.0,12.43,24,OH,DEBT_CONSOLIDATION,B,1 year,<$25k,CLOSED,0,DeltaServicing,2023-08-27,2026-08-27,PENDING,MANUAL_EXCEL,,
LN-08270910-10014,BW-08270910-10014,COMMERCIAL,2023-09-12,2033-07-21,129005.08,107168.68,10.75,120,GA,BUSINESS_EXPANSION,F,1 year,$25k-$50k,CLOSED,0,ApexServicing,2023-11-11,2026-08-27,PENDING,MANUAL_EXCEL,EXT-RISK-703,
LN-08270910-10015,BW-08270910-10015,PERSONAL,2023-02-27,2025-02-16,114626.64,18500.5,5.15,24,TX,EDUCATION,A,1 year,$25k-$50k,CURRENT,0,ApexServicing,2023-04-28,2026-08-27,VERIFIED,SERVICER_CSV,,VENDOR-TAG-45
LN-08270910-10016,BW-08270910-10016,MORTGAGE,2023-10-11,2025-09-30,263333.01,54176.27,7.19,24,PA,AUTO_PURCHASE,E,10+ years,$25k-$50k,CURRENT,0,BetaServicing,2023-12-10,2026-08-27,VERIFIED,ORIGINATION_API,,
LN-08270910-10017,BW-08270910-10017,STUDENT,2023-03-19,2025-03-08,165960.08,62449.81,13.76,24,NY,AUTO_PURCHASE,C,10+ years,$75k-$100k,LATE_60,81,DeltaServicing,2023-05-18,2026-08-27,PENDING,LOS_ALPHA,,
LN-08270910-10018,BW-08270910-10018,COMMERCIAL,2023-10-13,2027-09-22,119986.37,89683.03,5.29,48,OH,DEBT_CONSOLIDATION,E,1 year,$100k+,CURRENT,0,ApexServicing,2023-12-12,2026-08-27,VERIFIED,LOS_ALPHA,,
LN-08270910-10019,BW-08270910-10019,PERSONAL,2023-09-15,2053-04-10,154997.95,60883.5,11.68,360,TX,BUSINESS_EXPANSION,D,1 year,$50k-$75k,LATE_30,40,DeltaServicing,2023-11-14,2026-08-27,PENDING,ORIGINATION_API,,VENDOR-TAG-21
LN-08270910-10020,BW-08270910-10020,PERSONAL,2023-08-06,2053-03-01,171739.3,136797.56,18.43,360,FL,BUSINESS_EXPANSION,A,10+ years,$50k-$75k,CLOSED,0,GammaServicing,2023-10-05,2026-08-27,PENDING,LOS_ALPHA,,
LN-08270910-10021,BW-08270910-10021,PERSONAL,2023-10-11,2026-09-25,119257.22,24280.53,18.42,36,NC,DEBT_CONSOLIDATION,E,5 years,$25k-$50k,LATE_30,54,ApexServicing,2023-12-10,2026-08-27,PENDING,ORIGINATION_API,,
LN-08270910-10022,BW-08270910-10022,MORTGAGE,2023-03-09,2025-02-26,37535.14,6186.97,6.1,24,CA,EDUCATION,E,10+ years,$25k-$50k,CURRENT,0,GammaServicing,2023-05-08,2026-08-27,VERIFIED,ORIGINATION_API,,
LN-08270910-10023,BW-REPEAT-2,STUDENT,2023-08-12,2033-06-20,172346.26,99473.96,17.86,120,WA,AUTO_PURCHASE,B,1 year,<$25k,CURRENT,0,GammaServicing,2023-10-11,2026-08-27,VERIFIED,MANUAL_EXCEL,,
LN-08270910-10024,BW-08270910-10024,STUDENT,2023-05-13,2033-03-21,12137.65,5298.62,12.25,120,WA,AUTO_PURCHASE,F,< 1 year,$50k-$75k,CLOSED,0,DeltaServicing,2023-07-12,2026-08-27,PENDING,LOS_ALPHA,,VENDOR-TAG-65
LN-08270910-10025,BW-08270910-10025,PERSONAL,2023-08-05,2025-07-25,85577.81,36447.26,13.73,24,NC,BUSINESS_EXPANSION,A,2 years,$50k-$75k,LATE_30,52,DeltaServicing,2023-10-04,2026-08-27,PENDING,ORIGINATION_API,,
LN-08270910-10026,BW-08270910-10026,PERSONAL,2023-09-29,2025-09-18,237003.15,190137.51,10.68,24,TX,HOME_PURCHASE,C,1 year,$25k-$50k,CLOSED,0,BetaServicing,2023-11-28,2026-08-27,PENDING,ORIGINATION_API,,
LN-08270910-10027,BW-08270910-10027,STUDENT,2023-01-19,2052-08-14,110750.43,91635.27,9.09,360,ZZ,HOME_PURCHASE,E,1 year,$100k+,LATE_30,42,ApexServicing,2023-03-20,2026-08-27,PENDING,SERVICER_CSV,,
LN-08270910-10028,BW-08270910-10028,MORTGAGE,2023-07-24,2033-06-01,295319.22,100034.79,5.96,120,ZZ,EDUCATION,E,1 year,$75k-$100k,LATE_90,117,ApexServicing,2023-09-22,2026-08-27,PENDING,LOS_ALPHA,,
LN-08270910-10029,BW-08270910-10029,AUTO,2023-06-05,2026-05-20,277306.59,110535.01,9.67,36,OH,BUSINESS_EXPANSION,C,5 years,<$25k,LATE_30,48,BetaServicing,2023-08-04,2026-08-27,PENDING,MANUAL_EXCEL,,
LN-08270910-10030,BW-08270910-10030,MORTGAGE,2023-06-30,2026-06-14,30118.25,20970.75,9.4,36,ZZ,EDUCATION,B,10+ years,$100k+,LATE_30,46,DeltaServicing,2023-08-29,2026-08-27,PENDING,ORIGINATION_API,EXT-RISK-211,VENDOR-TAG-95
LN-08270910-10031,BW-08270910-10031,AUTO,2023-11-11,2033-09-19,246043.29,160775.29,7.18,120,PA,AUTO_PURCHASE,F,2 years,$75k-$100k,CURRENT,0,BetaServicing,2024-01-10,2026-08-27,VERIFIED,MANUAL_EXCEL,,VENDOR-TAG-87
LN-08270910-10032,BW-08270910-10032,PERSONAL,2023-07-01,2028-06-04,148090.52,75439.56,10.55,60,WA,HOME_PURCHASE,A,1 year,<$25k,LATE_30,51,BetaServicing,2023-08-30,2026-08-27,PENDING,MANUAL_EXCEL,,VENDOR-TAG-78
LN-08270910-10033,BW-08270910-10033,STUDENT,2023-04-05,2026-03-20,258506.67,174875.47,7.84,36,NC,DEBT_CONSOLIDATION,C,< 1 year,$50k-$75k,LATE_90,91,GammaServicing,2023-06-04,2026-08-27,PENDING,MANUAL_EXCEL,,
LN-08270910-10034,BW-08270910-10034,AUTO,2023-02-19,2025-02-08,162912.84,32509.78,120.0,24,FL,EDUCATION,F,10+ years,$25k-$50k,LATE_90,96,GammaServicing,2023-04-20,2026-08-27,PENDING,ORIGINATION_API,,
LN-08270910-10035,BW-08270910-10035,MORTGAGE,2023-10-11,2053-05-06,259310.2,84298.02,4.77,360,CA,DEBT_CONSOLIDATION,F,< 1 year,$50k-$75k,CURRENT,0,GammaServicing,2023-12-10,2026-08-27,VERIFIED,LOS_ALPHA,,
LN-08270910-10036,BW-08270910-10036,PERSONAL,2023-01-23,2052-08-18,25333.7,9246.9,11.62,360,PA,BUSINESS_EXPANSION,A,< 1 year,$100k+,CLOSED,0,GammaServicing,2023-03-24,2026-08-27,PENDING,MANUAL_EXCEL,,
LN-08270910-10037,BW-08270910-10037,STUDENT,2023-03-10,2025-02-27,197803.28,164764.43,7.39,24,99,DEBT_CONSOLIDATION,E,< 1 year,$100k+,CLOSED,0,ApexServicing,2023-05-09,2026-08-27,PENDING,LOS_ALPHA,,
LN-08270910-10038,BW-08270910-10038,MORTGAGE,2023-10-09,2026-09-23,267988.3,95068.46,10.12,36,OH,EDUCATION,B,10+ years,$75k-$100k,CURRENT,0,BetaServicing,2023-12-08,2026-08-27,VERIFIED,MANUAL_EXCEL,,
LN-08270910-10039,BW-08270910-10039,PERSONAL,2023-07-21,2053-02-13,230537.48,175018.1,6.04,360,NY,DEBT_CONSOLIDATION,B,5 years,<$25k,LATE_60,73,DeltaServicing,2023-09-19,2026-08-27,PENDING,LOS_ALPHA,,VENDOR-TAG-51
LN-08270910-10040,BW-08270910-10040,PERSONAL,2023-11-03,2025-10-23,25094.47,8501.81,12.11,24,OH,AUTO_PURCHASE,A,5 years,$25k-$50k,LATE_30,35,GammaServicing,2024-01-02,2026-08-27,PENDING,MANUAL_EXCEL,EXT-RISK-743,
LN-08270910-10041,BW-08270910-10041,AUTO,2023-08-18,2027-07-28,148974.19,79995.11,6.21,48,NY,AUTO_PURCHASE,D,1 year,$25k-$50k,LATE_60,68,GammaServicing,2023-10-17,2026-08-27,PENDING,ORIGINATION_API,EXT-RISK-132,
LN-08270910-10042,BW-08270910-10042,COMMERCIAL,2023-07-17,2033-05-25,-258215.63,128370.96,12.47,120,WA,BUSINESS_EXPANSION,A,< 1 year,$25k-$50k,LATE_30,58,BetaServicing,2023-09-15,2026-08-27,PENDING,MANUAL_EXCEL,,
LN-08270910-10043,BW-08270910-10043,MORTGAGE,2023-10-03,2028-09-06,182653.46,31723.47,5.54,60,WA,HOME_PURCHASE,A,10+ years,$25k-$50k,CLOSED,0,GammaServicing,2023-12-02,2026-08-27,PENDING,LOS_ALPHA,,
LN-08270910-10044,BW-08270910-10044,MORTGAGE,2023-07-17,2033-05-25,208930.52,45000.0,5.48,120,FL,EDUCATION,C,5 years,$25k-$50k,CLOSED,54,GammaServicing,2023-09-15,2026-08-27,PENDING,MANUAL_EXCEL,,
LN-08270910-10045,BW-08270910-10045,MORTGAGE,2023-11-13,2028-10-17,237185.41,167150.49,6.1,60,OH,BUSINESS_EXPANSION,C,5 years,$75k-$100k,DEFAULT,337,ApexServicing,2024-01-12,2026-08-27,PENDING,LOS_ALPHA,,
LN-08270910-10046,BW-08270910-10046,COMMERCIAL,2023-10-17,2053-05-12,200483.79,73293.26,17.71,360,GA,DEBT_CONSOLIDATION,C,10+ years,$50k-$75k,DEFAULT,147,GammaServicing,2023-12-16,2026-08-27,PENDING,LOS_ALPHA,,
,BW-08270910-10047,MORTGAGE,2023-03-08,2027-02-15,136120.79,36581.24,16.17,48,PA,EDUCATION,B,10+ years,<$25k,LATE_30,48,DeltaServicing,2023-05-07,2026-08-27,PENDING,SERVICER_CSV,,
LN-08270910-10048,BW-08270910-10048,AUTO,2023-08-20,2053-03-15,70247.63,46303.19,10.5,360,WA,EDUCATION,C,2 years,$75k-$100k,LATE_30,36,GammaServicing,2023-10-19,2026-08-27,NULL,ORIGINATION_API,,
LN-08270910-10049,BW-08270910-10049,COMMERCIAL,2023-08-31,2027-08-10,49291.94,45000.0,17.0,48,IL,BUSINESS_EXPANSION,F,< 1 year,$100k+,CLOSED,72,DeltaServicing,2023-10-30,2026-08-27,PENDING,SERVICER_CSV,,
LN-08270910-10050,BW-08270910-10050,PERSONAL,2023-04-25,2027-04-04,209105.88,175696.41,12.02,48,PA,BUSINESS_EXPANSION,F,1 year,$50k-$75k,CURRENT,0,DeltaServicing,2023-06-24,2026-08-27,VERIFIED,ORIGINATION_API,EXT-RISK-480,
LN-08270910-10051,BW-08270910-10051,MORTGAGE,2023-11-03,2026-10-18,182930.13,47728.19,9.56,36,NC,AUTO_PURCHASE,A,2 years,$50k-$75k,LATE_30,40,GammaServicing,2024-01-02,2026-08-27,PENDING,LOS_ALPHA,,
LN-08270910-10052,BW-08270910-10052,COMMERCIAL,INVALID_DATE,2025-04-26,41102.83,30027.63,5.11,24,GA,HOME_PURCHASE,F,10+ years,$75k-$100k,CURRENT,0,GammaServicing,2023-07-06,2026-08-27,VERIFIED,MANUAL_EXCEL,EXT-RISK-158,
LN-08270910-10053,BW-08270910-10053,PERSONAL,2023-12-30,2025-12-19,156151.86,77935.99,17.49,24,CA,BUSINESS_EXPANSION,A,5 years,<$25k,DEFAULT,172,DeltaServicing,2024-02-28,2026-08-27,PENDING,MANUAL_EXCEL,EXT-RISK-345,
LN-08270910-10054,BW-08270910-10054,PERSONAL,2023-08-11,2025-07-31,80901.36,32070.45,14.17,24,WA,DEBT_CONSOLIDATION,D,2 years,$100k+,LATE_30,56,DeltaServicing,2023-10-10,2026-08-27,PENDING,MANUAL_EXCEL,,
LN-08270910-10055,BW-08270910-10055,AUTO,2023-06-09,2026-05-24,33081.4,25727.27,16.27,36,GA,BUSINESS_EXPANSION,D,< 1 year,$25k-$50k,CLOSED,0,ApexServicing,2023-08-08,2026-08-27,PENDING,LOS_ALPHA,EXT-RISK-790,VENDOR-TAG-33
LN-08270910-10056,BW-REPEAT-3,COMMERCIAL,2023-01-22,2032-11-30,249757.69,104024.5,12.3,120,IL,BUSINESS_EXPANSION,E,5 years,$100k+,CLOSED,0,ApexServicing,2023-03-23,2026-08-27,PENDING,LOS_ALPHA,,
LN-08270910-10057,BW-08270910-10057,COMMERCIAL,2023-07-18,2033-05-26,223703.3,184154.17,12.88,120,NC,BUSINESS_EXPANSION,F,5 years,$25k-$50k,LATE_30,32,BetaServicing,2023-09-16,2026-08-27,PENDING,SERVICER_CSV,,
LN-08270910-10058,BW-08270910-10058,AUTO,2023-09-15,2025-09-04,264545.17,156799.65,6.89,24,TX,DEBT_CONSOLIDATION,C,1 year,$75k-$100k,CLOSED,0,BetaServicing,2023-11-14,2026-08-27,PENDING,LOS_ALPHA,,
LN-08270910-10059,BW-08270910-10059,COMMERCIAL,2023-12-11,2027-11-20,79565.58,37020.69,11.44,48,NY,BUSINESS_EXPANSION,E,1 year,$75k-$100k,DEFAULT,297,BetaServicing,2024-02-09,2026-08-27,PENDING,MANUAL_EXCEL,,
LN-08270910-10037,BW-08270910-10060,COMMERCIAL,2023-05-01,2033-03-09,237663.42,45539.11,6.02,120,FL,DEBT_CONSOLIDATION,B,2 years,<$25k,LATE_90,105,GammaServicing,2023-06-30,2026-08-27,PENDING,SERVICER_CSV,,
LN-08270910-10061,BW-08270910-10061,PERSONAL,2023-03-08,2033-01-14,93867.58,55721.41,7.14,120,WA,EDUCATION,A,1 year,$25k-$50k,LATE_30,53,BetaServicing,2023-05-07,2026-08-27,PENDING,ORIGINATION_API,,
LN-08270910-10062,BW-08270910-10062,PERSONAL,2023-05-26,2026-05-10,255201.98,202805.82,9.56,36,NC,AUTO_PURCHASE,F,2 years,$50k-$75k,CURRENT,0,DeltaServicing,2023-07-25,2026-08-27,VERIFIED,MANUAL_EXCEL,,
LN-08270910-10063,BW-08270910-10063,MORTGAGE,2023-08-05,2025-07-25,250604.1,141461.04,13.98,24,OH,DEBT_CONSOLIDATION,E,10+ years,$100k+,CURRENT,0,ApexServicing,2023-10-04,2026-08-27,VERIFIED,MANUAL_EXCEL,,
LN-08270910-10064,BW-08270910-10064,AUTO,2023-12-20,2025-12-09,29050.0,13769.25,16.73,24,GA,EDUCATION,B,2 years,<$25k,CLOSED,0,DeltaServicing,2024-02-18,2026-08-27,PENDING,SERVICER_CSV,EXT-RISK-885,
LN-08270910-10065,BW-08270910-10065,AUTO,2023-07-26,2027-07-05,166461.93,127936.22,17.88,48,CA,EDUCATION,F,5 years,$75k-$100k,DEFAULT,146,GammaServicing,2023-09-24,2026-08-27,PENDING,ORIGINATION_API,,
LN-08270910-10066,BW-08270910-10066,PERSONAL,2023-03-12,2028-02-14,284686.87,57899.61,16.46,60,FL,AUTO_PURCHASE,D,2 years,$100k+,CLOSED,0,DeltaServicing,2023-05-11,2026-08-27,PENDING,LOS_ALPHA,,
LN-08270910-10067,BW-08270910-10067,STUDENT,2023-09-08,2033-07-17,175750.13,103111.58,13.73,120,NY,BUSINESS_EXPANSION,A,2 years,$50k-$75k,DEFAULT,336,ApexServicing,2023-11-07,2026-08-27,PENDING,ORIGINATION_API,EXT-RISK-471,
LN-08270910-10068,BW-08270910-10068,STUDENT,2023-04-09,2033-02-15,203233.78,50611.2,17.54,120,NC,EDUCATION,D,1 year,$50k-$75k,LATE_60,65,BetaServicing,2023-06-08,2026-08-27,PENDING,MANUAL_EXCEL,,
LN-08270910-10069,BW-08270910-10069,PERSONAL,2023-01-02,2025-12-17,198112.73,119842.62,12.15,36,GA,AUTO_PURCHASE,D,10+ years,<$25k,LATE_30,52,ApexServicing,2023-03-03,2026-08-27,PENDING,ORIGINATION_API,EXT-RISK-950,
LN-08270910-10070,BW-08270910-10070,MORTGAGE,2023-08-06,2026-07-21,138126.38,87100.88,17.88,36,WA,DEBT_CONSOLIDATION,F,5 years,$50k-$75k,CURRENT,0,DeltaServicing,2023-10-05,2026-08-27,VERIFIED,ORIGINATION_API,,
LN-08270910-10071,BW-08270910-10071,COMMERCIAL,2023-03-10,2028-02-12,117861.21,47770.01,14.54,60,NC,HOME_PURCHASE,D,2 years,$50k-$75k,CLOSED,0,BetaServicing,2023-05-09,2026-08-27,PENDING,MANUAL_EXCEL,,
LN-08270910-10072,BW-08270910-10072,STUDENT,2023-05-07,2027-04-16,15000.0,28500.0,14.07,48,OH,HOME_PURCHASE,C,10+ years,$25k-$50k,CURRENT,0,GammaServicing,2023-07-06,2026-08-27,VERIFIED,SERVICER_CSV,,
LN-08270910-10073,BW-08270910-10073,COMMERCIAL,2023-03-04,2052-09-27,260601.62,140504.87,6.9,360,NC,EDUCATION,B,10+ years,$25k-$50k,CURRENT,0,GammaServicing,2023-05-03,2026-08-27,VERIFIED,LOS_ALPHA,EXT-RISK-369,
LN-08270910-10074,BW-08270910-10074,AUTO,2023-02-23,2028-01-28,105534.81,56837.44,9.53,60,NC,BUSINESS_EXPANSION,E,10+ years,<$25k,LATE_90,103,ApexServicing,2023-04-24,2026-08-27,PENDING,MANUAL_EXCEL,,
LN-08270910-10075,BW-08270910-10075,MORTGAGE,2023-10-03,2027-09-12,170722.48,73994.94,6.6,48,PA,EDUCATION,B,2 years,$75k-$100k,DEFAULT,151,GammaServicing,2023-12-02,2026-08-27,PENDING,ORIGINATION_API,,VENDOR-TAG-20
LN-08270910-10076,BW-08270910-10076,STUDENT,2023-01-13,2052-08-08,46715.0,37878.6,8.46,360,XX1,HOME_PURCHASE,E,5 years,$50k-$75k,CURRENT,0,BetaServicing,2023-03-14,2026-08-27,VERIFIED,LOS_ALPHA,,
LN-08270910-10077,BW-08270910-10077,PERSONAL,2023-11-28,2027-11-07,232173.76,91858.1,15.76,48,NY,AUTO_PURCHASE,D,10+ years,$25k-$50k,LATE_60,77,ApexServicing,2024-01-27,2026-08-27,PENDING,LOS_ALPHA,,VENDOR-TAG-82
LN-08270910-10078,BW-08270910-10078,PERSONAL,2023-08-28,2026-08-12,296028.79,140753.82,17.38,36,FL,DEBT_CONSOLIDATION,B,5 years,$50k-$75k,DEFAULT,343,DeltaServicing,2023-10-27,2026-08-27,PENDING,ORIGINATION_API,,
LN-08270910-10079,BW-08270910-10079,STUDENT,2023-02-19,2028-01-24,153711.52,43606.54,5.73,60,TX,BUSINESS_EXPANSION,D,< 1 year,$50k-$75k,LATE_60,60,DeltaServicing,2023-04-20,2026-08-27,PENDING,SERVICER_CSV,,
LN-08270910-10080,BW-08270910-10080,MORTGAGE,2023-07-21,2028-06-24,71910.39,11597.03,8.81,60,GA,DEBT_CONSOLIDATION,E,5 years,$25k-$50k,CLOSED,0,DeltaServicing,2023-09-19,2020-01-01,PENDING,MANUAL_EXCEL,EXT-RISK-244,
LN-08270910-10081,BW-08270910-10081,PERSONAL,2023-01-12,2025-12-27,86774.29,62211.34,5.89,36,OH,DEBT_CONSOLIDATION,C,10+ years,<$25k,LATE_60,61,ApexServicing,2023-03-13,2020-01-01,PENDING,ORIGINATION_API,,
LN-08270910-10082,BW-08270910-10082,MORTGAGE,2023-06-16,2025-06-05,62166.75,21427.51,8.11,24,WA,BUSINESS_EXPANSION,D,1 year,$100k+,LATE_30,32,ApexServicing,2023-08-15,2026-08-27,PENDING,ORIGINATION_API,,
LN-08270910-10083,BW-08270910-10083,PERSONAL,2023-04-04,2028-03-08,50833.91,31407.66,5.27,60,NC,EDUCATION,D,< 1 year,$100k+,CURRENT,0,ApexServicing,2023-06-03,2026-08-27,VERIFIED,LOS_ALPHA,,
LN-08270910-10084,BW-08270910-10084,MORTGAGE,2023-03-17,2028-02-19,15000.0,28500.0,11.74,60,CA,AUTO_PURCHASE,B,1 year,<$25k,DEFAULT,166,ApexServicing,2023-05-16,2026-08-27,PENDING,ORIGINATION_API,,
LN-08270910-10085,BW-08270910-10085,COMMERCIAL,2023-10-12,2053-05-07,117330.68,61305.22,6.11,360,OH,BUSINESS_EXPANSION,D,2 years,$100k+,LATE_60,75,DeltaServicing,2023-12-11,2026-08-27,PENDING,MANUAL_EXCEL,,
LN-08270910-10086,BW-08270910-10086,MORTGAGE,2023-10-10,2026-09-24,290717.06,79974.54,16.08,36,IL,HOME_PURCHASE,A,1 year,<$25k,LATE_30,40,GammaServicing,2023-12-09,2026-08-27,PENDING,LOS_ALPHA,EXT-RISK-306,VENDOR-TAG-17
LN-08270910-10087,BW-08270910-10087,AUTO,2023-01-22,2025-01-11,166506.31,131573.19,14.06,24,IL,DEBT_CONSOLIDATION,D,1 year,$75k-$100k,LATE_60,60,GammaServicing,2023-03-23,2026-08-27,PENDING,SERVICER_CSV,,VENDOR-TAG-61
LN-08270910-10088,BW-08270910-10088,MORTGAGE,2023-07-07,2053-01-30,113402.37,84694.11,13.07,360,TX,DEBT_CONSOLIDATION,B,2 years,$75k-$100k,LATE_30,35,DeltaServicing,2023-09-05,2026-08-27,PENDING,SERVICER_CSV,,
LN-08270910-10089,BW-08270910-10089,AUTO,2023-09-02,2033-07-11,125417.05,72330.21,18.41,120,CA,HOME_PURCHASE,F,5 years,$50k-$75k,CLOSED,0,DeltaServicing,2023-11-01,2026-08-27,PENDING,SERVICER_CSV,EXT-RISK-582,
LN-08270910-10090,BW-08270910-10090,AUTO,2023-01-11,2026-12-21,235451.89,48824.57,12.75,48,NC,DEBT_CONSOLIDATION,E,2 years,<$25k,DEFAULT,346,BetaServicing,2023-03-12,2026-08-27,PENDING,ORIGINATION_API,,VENDOR-TAG-71
LN-08270910-10091,BW-08270910-10091,STUDENT,2023-01-25,2027-01-04,290154.07,75965.95,12.16,48,NC,AUTO_PURCHASE,F,10+ years,$100k+,LATE_90,108,ApexServicing,2023-03-26,2026-08-27,PENDING,SERVICER_CSV,,
LN-08270910-10092,BW-08270910-10092,PERSONAL,2023-02-11,2032-12-20,270114.13,123575.63,12.69,120,TX,BUSINESS_EXPANSION,C,1 year,$100k+,LATE_90,0,GammaServicing,2023-04-12,2026-08-27,PENDING,LOS_ALPHA,EXT-RISK-202,
LN-08270910-10093,BW-08270910-10093,STUDENT,2023-07-22,2026-07-06,84090.15,24807.43,14.97,36,OH,EDUCATION,A,2 years,<$25k,CURRENT,0,ApexServicing,2023-09-20,2026-08-27,VERIFIED,SERVICER_CSV,EXT-RISK-927,
LN-08270910-10094,BW-08270910-10094,STUDENT,2023-05-07,2025-04-26,140895.74,111845.69,11.62,24,NC,DEBT_CONSOLIDATION,C,10+ years,<$25k,LATE_90,95,DeltaServicing,2023-07-06,2026-08-27,PENDING,SERVICER_CSV,EXT-RISK-655,VENDOR-TAG-13
LN-08270910-10095,BW-08270910-10095,PERSONAL,2023-08-23,2033-07-01,162928.52,45000.0,14.82,120,WA,AUTO_PURCHASE,A,10+ years,$25k-$50k,CLOSED,82,GammaServicing,2023-10-22,2026-08-27,PENDING,MANUAL_EXCEL,,VENDOR-TAG-27
LN-08270910-10096,BW-08270910-10096,PERSONAL,2023-11-01,2025-10-21,163644.25,114145.05,120.0,24,TX,EDUCATION,E,2 years,$50k-$75k,DEFAULT,177,ApexServicing,2023-12-31,2026-08-27,PENDING,MANUAL_EXCEL,,
LN-08270910-10097,BW-08270910-10097,STUDENT,2023-02-06,2025-01-26,130685.0,40511.22,8.06,24,CA,AUTO_PURCHASE,F,1 year,$100k+,LATE_60,63,ApexServicing,2023-04-07,2026-08-27,PENDING,MANUAL_EXCEL,,
LN-08270910-10098,BW-08270910-10098,COMMERCIAL,2023-10-04,2027-09-13,107984.51,42443.58,12.85,48,WA,EDUCATION,D,5 years,<$25k,LATE_30,52,DeltaServicing,2023-12-03,2026-08-27,PENDING,MANUAL_EXCEL,,
LN-08270910-10099,BW-08270910-10099,PERSONAL,2023-05-06,2027-04-15,140303.48,105449.19,10.15,48,GA,BUSINESS_EXPANSION,B,5 years,$100k+,CURRENT,0,GammaServicing,2023-07-05,2026-08-27,VERIFIED,LOS_ALPHA,,
LN-08270910-10100,BW-08270910-10100,COMMERCIAL,2023-06-09,2027-05-19,33162.68,18952.79,6.36,48,GA,EDUCATION,B,5 years,$100k+,LATE_90,90,ApexServicing,2023-08-08,2026-08-27,PENDING,ORIGINATION_API,,VENDOR-TAG-40
LN-08270910-10101,BW-08270910-10101,AUTO,2023-06-20,2053-01-13,115137.38,52522.97,11.6,360,PA,BUSINESS_EXPANSION,A,10+ years,$25k-$50k,LATE_60,79,GammaServicing,2023-08-19,2026-08-27,PENDING,ORIGINATION_API,EXT-RISK-742,
LN-08270910-10102,BW-08270910-10102,MORTGAGE,2023-08-13,2028-07-17,166494.07,60574.94,10.9,60,GA,HOME_PURCHASE,D,5 years,$75k-$100k,CLOSED,0,BetaServicing,2023-10-12,2026-08-27,PENDING,ORIGINATION_API,,
LN-08270910-10103,BW-08270910-10103,AUTO,2023-07-24,2053-02-16,47339.84,15149.27,13.13,360,WA,EDUCATION,F,1 year,<$25k,LATE_90,104,GammaServicing,2023-09-22,2026-08-27,PENDING,ORIGINATION_API,,
LN-08270910-10104,BW-08270910-10104,PERSONAL,2023-05-09,2027-04-18,208807.36,127244.98,10.73,48,FL,HOME_PURCHASE,C,5 years,<$25k,CLOSED,0,ApexServicing,2023-07-08,2026-08-27,PENDING,SERVICER_CSV,,VENDOR-TAG-77
LN-08270910-10105,BW-08270910-10105,MORTGAGE,2023-03-09,2025-02-26,39370.25,28334.97,9.03,24,TX,DEBT_CONSOLIDATION,D,1 year,$50k-$75k,LATE_60,76,BetaServicing,2023-05-08,2026-08-27,PENDING,LOS_ALPHA,,
LN-08270910-10106,BW-08270910-10106,PERSONAL,2023-08-25,2025-08-14,36603.18,28934.3,11.45,24,IL,BUSINESS_EXPANSION,F,< 1 year,<$25k,CLOSED,0,ApexServicing,2023-10-24,2026-08-27,PENDING,MANUAL_EXCEL,,
LN-08270910-10107,BW-08270910-10107,MORTGAGE,2023-02-13,2032-12-22,73699.18,39998.82,14.2,120,CA,EDUCATION,C,5 years,<$25k,LATE_30,37,ApexServicing,2023-04-14,2026-08-27,PENDING,ORIGINATION_API,,VENDOR-TAG-99
LN-08270910-10108,BW-REPEAT-1,COMMERCIAL,2023-01-19,2032-11-27,101781.87,67822.17,18.15,120,NY,EDUCATION,A,5 years,$100k+,CURRENT,0,GammaServicing,2023-03-20,2026-08-27,VERIFIED,LOS_ALPHA,EXT-RISK-544,
LN-08270910-10109,BW-08270910-10109,MORTGAGE,2023-02-02,2052-08-28,38099.85,18981.61,9.73,360,FL,DEBT_CONSOLIDATION,B,2 years,$75k-$100k,LATE_60,61,GammaServicing,2023-04-03,2026-08-27,PENDING,MANUAL_EXCEL,,
LN-08270910-10110,BW-08270910-10110,MORTGAGE,2023-08-03,2026-07-18,91213.41,70898.7,9.58,36,NY,DEBT_CONSOLIDATION,E,5 years,$75k-$100k,LATE_60,63,BetaServicing,2023-10-02,2026-08-27,PENDING,LOS_ALPHA,,
LN-08270910-10111,BW-08270910-10111,MORTGAGE,2023-11-16,2028-10-20,195936.59,98930.69,8.03,60,CA,DEBT_CONSOLIDATION,A,2 years,$75k-$100k,LATE_60,82,BetaServicing,2024-01-15,2026-08-27,,SERVICER_CSV,,
LN-08270910-10112,BW-08270910-10112,PERSONAL,2023-01-09,2032-11-17,239853.98,109113.36,8.13,120,TX,EDUCATION,E,1 year,<$25k,LATE_60,82,DeltaServicing,2023-03-10,2026-08-27,PENDING,MANUAL_EXCEL,,
LN-08270910-10113,BW-08270910-10113,STUDENT,2023-08-17,2033-06-25,119156.21,68470.88,15.62,120,PA,DEBT_CONSOLIDATION,B,2 years,$100k+,CURRENT,0,BetaServicing,2023-10-16,2026-08-27,VERIFIED,MANUAL_EXCEL,EXT-RISK-207,
LN-08270910-10114,BW-08270910-10114,AUTO,2023-03-25,2052-10-18,15000.0,28500.0,11.77,360,NY,DEBT_CONSOLIDATION,F,1 year,$25k-$50k,LATE_60,63,BetaServicing,2023-05-24,2026-08-27,PENDING,SERVICER_CSV,,
LN-08270910-10115,BW-08270910-10115,AUTO,2024-13-45,2033-03-12,135081.15,60219.43,9.79,120,TX,DEBT_CONSOLIDATION,D,2 years,$75k-$100k,DEFAULT,234,GammaServicing,2023-07-03,2026-08-27,PENDING,MANUAL_EXCEL,,
LN-08270910-10116,BW-08270910-10116,STUDENT,2023-10-20,2053-05-15,53809.58,20431.9,7.05,360,IL,DEBT_CONSOLIDATION,C,< 1 year,$25k-$50k,DEFAULT,149,ApexServicing,2023-12-19,2026-08-27,PENDING,ORIGINATION_API,,VENDOR-TAG-50
LN-08270910-10117,BW-08270910-10117,MORTGAGE,2023-09-05,2027-08-15,80853.92,49465.74,11.2,48,NC,BUSINESS_EXPANSION,D,10+ years,$25k-$50k,LATE_90,114,GammaServicing,2023-11-04,2026-08-27,PENDING,ORIGINATION_API,,
LN-08270910-10118,BW-08270910-10118,MORTGAGE,2024-05-10,2022-05-10,190799.19,55600.18,13.9,48,GA,BUSINESS_EXPANSION,B,5 years,$50k-$75k,CLOSED,0,ApexServicing,2024-01-18,2026-08-27,PENDING,MANUAL_EXCEL,,
LN-08270910-10119,BW-08270910-10119,STUDENT,2023-04-16,2026-03-31,109915.63,77796.49,7.85,36,OH,DEBT_CONSOLIDATION,A,10+ years,$75k-$100k,LATE_90,30,ApexServicing,2023-06-15,2026-08-27,PENDING,MANUAL_EXCEL,,
LN-08270910-10120,BW-08270910-10120,COMMERCIAL,2023-08-11,2026-07-26,27029.13,7376.62,12.94,36,NY,AUTO_PURCHASE,C,5 years,$25k-$50k,CURRENT,0,BetaServicing,2023-10-10,2026-08-27,VERIFIED,MANUAL_EXCEL,,
LN-08270910-10121,BW-08270910-10121,STUDENT,2023-10-12,2028-09-15,274430.22,212112.73,17.67,60,NC,BUSINESS_EXPANSION,C,5 years,$75k-$100k,LATE_30,59,GammaServicing,2023-12-11,2026-08-27,PENDING,MANUAL_EXCEL,EXT-RISK-817,
LN-08270910-10122,BW-08270910-10122,COMMERCIAL,2023-05-20,2033-03-28,295702.65,99829.29,8.26,120,NC,AUTO_PURCHASE,A,< 1 year,<$25k,CURRENT,0,ApexServicing,2023-07-19,2026-08-27,,MANUAL_EXCEL,EXT-RISK-518,
LN-08270910-10123,BW-08270910-10123,PERSONAL,2023-11-07,2026-10-22,120260.41,23829.42,14.45,36,CA,AUTO_PURCHASE,A,1 year,$25k-$50k,LATE_60,86,BetaServicing,2024-01-06,2026-08-27,PENDING,MANUAL_EXCEL,,
LN-08270910-10124,BW-08270910-10124,STUDENT,2023-07-23,2053-02-15,65346.88,31660.84,10.27,360,CA,BUSINESS_EXPANSION,C,2 years,$50k-$75k,DEFAULT,339,GammaServicing,2023-09-21,2026-08-27,PENDING,LOS_ALPHA,,
LN-08270910-10125,BW-08270910-10125,MORTGAGE,2023-10-09,2025-09-28,30803.69,5739.03,14.79,24,GA,HOME_PURCHASE,D,5 years,$100k+,CURRENT,0,BetaServicing,2023-12-08,2026-08-27,,ORIGINATION_API,EXT-RISK-135,
LN-08270910-10126,BW-08270910-10126,COMMERCIAL,2023-06-27,2033-05-05,50067.37,9293.53,10.37,120,GA,HOME_PURCHASE,B,2 years,$25k-$50k,LATE_90,104,DeltaServicing,2023-08-26,2026-08-27,,MANUAL_EXCEL,EXT-RISK-224,VENDOR-TAG-50
LN-08270910-10127,BW-08270910-10127,MORTGAGE,2023-03-14,2025-03-03,248610.43,74388.69,17.31,24,FL,BUSINESS_EXPANSION,C,2 years,$50k-$75k,CLOSED,0,GammaServicing,2023-05-13,2026-08-27,PENDING,MANUAL_EXCEL,,VENDOR-TAG-45
LN-08270910-10128,BW-08270910-10128,PERSONAL,2023-06-19,2026-06-03,74454.83,37510.6,6.82,36,FL,EDUCATION,E,5 years,<$25k,DEFAULT,145,DeltaServicing,2023-08-18,2026-08-27,PENDING,MANUAL_EXCEL,EXT-RISK-612,
LN-08270910-10129,BW-08270910-10129,COMMERCIAL,2023-06-23,2033-05-01,193152.2,40000.26,8.83,120,CA,BUSINESS_EXPANSION,C,10+ years,$50k-$75k,LATE_90,92,BetaServicing,2023-08-22,2026-08-27,PENDING,LOS_ALPHA,,
LN-08270910-10130,BW-08270910-10130,PERSONAL,2023-09-09,2026-08-24,96319.0,27389.88,5.8,36,CA,BUSINESS_EXPANSION,D,10+ years,$50k-$75k,CURRENT,0,BetaServicing,2023-11-08,2026-08-27,VERIFIED,SERVICER_CSV,EXT-RISK-930,
LN-08270910-10131,BW-08270910-10131,AUTO,2023-07-25,2025-07-14,270416.17,145346.95,10.64,24,WA,HOME_PURCHASE,C,10+ years,<$25k,LATE_60,67,DeltaServicing,2023-09-23,2026-08-27,PENDING,MANUAL_EXCEL,,
LN-08270910-10132,BW-08270910-10132,MORTGAGE,2023-01-30,2026-01-14,73499.71,18736.12,7.64,36,CA,AUTO_PURCHASE,E,5 years,$100k+,LATE_90,107,DeltaServicing,2023-03-31,2026-08-27,PENDING,LOS_ALPHA,EXT-RISK-986,
LN-08270910-10133,BW-08270910-10133,STUDENT,2023-04-28,2033-03-06,119637.99,55633.58,7.35,120,IL,AUTO_PURCHASE,D,5 years,$75k-$100k,LATE_30,48,DeltaServicing,2023-06-27,2026-08-27,PENDING,LOS_ALPHA,,
LN-08270910-10134,BW-08270910-10134,AUTO,2023-04-22,2028-03-26,155159.65,113792.99,16.75,60,XX1,AUTO_PURCHASE,F,10+ years,<$25k,LATE_90,119,DeltaServicing,2023-06-21,2026-08-27,PENDING,LOS_ALPHA,,
LN-08270910-10135,BW-08270910-10135,MORTGAGE,2023-03-15,2025-03-04,214007.3,83741.25,8.55,24,GA,BUSINESS_EXPANSION,F,5 years,$50k-$75k,CURRENT,0,DeltaServicing,2023-05-14,2026-08-27,VERIFIED,SERVICER_CSV,EXT-RISK-153,
LN-08270910-10136,BW-08270910-10136,COMMERCIAL,2023-05-05,2052-11-28,70957.26,27967.03,5.81,360,WA,BUSINESS_EXPANSION,C,10+ years,$75k-$100k,LATE_90,119,BetaServicing,2023-07-04,2026-08-27,PENDING,MANUAL_EXCEL,,VENDOR-TAG-31
LN-08270910-10137,BW-08270910-10137,AUTO,2023-07-19,2026-07-03,156047.25,28636.44,10.17,36,CA,BUSINESS_EXPANSION,C,5 years,$75k-$100k,LATE_30,47,ApexServicing,2023-09-17,2026-08-27,PENDING,LOS_ALPHA,,
LN-08270910-10138,BW-08270910-10138,STUDENT,2023-12-21,2025-12-10,298535.39,188429.97,15.46,24,TX,HOME_PURCHASE,D,1 year,<$25k,CLOSED,0,DeltaServicing,2024-02-19,2026-08-27,PENDING,SERVICER_CSV,,
LN-08270910-10139,BW-08270910-10139,PERSONAL,2023-10-21,2026-10-05,147607.28,115977.35,18.35,36,OH,BUSINESS_EXPANSION,B,< 1 year,<$25k,LATE_30,54,ApexServicing,2023-12-20,2026-08-27,PENDING,SERVICER_CSV,EXT-RISK-984,VENDOR-TAG-97
LN-08270910-10140,BW-08270910-10140,STUDENT,2023-02-14,2026-01-29,33599.25,25390.74,14.79,36,OH,AUTO_PURCHASE,B,1 year,<$25k,DEFAULT,338,BetaServicing,2023-04-15,2026-08-27,PENDING,ORIGINATION_API,,VENDOR-TAG-73
LN-08270910-10141,BW-08270910-10141,COMMERCIAL,2023-12-08,2026-11-22,34400.99,27370.3,11.53,36,OH,BUSINESS_EXPANSION,A,< 1 year,<$25k,CURRENT,0,DeltaServicing,2024-02-06,2026-08-27,VERIFIED,ORIGINATION_API,EXT-RISK-903,
LN-08270910-10142,BW-08270910-10142,STUDENT,2023-02-01,2052-08-27,66556.95,26936.73,13.93,360,OH,HOME_PURCHASE,D,< 1 year,$75k-$100k,CURRENT,0,GammaServicing,2023-04-02,2026-08-27,VERIFIED,SERVICER_CSV,,
LN-08270910-10143,BW-08270910-10143,MORTGAGE,2023-09-20,2025-09-09,148748.66,108763.54,17.34,24,WA,EDUCATION,B,10+ years,$100k+,CURRENT,45,GammaServicing,2023-11-19,2026-08-27,VERIFIED,LOS_ALPHA,EXT-RISK-213,
LN-08270910-10144,BW-08270910-10144,AUTO,2023-11-14,2028-10-18,256396.1,195152.09,7.12,60,NC,HOME_PURCHASE,E,10+ years,$25k-$50k,CLOSED,0,ApexServicing,2024-01-13,2026-08-27,PENDING,ORIGINATION_API,,
LN-08270910-10145,BW-08270910-10145,PERSONAL,2023-09-13,2025-09-02,95857.5,78570.38,11.68,24,IL,DEBT_CONSOLIDATION,A,10+ years,$50k-$75k,CLOSED,0,DeltaServicing,2023-11-12,2026-08-27,PENDING,SERVICER_CSV,,
LN-08270910-10146,BW-08270910-10146,MORTGAGE,2023-08-29,2033-07-07,52969.19,11700.1,9.84,120,GA,EDUCATION,C,5 years,$50k-$75k,LATE_90,96,ApexServicing,2023-10-28,2020-01-01,PENDING,ORIGINATION_API,,
LN-08270910-10147,BW-08270910-10147,COMMERCIAL,2023-11-23,2027-11-02,62560.99,26765.47,17.95,48,TX,AUTO_PURCHASE,A,5 years,<$25k,LATE_30,55,DeltaServicing,2024-01-22,2026-08-27,PENDING,MANUAL_EXCEL,,
LN-08270910-10148,BW-08270910-10148,MORTGAGE,2023-04-12,2028-03-16,59459.44,35546.57,17.5,60,WA,AUTO_PURCHASE,F,5 years,$25k-$50k,CURRENT,0,ApexServicing,2023-06-11,2026-08-27,VERIFIED,MANUAL_EXCEL,EXT-RISK-823,
LN-08270910-10149,BW-08270910-10149,PERSONAL,2024.05.10,2028-01-06,203589.17,103463.33,5.97,60,IL,EDUCATION,E,1 year,$100k+,LATE_30,39,GammaServicing,2023-04-02,2026-08-27,PENDING,SERVICER_CSV,EXT-RISK-905,
LN-08270910-10150,BW-08270910-10150,STUDENT,2023-11-30,2028-11-03,267574.69,125262.67,10.25,60,FL,BUSINESS_EXPANSION,C,1 year,$50k-$75k,LATE_30,57,ApexServicing,2024-01-29,2026-08-27,PENDING,SERVICER_CSV,,
LN-08270910-10151,BW-08270910-10151,COMMERCIAL,2023-07-02,2053-01-25,137706.38,93643.97,10.49,360,PA,DEBT_CONSOLIDATION,B,2 years,<$25k,LATE_60,69,DeltaServicing,2023-08-31,2026-08-27,PENDING,SERVICER_CSV,EXT-RISK-474,
LN-08270910-10152,BW-08270910-10152,MORTGAGE,2023-06-13,2027-05-23,295093.75,55562.28,15.62,48,WA,EDUCATION,F,5 years,$25k-$50k,LATE_60,76,GammaServicing,2023-08-12,2026-08-27,PENDING,MANUAL_EXCEL,,
LN-08270910-10153,BW-08270910-10153,PERSONAL,2023-11-05,2053-05-31,147437.43,121085.07,8.36,360,NY,AUTO_PURCHASE,D,< 1 year,$100k+,CURRENT,0,DeltaServicing,2024-01-04,2026-08-27,VERIFIED,LOS_ALPHA,,
LN-08270910-10154,BW-08270910-10154,AUTO,2023-09-26,2028-08-30,198189.44,149470.86,7.63,60,WA,AUTO_PURCHASE,F,10+ years,$50k-$75k,DEFAULT,199,GammaServicing,2023-11-25,2026-08-27,PENDING,ORIGINATION_API,,
LN-08270910-10155,BW-08270910-10155,AUTO,2023-06-20,2027-05-30,275565.41,219677.65,10.95,48,CA,AUTO_PURCHASE,C,5 years,$50k-$75k,DEFAULT,356,DeltaServicing,2023-08-19,2026-08-27,PENDING,SERVICER_CSV,,
,BW-08270910-10156,COMMERCIAL,2023-01-18,2032-11-26,226506.82,105441.64,8.58,120,OH,EDUCATION,F,< 1 year,<$25k,LATE_30,55,DeltaServicing,2023-03-19,2026-08-27,PENDING,MANUAL_EXCEL,,
LN-08270910-10157,BW-08270910-10157,COMMERCIAL,2023-08-05,2033-06-13,278265.65,181467.06,6.65,120,NC,DEBT_CONSOLIDATION,D,1 year,<$25k,CURRENT,0,BetaServicing,2023-10-04,2026-08-27,VERIFIED,SERVICER_CSV,,
LN-08270910-10158,BW-08270910-10158,COMMERCIAL,2023-11-12,2053-06-07,204904.33,156224.21,8.56,360,PA,DEBT_CONSOLIDATION,F,5 years,$50k-$75k,CLOSED,0,DeltaServicing,2024-01-11,2026-08-27,PENDING,SERVICER_CSV,,
LN-08270910-10159,BW-08270910-10099,COMMERCIAL,2023-05-06,2027-02-17,140303.48,18837.22,12.12,48,GA,AUTO_PURCHASE,A,< 1 year,$25k-$50k,CURRENT,0,ApexServicing,2023-05-09,2026-08-27,VERIFIED,MANUAL_EXCEL,,
LN-08270910-10160,BW-08270910-10160,MORTGAGE,2023-05-18,2028-04-21,259913.09,56781.43,6.71,60,TX,HOME_PURCHASE,A,1 year,$50k-$75k,LATE_90,111,BetaServicing,2023-07-17,2026-08-27,PENDING,SERVICER_CSV,,
LN-08270910-10161,BW-08270910-10161,PERSONAL,2023-04-15,2028-03-19,96109.86,52197.32,10.48,60,NC,EDUCATION,D,1 year,$25k-$50k,DEFAULT,242,GammaServicing,2023-06-14,2026-08-27,PENDING,MANUAL_EXCEL,,
LN-08270910-10162,BW-08270910-10162,PERSONAL,2023-08-22,2033-06-30,195093.67,63949.43,17.09,120,GA,EDUCATION,F,5 years,<$25k,CLOSED,0,BetaServicing,2023-10-21,2026-08-27,PENDING,LOS_ALPHA,,
LN-08270910-10163,BW-08270910-10163,PERSONAL,2023-07-24,2026-07-08,44826.19,20637.24,15.68,36,TX,EDUCATION,F,2 years,$75k-$100k,DEFAULT,266,BetaServicing,2023-09-22,2026-08-27,PENDING,ORIGINATION_API,EXT-RISK-705,
LN-08270910-10164,BW-08270910-10164,STUDENT,2023-06-16,2053-01-09,242685.47,168962.5,11.43,360,GA,BUSINESS_EXPANSION,F,1 year,$50k-$75k,LATE_60,71,BetaServicing,2023-08-15,2026-08-27,PENDING,MANUAL_EXCEL,,
LN-08270910-10165,BW-08270910-10165,AUTO,2023-11-18,2025-11-07,111955.96,63471.43,5.83,24,NC,AUTO_PURCHASE,F,10+ years,$50k-$75k,DEFAULT,211,ApexServicing,2024-01-17,2026-08-27,PENDING,LOS_ALPHA,,
LN-08270910-10166,BW-08270910-10166,COMMERCIAL,2023-08-02,2025-07-22,73480.96,14348.73,14.22,24,PA,EDUCATION,E,< 1 year,$100k+,DEFAULT,247,GammaServicing,2023-10-01,2026-08-27,PENDING,MANUAL_EXCEL,,VENDOR-TAG-52
LN-08270910-10167,BW-08270910-10167,PERSONAL,2023-06-14,2026-05-29,235687.71,90428.41,18.09,36,CA,DEBT_CONSOLIDATION,F,1 year,$50k-$75k,CURRENT,0,DeltaServicing,2023-08-13,2026-08-27,VERIFIED,MANUAL_EXCEL,,
LN-08270910-10168,BW-08270910-10168,COMMERCIAL,2023-12-10,2025-11-29,259340.69,42837.67,8.49,24,NY,DEBT_CONSOLIDATION,A,2 years,$75k-$100k,CURRENT,0,GammaServicing,2024-02-08,2026-08-27,VERIFIED,MANUAL_EXCEL,,
LN-08270910-10169,BW-08270910-10169,STUDENT,2023-08-26,2033-07-04,194751.74,117018.46,11.81,120,FL,AUTO_PURCHASE,A,10+ years,$25k-$50k,LATE_60,88,BetaServicing,2023-10-25,2026-08-27,,LOS_ALPHA,,
,BW-08270910-10170,MORTGAGE,2023-06-04,2052-12-28,33896.55,13930.92,13.23,360,FL,EDUCATION,E,2 years,$100k+,LATE_60,85,BetaServicing,2023-08-03,2026-08-27,PENDING,MANUAL_EXCEL,EXT-RISK-794,
LN-08270910-10171,BW-08270910-10171,PERSONAL,2024.05.10,2053-06-02,15617.75,9983.98,7.63,360,GA,BUSINESS_EXPANSION,B,< 1 year,$75k-$100k,LATE_90,94,BetaServicing,2024-01-06,2026-08-27,PENDING,LOS_ALPHA,,
LN-08270910-10172,BW-08270910-10172,STUDENT,2023-05-22,2028-04-25,157572.54,57669.15,16.04,60,WA,EDUCATION,C,5 years,<$25k,LATE_30,53,GammaServicing,2023-07-21,2026-08-27,PENDING,SERVICER_CSV,,VENDOR-TAG-22
LN-08270910-10173,BW-08270910-10173,AUTO,2023-06-15,2028-05-19,244972.16,172981.74,8.5,60,WA,AUTO_PURCHASE,C,10+ years,$25k-$50k,CURRENT,0,ApexServicing,2023-08-14,2026-08-27,VERIFIED,MANUAL_EXCEL,,
LN-08270910-10174,BW-08270910-10174,COMMERCIAL,2023-05-17,2028-04-20,81071.12,27740.48,18.11,60,OH,EDUCATION,A,10+ years,$100k+,LATE_90,118,GammaServicing,2023-07-16,2026-08-27,PENDING,LOS_ALPHA,,VENDOR-TAG-45
LN-08270910-10175,BW-08270910-10175,MORTGAGE,2023-01-26,2027-12-31,281835.38,104950.65,7.85,60,IL,EDUCATION,B,5 years,$50k-$75k,LATE_30,58,BetaServicing,2023-03-27,2026-08-27,PENDING,MANUAL_EXCEL,,
LN-08270910-10176,BW-08270910-10176,PERSONAL,2023-07-01,2027-06-10,221714.12,84504.14,16.56,48,FL,EDUCATION,B,2 years,$100k+,CURRENT,0,ApexServicing,2023-08-30,2026-08-27,VERIFIED,ORIGINATION_API,,
LN-08270910-10177,BW-08270910-10177,MORTGAGE,2023-12-24,2028-11-27,118184.68,38679.99,11.72,60,NY,AUTO_PURCHASE,F,2 years,$50k-$75k,LATE_60,85,GammaServicing,2024-02-22,2026-08-27,PENDING,LOS_ALPHA,,
,BW-08270910-10178,COMMERCIAL,2023-04-18,2027-03-28,294250.83,153095.16,13.95,48,WA,DEBT_CONSOLIDATION,D,2 years,$25k-$50k,CLOSED,0,BetaServicing,2023-06-17,2026-08-27,PENDING,ORIGINATION_API,,
LN-08270910-10082,BW-08270910-10179,COMMERCIAL,2023-02-25,2026-02-09,219321.78,154941.81,9.97,36,FL,AUTO_PURCHASE,F,2 years,$75k-$100k,LATE_30,50,DeltaServicing,2023-04-26,2026-08-27,PENDING,ORIGINATION_API,,
LN-08270910-10180,BW-08270910-10114,MORTGAGE,2023-03-25,2033-02-27,15000.0,190649.44,16.3,120,PA,HOME_PURCHASE,E,1 year,$100k+,LATE_60,60,GammaServicing,2023-06-20,2026-08-27,PENDING,LOS_ALPHA,EXT-RISK-508,
LN-08270910-10181,BW-08270910-10181,COMMERCIAL,2023-06-30,2053-01-23,225835.96,164894.18,6.54,360,PA,HOME_PURCHASE,C,2 years,<$25k,CURRENT,0,BetaServicing,2023-08-29,2026-08-27,VERIFIED,ORIGINATION_API,EXT-RISK-904,
LN-08270910-10182,BW-08270910-10182,MORTGAGE,2023-05-26,2028-04-29,252416.6,56510.77,15.05,60,GA,EDUCATION,B,10+ years,$50k-$75k,LATE_60,77,ApexServicing,2023-07-25,2026-08-27,PENDING,SERVICER_CSV,,
LN-08270910-10183,BW-08270910-10183,PERSONAL,2023-04-06,2026-03-21,280008.46,81485.64,16.27,36,OH,BUSINESS_EXPANSION,F,1 year,$75k-$100k,LATE_90,91,ApexServicing,2023-06-05,2026-08-27,PENDING,SERVICER_CSV,,
LN-08270910-10184,BW-REPEAT-1,PERSONAL,2023-09-17,2027-08-27,200914.82,73313.9,6.05,48,OH,DEBT_CONSOLIDATION,D,1 year,$100k+,LATE_60,64,DeltaServicing,2023-11-16,2026-08-27,PENDING,SERVICER_CSV,,
LN-08270910-10185,BW-08270910-10185,PERSONAL,2023-12-27,2033-11-04,233838.41,168463.6,7.4,120,PA,DEBT_CONSOLIDATION,A,5 years,$25k-$50k,CURRENT,0,DeltaServicing,2024-02-25,2026-08-27,VERIFIED,MANUAL_EXCEL,EXT-RISK-646,
LN-08270910-10186,BW-08270910-10186,MORTGAGE,2023-01-13,2027-12-18,51125.94,24654.02,7.04,60,WA,DEBT_CONSOLIDATION,D,2 years,$100k+,CURRENT,0,BetaServicing,2023-03-14,2026-08-27,VERIFIED,SERVICER_CSV,EXT-RISK-282,
LN-08270910-10187,BW-08270910-10187,COMMERCIAL,2023-04-25,2026-04-09,54829.0,39007.35,8.14,36,GA,BUSINESS_EXPANSION,D,5 years,$100k+,DEFAULT,245,GammaServicing,2023-06-24,2026-08-27,PENDING,SERVICER_CSV,EXT-RISK-481,
LN-08270910-10188,BW-08270910-10188,AUTO,2023-09-11,2025-08-31,183621.51,101146.39,12.36,24,PA,DEBT_CONSOLIDATION,D,5 years,<$25k,CLOSED,0,BetaServicing,2023-11-10,2026-08-27,PENDING,MANUAL_EXCEL,EXT-RISK-105,
LN-08270910-10189,BW-08270910-10189,MORTGAGE,2023-02-22,2028-01-27,143438.98,18500.5,15.36,60,TX,BUSINESS_EXPANSION,F,1 year,$50k-$75k,CURRENT,32,GammaServicing,2023-04-23,2026-08-27,PENDING,LOS_ALPHA,,
LN-08270910-10190,BW-08270910-10190,MORTGAGE,2023-07-14,2033-05-22,279836.16,156542.52,13.77,120,FL,HOME_PURCHASE,B,1 year,$75k-$100k,LATE_60,86,GammaServicing,2023-09-12,2026-08-27,PENDING,LOS_ALPHA,,
LN-08270910-10191,BW-08270910-10191,PERSONAL,2023-03-28,2033-02-03,87672.91,32778.21,17.4,120,PA,DEBT_CONSOLIDATION,F,< 1 year,$50k-$75k,DEFAULT,125,DeltaServicing,2023-05-27,2026-08-27,PENDING,LOS_ALPHA,,
LN-08270910-10192,BW-08270910-10192,STUDENT,2023-08-07,2053-03-02,109402.32,30703.93,14.27,360,NY,DEBT_CONSOLIDATION,D,1 year,<$25k,DEFAULT,318,BetaServicing,2023-10-06,2026-08-27,PENDING,ORIGINATION_API,,
LN-08270910-10193,BW-08270910-10193,STUDENT,2023-01-11,2024-12-31,176193.13,86250.29,15.4,24,NC,EDUCATION,F,< 1 year,$50k-$75k,LATE_90,106,ApexServicing,2023-03-12,2026-08-27,PENDING,MANUAL_EXCEL,,
LN-08270910-10194,BW-08270910-10194,STUDENT,2023-03-20,2033-01-26,199110.93,89536.37,14.23,120,WA,DEBT_CONSOLIDATION,D,2 years,$100k+,LATE_60,64,GammaServicing,2023-05-19,2026-08-27,PENDING,SERVICER_CSV,,
LN-08270910-10195,BW-08270910-10195,AUTO,2023-01-11,2025-12-26,83533.11,26497.48,5.95,36,NC,BUSINESS_EXPANSION,E,5 years,$25k-$50k,LATE_30,43,GammaServicing,2023-03-12,2026-08-27,PENDING,MANUAL_EXCEL,,VENDOR-TAG-14
LN-08270910-10196,BW-08270910-10196,AUTO,2023-11-14,2033-09-22,53960.24,14231.29,12.0,120,NC,AUTO_PURCHASE,A,2 years,$75k-$100k,DEFAULT,231,GammaServicing,2024-01-13,2026-08-27,PENDING,SERVICER_CSV,,
LN-08270910-10197,BW-08270910-10197,PERSONAL,2023-05-22,2052-12-15,228215.71,67233.13,17.84,360,NY,DEBT_CONSOLIDATION,D,2 years,$100k+,CLOSED,0,ApexServicing,2023-07-21,2026-08-27,PENDING,MANUAL_EXCEL,,
LN-08270910-10198,BW-08270910-10198,PERSONAL,2023-09-01,2053-03-27,287084.1,112141.56,9.26,360,IL,EDUCATION,D,< 1 year,$25k-$50k,CURRENT,0,BetaServicing,2023-10-31,2026-08-27,VERIFIED,LOS_ALPHA,EXT-RISK-868,
LN-08270910-10199,BW-08270910-10199,AUTO,2023-07-08,2033-05-16,85712.32,20084.73,11.98,120,NY,AUTO_PURCHASE,B,1 year,$50k-$75k,CURRENT,0,BetaServicing,2023-09-06,2026-08-27,VERIFIED,ORIGINATION_API,,
LN-08270910-10200,BW-08270910-10200,STUDENT,2023-04-10,2027-03-20,262215.3,153188.51,13.55,48,FL,HOME_PURCHASE,A,1 year,$75k-$100k,DEFAULT,309,BetaServicing,2023-06-09,2026-08-27,PENDING,MANUAL_EXCEL,,
LN-08270910-10201,BW-08270910-10201,MORTGAGE,2023-04-28,2025-04-17,244754.94,100806.49,15.6,24,WA,EDUCATION,F,10+ years,$50k-$75k,CURRENT,0,ApexServicing,2023-06-27,2026-08-27,VERIFIED,MANUAL_EXCEL,EXT-RISK-502,
LN-08270910-10202,BW-08270910-10202,STUDENT,2023-11-23,2033-10-01,14298.24,5411.23,9.5,120,GA,AUTO_PURCHASE,F,< 1 year,$100k+,DEFAULT,165,GammaServicing,2024-01-22,2026-08-27,PENDING,ORIGINATION_API,,
LN-08270910-10203,BW-08270910-10203,MORTGAGE,2023-02-27,2033-01-05,278277.81,47896.71,17.93,120,GA,AUTO_PURCHASE,E,< 1 year,$25k-$50k,LATE_60,71,ApexServicing,2023-04-28,2026-08-27,PENDING,LOS_ALPHA,,
LN-08270910-10204,BW-08270910-10204,AUTO,2023-08-09,2025-07-29,-83156.0,27879.4,7.35,24,GA,BUSINESS_EXPANSION,A,5 years,$25k-$50k,DEFAULT,257,GammaServicing,2023-10-08,2026-08-27,PENDING,ORIGINATION_API,,
LN-08270910-10205,BW-08270910-10205,AUTO,2023-09-02,2053-03-28,105259.86,27554.84,13.48,360,CA,EDUCATION,A,5 years,$25k-$50k,DEFAULT,159,DeltaServicing,2023-11-01,2026-08-27,PENDING,ORIGINATION_API,,VENDOR-TAG-21
LN-08270910-10206,BW-08270910-10206,COMMERCIAL,2023-07-22,2033-05-30,156411.83,127744.11,16.5,120,PA,DEBT_CONSOLIDATION,F,< 1 year,$25k-$50k,LATE_90,112,BetaServicing,2023-09-20,2026-08-27,PENDING,ORIGINATION_API,,
LN-08270910-10207,BW-08270910-10207,AUTO,2023-03-12,2052-10-05,50603.89,15325.38,9.27,360,NC,HOME_PURCHASE,B,1 year,$25k-$50k,LATE_30,57,ApexServicing,2023-05-11,2026-08-27,PENDING,SERVICER_CSV,,
LN-08270910-10208,BW-08270910-10208,AUTO,2023-09-17,2025-09-06,213466.73,113314.56,8.49,24,IL,AUTO_PURCHASE,F,2 years,<$25k,LATE_60,66,GammaServicing,2023-11-16,2026-08-27,PENDING,SERVICER_CSV,,
LN-08270910-10209,BW-08270910-10209,PERSONAL,2023-05-10,2026-04-24,42145.75,21802.85,9.1,36,NC,HOME_PURCHASE,F,< 1 year,$75k-$100k,LATE_30,42,GammaServicing,2023-07-09,2026-08-27,PENDING,MANUAL_EXCEL,,
LN-08270910-10210,BW-08270910-10210,PERSONAL,2023-06-27,2028-05-31,15000.0,28500.0,13.91,60,NC,HOME_PURCHASE,A,< 1 year,$50k-$75k,CLOSED,0,GammaServicing,2023-08-26,2026-08-27,PENDING,ORIGINATION_API,,
LN-08270910-10211,BW-08270910-10211,PERSONAL,2023-05-19,2028-04-22,79920.29,64483.99,6.3,60,NC,EDUCATION,A,< 1 year,$75k-$100k,CURRENT,0,BetaServicing,2023-07-18,2026-08-27,VERIFIED,ORIGINATION_API,,
LN-08270910-10212,BW-08270910-10212,MORTGAGE,2023-03-24,2027-03-03,276762.69,43650.86,14.72,48,FL,AUTO_PURCHASE,E,10+ years,<$25k,LATE_30,41,GammaServicing,2023-05-23,2026-08-27,PENDING,SERVICER_CSV,,
LN-08270910-10213,BW-08270910-10213,AUTO,2023-10-07,2053-05-02,43760.29,30244.41,8.2,360,CA,DEBT_CONSOLIDATION,E,5 years,$25k-$50k,LATE_60,74,ApexServicing,2023-12-06,2020-01-01,PENDING,ORIGINATION_API,,VENDOR-TAG-21
LN-08270910-10214,BW-08270910-10214,MORTGAGE,2023-07-05,2027-06-14,59673.2,13861.22,17.07,48,NC,AUTO_PURCHASE,C,5 years,$100k+,CURRENT,0,DeltaServicing,2023-09-03,2026-08-27,VERIFIED,SERVICER_CSV,,VENDOR-TAG-37
LN-08270910-10215,BW-08270910-10215,COMMERCIAL,2023-06-03,2052-12-27,260344.1,100802.27,7.13,360,PA,EDUCATION,D,5 years,$50k-$75k,DEFAULT,215,DeltaServicing,2023-08-02,2026-08-27,PENDING,LOS_ALPHA,EXT-RISK-115,
LN-08270910-10216,BW-08270910-10216,AUTO,2023-06-21,2026-06-05,240514.65,82335.68,13.03,36,NC,AUTO_PURCHASE,D,5 years,$50k-$75k,DEFAULT,291,ApexServicing,2023-08-20,2026-08-27,PENDING,MANUAL_EXCEL,,
LN-08270910-10217,BW-08270910-10217,COMMERCIAL,2023-09-16,2028-08-20,134301.75,78888.59,6.0,60,WA,AUTO_PURCHASE,C,2 years,<$25k,CURRENT,0,DeltaServicing,2023-11-15,2026-08-27,VERIFIED,SERVICER_CSV,,
LN-08270910-10218,BW-08270910-10218,MORTGAGE,2023-08-24,2025-08-13,221769.66,135309.42,17.78,24,OH,EDUCATION,D,< 1 year,$100k+,LATE_30,50,GammaServicing,2023-10-23,2026-08-27,PENDING,MANUAL_EXCEL,,VENDOR-TAG-24
LN-08270910-10219,BW-08270910-10219,AUTO,2023-07-19,2025-07-08,258628.99,107516.64,13.11,24,WA,AUTO_PURCHASE,D,1 year,$50k-$75k,DEFAULT,184,ApexServicing,2023-09-17,2026-08-27,PENDING,LOS_ALPHA,,
LN-08270910-10220,BW-08270910-10220,PERSONAL,2023-06-12,2025-06-01,228282.46,162133.79,12.48,24,NC,DEBT_CONSOLIDATION,A,10+ years,$75k-$100k,DEFAULT,148,DeltaServicing,2023-08-11,2026-08-27,PENDING,MANUAL_EXCEL,,
LN-08270910-10221,BW-08270910-10221,COMMERCIAL,2023-11-25,2027-11-04,236162.94,187191.97,9.22,48,OH,EDUCATION,F,1 year,<$25k,DEFAULT,279,ApexServicing,2024-01-24,2026-08-27,PENDING,LOS_ALPHA,EXT-RISK-708,VENDOR-TAG-71
LN-08270910-10222,BW-08270910-10222,COMMERCIAL,2023-01-28,2026-01-12,198884.92,153094.65,14.84,36,OH,DEBT_CONSOLIDATION,F,10+ years,<$25k,CURRENT,0,ApexServicing,2023-03-29,2020-01-01,VERIFIED,MANUAL_EXCEL,,
LN-08270910-10223,BW-08270910-10223,COMMERCIAL,2023-06-08,2028-05-12,185011.46,140630.56,12.51,60,WA,BUSINESS_EXPANSION,C,< 1 year,$25k-$50k,LATE_90,97,ApexServicing,2023-08-07,2026-08-27,PENDING,SERVICER_CSV,,VENDOR-TAG-14
LN-08270910-10224,BW-08270910-10224,PERSONAL,2023-02-21,2028-01-26,47431.74,18375.08,14.6,60,FL,DEBT_CONSOLIDATION,D,2 years,$100k+,LATE_30,32,BetaServicing,2023-04-22,2026-08-27,PENDING,MANUAL_EXCEL,,
LN-08270910-10225,BW-08270910-10225,STUDENT,2023-09-15,2028-08-19,226228.77,38362.85,11.81,60,PA,EDUCATION,E,5 years,<$25k,CURRENT,0,DeltaServicing,2023-11-14,2026-08-27,VERIFIED,SERVICER_CSV,,VENDOR-TAG-24
LN-08270910-10226,BW-08270910-10226,AUTO,2023-09-11,2025-08-31,288315.6,241336.77,8.18,24,GA,DEBT_CONSOLIDATION,E,2 years,$100k+,CLOSED,0,GammaServicing,2023-11-10,2026-08-27,PENDING,LOS_ALPHA,,
LN-08270910-10227,BW-08270910-10227,STUDENT,2023-10-26,2028-09-29,193183.1,18500.5,12.77,60,GA,BUSINESS_EXPANSION,D,5 years,$75k-$100k,CURRENT,0,ApexServicing,2023-12-25,2026-08-27,PENDING,LOS_ALPHA,,
LN-08270910-10228,BW-08270910-10228,PERSONAL,2023-04-01,2028-03-05,-69267.42,27147.83,15.07,60,OH,HOME_PURCHASE,B,10+ years,$75k-$100k,CLOSED,0,ApexServicing,2023-05-31,2026-08-27,PENDING,ORIGINATION_API,,
LN-08270910-10229,BW-08270910-10229,COMMERCIAL,2023-06-22,2025-06-11,294392.56,85855.96,12.81,24,CA,AUTO_PURCHASE,C,5 years,$25k-$50k,CLOSED,0,GammaServicing,2023-08-21,2026-08-27,PENDING,ORIGINATION_API,,
LN-08270910-10230,BW-08270910-10230,MORTGAGE,2023-06-02,2027-05-12,251211.29,110049.94,8.67,48,WA,AUTO_PURCHASE,A,5 years,$100k+,CLOSED,0,ApexServicing,2023-08-01,2026-08-27,PENDING,ORIGINATION_API,,
LN-08270910-10231,BW-08270910-10231,STUDENT,2023-04-06,2028-03-10,279645.84,72508.95,8.45,60,NC,DEBT_CONSOLIDATION,E,10+ years,$25k-$50k,LATE_90,109,ApexServicing,2023-06-05,2020-01-01,PENDING,ORIGINATION_API,,
LN-08270910-10232,BW-08270910-10232,PERSONAL,2023-12-22,2025-12-11,242637.01,53170.26,12.79,24,NC,HOME_PURCHASE,E,5 years,$100k+,DEFAULT,140,ApexServicing,2024-02-20,2026-08-27,PENDING,SERVICER_CSV,,
LN-08270910-10233,BW-08270910-10233,MORTGAGE,2023-02-26,2033-01-04,242567.61,72553.61,5.17,120,OH,EDUCATION,D,< 1 year,$100k+,LATE_60,83,DeltaServicing,2023-04-27,2026-08-27,PENDING,SERVICER_CSV,,
LN-08270910-10234,BW-08270910-10234,COMMERCIAL,2023-08-15,2033-06-23,52395.06,13152.7,17.05,120,NY,HOME_PURCHASE,B,2 years,$100k+,DEFAULT,346,ApexServicing,2023-10-14,2026-08-27,PENDING,LOS_ALPHA,,
LN-08270910-10235,BW-08270910-10235,PERSONAL,2023-02-01,2052-08-27,193911.67,18500.5,8.69,360,CA,EDUCATION,F,< 1 year,$50k-$75k,CURRENT,95,BetaServicing,2023-04-02,2026-08-27,PENDING,LOS_ALPHA,,VENDOR-TAG-27
LN-08270910-10236,BW-08270910-10236,COMMERCIAL,2023-05-06,2025-04-25,122086.97,88116.1,13.43,24,FL,HOME_PURCHASE,E,10+ years,<$25k,LATE_90,110,DeltaServicing,2023-07-05,2026-08-27,PENDING,ORIGINATION_API,,
LN-08270910-10237,BW-08270910-10237,AUTO,2023-04-24,2033-03-02,103718.34,70118.65,10.2,120,PA,HOME_PURCHASE,F,1 year,<$25k,DEFAULT,205,GammaServicing,2023-06-23,2026-08-27,PENDING,ORIGINATION_API,,
LN-08270910-10238,BW-08270910-10238,MORTGAGE,2023-06-30,2028-06-03,43076.96,8583.56,5.56,60,PA,BUSINESS_EXPANSION,A,1 year,$75k-$100k,LATE_30,34,ApexServicing,2023-08-29,2026-08-27,PENDING,LOS_ALPHA,,
LN-08270910-10239,BW-08270910-10239,COMMERCIAL,2023-02-13,2032-12-22,207931.34,130065.76,17.29,120,NC,AUTO_PURCHASE,C,10+ years,$100k+,LATE_30,52,GammaServicing,2023-04-14,2026-08-27,PENDING,ORIGINATION_API,,
LN-08270910-10240,BW-08270910-10240,AUTO,2023-05-08,2033-03-16,193897.73,45000.0,14.5,120,NY,BUSINESS_EXPANSION,C,2 years,$75k-$100k,CLOSED,0,ApexServicing,2023-07-07,2026-08-27,PENDING,MANUAL_EXCEL,,
LN-08270910-10241,BW-08270910-10241,AUTO,2023-07-29,2028-07-02,220460.96,94665.88,12.43,60,TX,DEBT_CONSOLIDATION,A,1 year,$75k-$100k,CLOSED,0,BetaServicing,2023-09-27,2026-08-27,PENDING,LOS_ALPHA,,
LN-08270910-10242,BW-08270910-10242,AUTO,2023-04-13,2052-11-06,281866.93,234723.8,8.05,360,WA,BUSINESS_EXPANSION,B,10+ years,$100k+,DEFAULT,208,GammaServicing,2023-06-12,2026-08-27,PENDING,LOS_ALPHA,,VENDOR-TAG-58
LN-08270910-10243,BW-08270910-10243,AUTO,2023-01-29,2025-01-18,163799.57,65400.34,15.6,24,WA,EDUCATION,F,1 year,$100k+,LATE_90,109,DeltaServicing,2023-03-30,2026-08-27,MISSING,SERVICER_CSV,EXT-RISK-760,
LN-08270910-10244,BW-08270910-10244,PERSONAL,2023-01-03,2026-12-13,29683.17,7384.79,8.41,48,TX,HOME_PURCHASE,F,5 years,$50k-$75k,CURRENT,0,DeltaServicing,2023-03-04,2026-08-27,VERIFIED,SERVICER_CSV,,
LN-08270910-10245,BW-08270910-10245,COMMERCIAL,2024-13-45,2028-01-05,20741.11,16684.52,17.19,60,IL,BUSINESS_EXPANSION,F,5 years,$25k-$50k,DEFAULT,233,DeltaServicing,2023-04-01,2026-08-27,PENDING,LOS_ALPHA,,
LN-08270910-10246,BW-08270910-10064,PERSONAL,2023-12-20,2025-02-28,29050.0,119913.24,10.69,24,WA,HOME_PURCHASE,A,5 years,$50k-$75k,CLOSED,0,GammaServicing,2023-05-10,2026-08-27,PENDING,MANUAL_EXCEL,,
LN-08270910-10247,BW-08270910-10247,STUDENT,2023-05-29,2027-05-08,-258869.51,92052.69,15.9,48,OH,BUSINESS_EXPANSION,D,10+ years,$100k+,LATE_60,74,GammaServicing,2023-07-28,2026-08-27,PENDING,ORIGINATION_API,,
,BW-08270910-10248,AUTO,2023-05-15,2027-04-24,14284.38,9512.03,14.59,48,TX,EDUCATION,B,< 1 year,<$25k,CURRENT,0,BetaServicing,2023-07-14,2026-08-27,VERIFIED,SERVICER_CSV,,
LN-08270910-10249,BW-08270910-10249,PERSONAL,2023-01-23,2027-01-02,70711.11,13236.2,7.22,48,IL,DEBT_CONSOLIDATION,A,< 1 year,$100k+,LATE_60,69,BetaServicing,2023-03-24,2026-08-27,PENDING,MANUAL_EXCEL,,
,BW-08270910-10250,MORTGAGE,2023-09-07,2033-07-16,116459.76,74888.15,6.92,120,OH,HOME_PURCHASE,E,1 year,$75k-$100k,CURRENT,0,GammaServicing,2023-11-06,2026-08-27,VERIFIED,LOS_ALPHA,,
LN-08270910-10251,BW-08270910-10251,COMMERCIAL,2023-10-17,2028-09-20,134598.83,82808.54,16.01,60,OH,AUTO_PURCHASE,B,1 year,$25k-$50k,DEFAULT,260,ApexServicing,2023-12-16,2026-08-27,PENDING,SERVICER_CSV,,VENDOR-TAG-61
LN-08270910-10252,BW-08270910-10252,MORTGAGE,15/01/2023,2027-07-11,68361.39,32415.92,14.56,48,NC,DEBT_CONSOLIDATION,A,1 year,$100k+,DEFAULT,292,BetaServicing,2023-09-30,2026-08-27,PENDING,LOS_ALPHA,,
LN-08270910-10253,BW-08270910-10253,MORTGAGE,2023-10-11,2028-09-14,30747.11,12528.13,9.17,60,GA,HOME_PURCHASE,C,10+ years,$100k+,CURRENT,0,GammaServicing,2023-12-10,2026-08-27,VERIFIED,ORIGINATION_API,,
LN-08270910-10254,BW-08270910-10254,COMMERCIAL,2023-04-29,2025-04-18,298273.57,158575.63,-5.0,24,PA,EDUCATION,B,5 years,$75k-$100k,CLOSED,0,GammaServicing,2023-06-28,2026-08-27,PENDING,ORIGINATION_API,EXT-RISK-884,
LN-08270910-10255,BW-REPEAT-3,PERSONAL,2023-10-11,2053-05-06,169019.16,29048.34,13.15,360,WA,DEBT_CONSOLIDATION,A,5 years,$75k-$100k,DEFAULT,326,DeltaServicing,2023-12-10,2026-08-27,PENDING,SERVICER_CSV,,
LN-08270910-10256,BW-08270910-10256,STUDENT,2023-12-20,2053-07-15,67955.23,48550.26,17.96,360,WA,EDUCATION,C,1 year,$50k-$75k,LATE_90,113,DeltaServicing,2024-02-18,2026-08-27,PENDING,MANUAL_EXCEL,,VENDOR-TAG-74
LN-08270910-10257,BW-08270910-10257,STUDENT,2023-03-12,2028-02-14,215480.18,108059.21,12.39,60,FL,EDUCATION,E,1 year,$50k-$75k,LATE_30,53,GammaServicing,2023-05-11,2026-08-27,PENDING,LOS_ALPHA,,
LN-08270910-10258,BW-08270910-10258,STUDENT,2023-09-16,2053-04-11,201928.28,146144.81,6.71,360,TX,BUSINESS_EXPANSION,E,2 years,$50k-$75k,CURRENT,0,ApexServicing,2023-11-15,2026-08-27,VERIFIED,SERVICER_CSV,,
LN-08270910-10259,BW-08270910-10259,COMMERCIAL,2023-09-30,2033-08-08,74234.57,24761.48,7.27,120,IL,AUTO_PURCHASE,C,2 years,<$25k,LATE_90,113,ApexServicing,2023-11-29,2026-08-27,PENDING,ORIGINATION_API,,VENDOR-TAG-11
LN-08270910-10260,BW-08270910-10260,PERSONAL,2023-06-29,2053-01-22,119155.05,45000.0,5.23,360,OH,HOME_PURCHASE,A,< 1 year,<$25k,CLOSED,54,BetaServicing,2023-08-28,2026-08-27,PENDING,LOS_ALPHA,,
LN-08270910-10261,BW-08270910-10261,STUDENT,2023-02-16,2052-09-11,201218.64,133581.79,7.81,360,NC,BUSINESS_EXPANSION,D,2 years,$100k+,LATE_60,78,ApexServicing,2023-04-17,2026-08-27,PENDING,MANUAL_EXCEL,,
LN-08270910-10262,BW-08270910-10262,STUDENT,2023-07-19,2033-05-27,-177282.3,69141.13,9.64,120,WA,HOME_PURCHASE,D,10+ years,$25k-$50k,LATE_90,93,ApexServicing,2023-09-17,2026-08-27,PENDING,MANUAL_EXCEL,,VENDOR-TAG-95
LN-08270910-10263,BW-08270910-10263,AUTO,2023-04-02,2033-02-08,273735.69,188703.94,7.45,120,NC,BUSINESS_EXPANSION,E,< 1 year,<$25k,CLOSED,0,BetaServicing,2023-06-01,2026-08-27,PENDING,MANUAL_EXCEL,EXT-RISK-211,
LN-08270910-10264,BW-08270910-10264,AUTO,2023-10-10,2025-09-29,256351.51,84640.02,9.6,24,TX,AUTO_PURCHASE,D,2 years,$50k-$75k,LATE_60,82,GammaServicing,2023-12-09,2026-08-27,PENDING,ORIGINATION_API,,
LN-08270910-10265,BW-08270910-10265,AUTO,2023-10-29,2026-10-13,118144.49,96096.32,9.64,36,XX1,BUSINESS_EXPANSION,C,10+ years,$50k-$75k,LATE_30,37,BetaServicing,2023-12-28,2026-08-27,PENDING,SERVICER_CSV,EXT-RISK-207,VENDOR-TAG-83
LN-08270910-10266,BW-08270910-10266,STUDENT,2023-06-24,2033-05-02,100337.4,52468.46,7.41,120,IL,EDUCATION,B,2 years,<$25k,LATE_30,35,BetaServicing,2023-08-23,2026-08-27,PENDING,MANUAL_EXCEL,,
LN-08270910-10267,BW-08270910-10267,PERSONAL,2023-10-08,2025-09-27,140174.84,101711.44,10.12,24,PA,BUSINESS_EXPANSION,E,10+ years,$75k-$100k,CURRENT,0,BetaServicing,2023-12-07,2026-08-27,VERIFIED,MANUAL_EXCEL,,VENDOR-TAG-69
LN-08270910-10268,BW-08270910-10268,PERSONAL,2023-01-14,2032-11-22,219812.11,142230.76,10.59,120,IL,EDUCATION,D,5 years,$75k-$100k,LATE_90,96,DeltaServicing,2023-03-15,2026-08-27,PENDING,SERVICER_CSV,,
LN-08270910-10269,BW-08270910-10269,AUTO,2023-12-16,2026-11-30,65503.14,44512.09,16.26,36,CA,DEBT_CONSOLIDATION,A,5 years,$25k-$50k,LATE_90,102,DeltaServicing,2024-02-14,2026-08-27,PENDING,SERVICER_CSV,,
LN-08270910-10270,BW-08270910-10270,COMMERCIAL,2023-02-23,2052-09-18,27880.98,19349.36,14.51,360,GA,EDUCATION,F,1 year,$25k-$50k,LATE_30,47,BetaServicing,2023-04-24,2026-08-27,PENDING,ORIGINATION_API,,
LN-08270910-10271,BW-08270910-10271,PERSONAL,2023-09-26,2053-04-21,160770.5,25425.67,4.95,360,WA,AUTO_PURCHASE,C,5 years,$25k-$50k,CLOSED,0,ApexServicing,2023-11-25,2026-08-27,PENDING,MANUAL_EXCEL,,
LN-08270910-10272,BW-08270910-10272,MORTGAGE,2023-09-06,2027-08-16,256501.62,165922.58,13.99,48,NC,EDUCATION,F,2 years,$75k-$100k,LATE_30,33,DeltaServicing,2023-11-05,2026-08-27,PENDING,MANUAL_EXCEL,,VENDOR-TAG-84
LN-08270910-10273,BW-08270910-10273,MORTGAGE,2023-12-25,2028-11-28,161249.95,62928.29,12.97,60,FL,HOME_PURCHASE,B,5 years,$75k-$100k,CLOSED,0,BetaServicing,2024-02-23,2026-08-27,PENDING,ORIGINATION_API,,
LN-08270910-10274,BW-08270910-10274,AUTO,2023-11-18,2033-09-26,265428.74,104181.55,12.12,120,WA,HOME_PURCHASE,B,< 1 year,<$25k,CLOSED,0,GammaServicing,2024-01-17,2026-08-27,PENDING,SERVICER_CSV,,
LN-08270910-10275,BW-08270910-10275,COMMERCIAL,2023-08-20,2028-07-24,162855.56,28357.75,12.29,60,OH,AUTO_PURCHASE,B,10+ years,$25k-$50k,CLOSED,0,BetaServicing,2023-10-19,2026-08-27,PENDING,ORIGINATION_API,,
LN-08270910-10276,BW-08270910-10276,AUTO,2023-02-06,2052-09-01,83994.02,44308.7,11.16,360,CA,HOME_PURCHASE,F,1 year,$75k-$100k,CURRENT,0,DeltaServicing,2023-04-07,2020-01-01,VERIFIED,SERVICER_CSV,,VENDOR-TAG-86
LN-08270910-10277,BW-08270910-10277,MORTGAGE,2023-09-04,2028-08-08,194386.93,61558.47,9.02,60,OH,AUTO_PURCHASE,F,2 years,<$25k,LATE_60,87,DeltaServicing,2023-11-03,2026-08-27,PENDING,LOS_ALPHA,,
LN-08270910-10278,BW-08270910-10278,AUTO,2023-03-25,2027-03-04,56485.48,37210.89,13.17,48,NY,DEBT_CONSOLIDATION,A,1 year,$75k-$100k,CURRENT,45,BetaServicing,2023-05-24,2026-08-27,PENDING,ORIGINATION_API,,
LN-08270910-10279,BW-08270910-10279,MORTGAGE,2023-07-25,2028-06-28,53104.21,13337.63,5.04,60,OH,HOME_PURCHASE,F,10+ years,<$25k,LATE_60,69,BetaServicing,2023-09-23,2026-08-27,PENDING,LOS_ALPHA,,VENDOR-TAG-38
LN-08270910-10280,BW-08270910-10280,AUTO,2023-12-12,2028-11-15,282018.76,231850.92,7.56,60,NY,BUSINESS_EXPANSION,A,< 1 year,$50k-$75k,CURRENT,0,GammaServicing,2024-02-10,2026-08-27,VERIFIED,LOS_ALPHA,EXT-RISK-568,
LN-08270910-10281,BW-08270910-10281,COMMERCIAL,2023-02-07,2052-09-02,121046.39,85174.85,17.23,360,WA,HOME_PURCHASE,D,1 year,$100k+,LATE_60,63,GammaServicing,2023-04-08,2026-08-27,PENDING,SERVICER_CSV,EXT-RISK-262,
LN-08270910-10282,BW-08270910-10282,MORTGAGE,2023-01-23,2027-01-02,160463.98,53905.21,15.91,48,FL,DEBT_CONSOLIDATION,A,10+ years,$25k-$50k,LATE_30,48,DeltaServicing,2023-03-24,2026-08-27,PENDING,MANUAL_EXCEL,,
LN-08270910-10283,BW-08270910-10283,AUTO,2023-01-31,2027-01-10,259456.89,184379.42,15.97,48,TX,BUSINESS_EXPANSION,A,2 years,$75k-$100k,CURRENT,0,GammaServicing,2023-04-01,2026-08-27,VERIFIED,LOS_ALPHA,EXT-RISK-289,
LN-08270910-10284,BW-08270910-10284,AUTO,2023-12-04,2028-11-07,165014.75,89588.47,4.51,60,WA,EDUCATION,D,5 years,$75k-$100k,LATE_90,101,DeltaServicing,2024-02-02,2026-08-27,PENDING,ORIGINATION_API,,
LN-08270910-10285,BW-08270910-10285,STUDENT,2023-02-08,2025-01-28,224519.46,132694.31,18.44,24,IL,BUSINESS_EXPANSION,A,< 1 year,$25k-$50k,CLOSED,0,DeltaServicing,2023-04-09,2026-08-27,PENDING,SERVICER_CSV,EXT-RISK-923,
LN-08270910-10286,BW-REPEAT-3,PERSONAL,2023-11-23,2027-11-02,27786.1,4357.72,5.96,48,TX,HOME_PURCHASE,F,2 years,$100k+,LATE_60,72,BetaServicing,2024-01-22,2026-08-27,PENDING,SERVICER_CSV,,
,BW-08270910-10287,STUDENT,2023-11-08,2025-10-28,36859.85,15580.51,11.06,24,WA,AUTO_PURCHASE,E,2 years,$50k-$75k,LATE_90,104,GammaServicing,2024-01-07,2026-08-27,PENDING,MANUAL_EXCEL,,
LN-08270910-10288,BW-08270910-10288,AUTO,15/01/2023,2053-04-18,149141.88,67364.35,15.95,360,TX,BUSINESS_EXPANSION,F,2 years,$100k+,LATE_30,53,ApexServicing,2023-11-22,2026-08-27,PENDING,ORIGINATION_API,,
LN-08270910-10289,BW-08270910-10289,STUDENT,2023-04-01,2033-02-07,87312.5,73709.25,11.54,120,TX,HOME_PURCHASE,A,10+ years,$100k+,LATE_90,104,ApexServicing,2023-05-31,2026-08-27,PENDING,SERVICER_CSV,,VENDOR-TAG-71
LN-08270910-10290,BW-08270910-10290,MORTGAGE,2023-12-22,2025-12-11,90098.06,65227.54,6.72,24,CA,DEBT_CONSOLIDATION,F,1 year,$25k-$50k,LATE_60,71,BetaServicing,2024-02-20,2026-08-27,PENDING,LOS_ALPHA,,VENDOR-TAG-53
LN-08270910-10291,BW-08270910-10291,COMMERCIAL,2023-11-27,2033-10-05,253861.39,43817.5,12.5,120,IL,EDUCATION,E,1 year,$50k-$75k,CURRENT,0,ApexServicing,2024-01-26,2026-08-27,VERIFIED,MANUAL_EXCEL,,
LN-08270910-10292,BW-08270910-10292,MORTGAGE,2023-04-07,2025-03-27,67284.57,44146.93,17.29,24,IL,BUSINESS_EXPANSION,A,10+ years,$25k-$50k,LATE_90,110,DeltaServicing,2023-06-06,2026-08-27,PENDING,ORIGINATION_API,,
LN-08270910-10293,BW-08270910-10293,PERSONAL,2023-05-11,2033-03-19,32088.2,7569.63,9.67,120,FL,EDUCATION,F,1 year,$100k+,CURRENT,0,GammaServicing,2023-07-10,2020-01-01,VERIFIED,SERVICER_CSV,,
LN-08270910-10294,BW-08270910-10294,MORTGAGE,2023-01-21,2025-01-10,282853.5,113897.68,18.11,24,NY,DEBT_CONSOLIDATION,E,< 1 year,$75k-$100k,CURRENT,0,BetaServicing,2023-03-22,2026-08-27,VERIFIED,SERVICER_CSV,,
LN-08270910-10295,BW-08270910-10142,COMMERCIAL,2023-02-01,2025-07-20,66556.95,67769.22,5.35,24,WA,BUSINESS_EXPANSION,A,< 1 year,$100k+,LATE_90,110,GammaServicing,2023-09-29,2026-08-27,PENDING,LOS_ALPHA,,
LN-08270910-10296,BW-08270910-10296,AUTO,INVALID_DATE,2027-10-01,89831.86,20333.41,17.28,48,CA,HOME_PURCHASE,E,10+ years,$50k-$75k,LATE_30,50,ApexServicing,2023-12-21,2026-08-27,PENDING,ORIGINATION_API,,
LN-08270910-10297,BW-08270910-10297,MORTGAGE,2023-10-09,2027-09-18,124951.26,29379.21,5.78,48,TX,BUSINESS_EXPANSION,E,10+ years,<$25k,LATE_90,117,BetaServicing,2023-12-08,2026-08-27,PENDING,ORIGINATION_API,,
LN-08270910-10298,BW-08270910-10298,COMMERCIAL,2023-07-24,2025-07-13,79349.82,28203.85,18.04,24,FL,DEBT_CONSOLIDATION,C,10+ years,$25k-$50k,LATE_90,92,ApexServicing,2023-09-22,2026-08-27,PENDING,LOS_ALPHA,EXT-RISK-214,VENDOR-TAG-42
LN-08270910-10299,BW-08270910-10299,MORTGAGE,2023-02-04,2052-08-30,235673.0,135334.53,12.65,360,NC,EDUCATION,C,2 years,<$25k,LATE_90,104,BetaServicing,2023-04-05,2026-08-27,PENDING,ORIGINATION_API,EXT-RISK-344,
LN-08270910-10300,BW-08270910-10009,MORTGAGE,2023-05-22,2026-09-16,242731.63,39454.03,14.86,36,WA,EDUCATION,F,< 1 year,$100k+,LATE_60,80,GammaServicing,2023-12-01,2026-08-27,PENDING,LOS_ALPHA,EXT-RISK-485,
LN-08270910-10301,BW-08270910-10301,STUDENT,2023-06-20,2026-06-04,269660.32,218470.67,18.23,36,NY,BUSINESS_EXPANSION,A,10+ years,<$25k,CURRENT,90,BetaServicing,2023-08-19,2026-08-27,PENDING,LOS_ALPHA,EXT-RISK-332,VENDOR-TAG-91
LN-08270910-10302,BW-08270910-10302,MORTGAGE,2023-12-02,2025-11-21,257885.77,194283.27,17.38,24,WA,DEBT_CONSOLIDATION,E,< 1 year,<$25k,CLOSED,0,DeltaServicing,2024-01-31,2026-08-27,PENDING,ORIGINATION_API,,
LN-08270910-10303,BW-08270910-10303,STUDENT,2023-03-17,2025-03-06,63063.04,35144.78,14.43,24,GA,DEBT_CONSOLIDATION,C,2 years,$100k+,CURRENT,0,GammaServicing,2023-05-16,2026-08-27,VERIFIED,SERVICER_CSV,,
LN-08270910-10304,BW-08270910-10304,STUDENT,2023-10-03,2033-08-11,14710.43,2847.8,17.45,120,PA,HOME_PURCHASE,B,< 1 year,<$25k,CLOSED,0,ApexServicing,2023-12-02,2026-08-27,PENDING,LOS_ALPHA,,VENDOR-TAG-56
LN-08270910-10305,BW-08270910-10098,PERSONAL,2023-10-04,2033-06-20,107984.51,12539.11,11.87,120,NY,EDUCATION,F,1 year,$50k-$75k,CLOSED,0,ApexServicing,2023-10-11,2026-08-27,PENDING,ORIGINATION_API,,
,BW-08270910-10306,MORTGAGE,2023-11-26,2026-11-10,12034.21,8411.05,15.09,36,PA,HOME_PURCHASE,F,10+ years,$100k+,DEFAULT,164,BetaServicing,2024-01-25,2026-08-27,PENDING,SERVICER_CSV,,
LN-08270910-10307,BW-08270910-10307,COMMERCIAL,2023-07-21,2033-05-29,286398.36,240295.24,16.57,120,IL,HOME_PURCHASE,B,1 year,<$25k,LATE_60,60,DeltaServicing,2023-09-19,2026-08-27,PENDING,MANUAL_EXCEL,,
LN-08270910-10308,BW-08270910-10308,PERSONAL,2023-12-06,2033-10-14,69527.72,11845.03,120.0,120,CA,BUSINESS_EXPANSION,C,1 year,<$25k,LATE_60,77,BetaServicing,2024-02-04,2026-08-27,PENDING,LOS_ALPHA,EXT-RISK-118,
LN-08270910-10309,BW-08270910-10309,AUTO,2023-03-23,2033-01-29,68867.1,11657.0,11.88,120,GA,EDUCATION,D,10+ years,$75k-$100k,LATE_60,66,DeltaServicing,2023-05-22,2026-08-27,PENDING,LOS_ALPHA,,
LN-08270910-10310,BW-08270910-10310,COMMERCIAL,2023-02-03,2026-01-18,21237.37,5404.71,16.42,36,IL,BUSINESS_EXPANSION,A,10+ years,$50k-$75k,LATE_90,99,GammaServicing,2023-04-04,2026-08-27,PENDING,ORIGINATION_API,,
LN-08270910-10311,BW-08270910-10311,STUDENT,2023-02-20,2052-09-15,116149.71,21899.18,6.16,360,WA,AUTO_PURCHASE,D,2 years,$50k-$75k,LATE_90,30,DeltaServicing,2023-04-21,2026-08-27,PENDING,ORIGINATION_API,,
LN-08270910-10312,BW-08270910-10312,AUTO,2023-05-26,2052-12-19,218650.53,166438.4,9.76,360,GA,AUTO_PURCHASE,E,5 years,<$25k,LATE_30,43,GammaServicing,2023-07-25,2026-08-27,PENDING,ORIGINATION_API,,
LN-08270910-10313,BW-08270910-10313,COMMERCIAL,2023-01-27,2027-01-06,159925.89,18500.5,11.41,48,PA,BUSINESS_EXPANSION,F,5 years,$25k-$50k,CURRENT,46,BetaServicing,2023-03-28,2026-08-27,PENDING,LOS_ALPHA,,
LN-08270910-10314,BW-08270910-10314,AUTO,2023-02-18,2027-01-28,291376.5,65775.94,5.4,48,TX,HOME_PURCHASE,A,< 1 year,$25k-$50k,LATE_60,80,BetaServicing,2023-04-19,2026-08-27,PENDING,SERVICER_CSV,,
LN-08270910-10315,BW-08270910-10315,PERSONAL,2023-08-19,2053-03-14,88266.56,14136.6,8.11,360,XX,EDUCATION,C,< 1 year,$25k-$50k,CURRENT,0,GammaServicing,2023-10-18,2026-08-27,VERIFIED,LOS_ALPHA,EXT-RISK-154,
LN-08270910-10316,BW-08270910-10316,STUDENT,2023-12-04,2026-11-18,243793.7,139393.94,10.96,36,NC,EDUCATION,D,1 year,$50k-$75k,LATE_60,70,ApexServicing,2024-02-02,2026-08-27,PENDING,ORIGINATION_API,,
LN-08270910-10317,BW-08270910-10317,MORTGAGE,2023-02-19,2052-09-14,132811.9,39251.93,17.15,360,IL,BUSINESS_EXPANSION,A,10+ years,$75k-$100k,LATE_30,48,DeltaServicing,2023-04-20,2026-08-27,PENDING,SERVICER_CSV,,
LN-08270910-10318,BW-08270910-10318,AUTO,2023-05-06,2033-03-14,289266.09,150221.08,11.71,120,OH,EDUCATION,B,2 years,<$25k,DEFAULT,124,DeltaServicing,2023-07-05,2026-08-27,PENDING,LOS_ALPHA,,VENDOR-TAG-85
LN-08270910-10319,BW-08270910-10319,PERSONAL,2023-09-07,2026-08-22,44861.08,31858.25,12.76,36,GA,EDUCATION,F,< 1 year,$100k+,LATE_60,89,BetaServicing,2023-11-06,2026-08-27,PENDING,LOS_ALPHA,,
LN-08270910-10320,BW-08270910-10320,STUDENT,2023-03-05,2027-02-12,154152.01,37478.03,7.43,48,NY,HOME_PURCHASE,B,5 years,$75k-$100k,CLOSED,0,ApexServicing,2023-05-04,2026-08-27,PENDING,ORIGINATION_API,,
LN-08270910-10321,BW-08270910-10321,COMMERCIAL,2023-04-22,2033-02-28,97155.12,53631.68,9.16,120,GA,DEBT_CONSOLIDATION,A,1 year,$75k-$100k,CLOSED,0,DeltaServicing,2023-06-21,2026-08-27,PENDING,SERVICER_CSV,,
LN-08270910-10322,BW-08270910-10322,PERSONAL,2023-06-28,2027-06-07,221150.63,71223.0,5.13,48,WA,EDUCATION,A,1 year,$100k+,CURRENT,0,DeltaServicing,2023-08-27,2026-08-27,VERIFIED,ORIGINATION_API,,
LN-08270910-10323,BW-08270910-10323,PERSONAL,2023-05-28,2028-05-01,152604.39,74187.07,14.34,60,OH,EDUCATION,E,1 year,<$25k,LATE_90,108,DeltaServicing,2023-07-27,2026-08-27,PENDING,LOS_ALPHA,EXT-RISK-359,
LN-08270910-10324,BW-08270910-10324,COMMERCIAL,2023-11-26,2053-06-21,204464.96,45000.0,10.63,360,CA,BUSINESS_EXPANSION,B,2 years,$100k+,CLOSED,87,DeltaServicing,2024-01-25,2026-08-27,PENDING,MANUAL_EXCEL,,VENDOR-TAG-44
LN-08270910-10325,BW-08270910-10325,PERSONAL,2023-04-17,2025-04-06,145229.38,30394.11,17.12,24,TX,DEBT_CONSOLIDATION,E,1 year,$100k+,LATE_90,113,GammaServicing,2023-06-16,2026-08-27,PENDING,MANUAL_EXCEL,EXT-RISK-669,
LN-08270910-10326,BW-08270910-10326,COMMERCIAL,2023-01-27,2027-01-06,213146.28,55379.1,6.46,48,CA,BUSINESS_EXPANSION,A,2 years,$100k+,LATE_60,69,DeltaServicing,2023-03-28,2026-08-27,PENDING,LOS_ALPHA,,
LN-08270910-10327,BW-08270910-10327,MORTGAGE,2023-06-01,2025-05-21,289275.89,206832.69,7.04,24,OH,DEBT_CONSOLIDATION,D,10+ years,$75k-$100k,LATE_30,46,ApexServicing,2023-07-31,2026-08-27,PENDING,LOS_ALPHA,,
LN-08270910-10328,BW-08270910-10328,AUTO,2023-05-27,2028-04-30,198107.65,115637.98,5.76,60,GA,DEBT_CONSOLIDATION,C,< 1 year,$50k-$75k,CURRENT,0,ApexServicing,2023-07-26,2026-08-27,VERIFIED,SERVICER_CSV,EXT-RISK-278,
LN-08270910-10329,BW-08270910-10329,MORTGAGE,2023-12-19,2033-10-27,152283.47,95690.97,11.98,120,GA,BUSINESS_EXPANSION,E,1 year,$75k-$100k,LATE_60,0,ApexServicing,2024-02-17,2026-08-27,PENDING,MANUAL_EXCEL,EXT-RISK-629,
LN-08270910-10330,BW-08270910-10330,AUTO,2023-05-28,2026-05-12,97955.46,81110.37,10.12,36,CA,EDUCATION,B,5 years,<$25k,DEFAULT,197,DeltaServicing,2023-07-27,2026-08-27,PENDING,MANUAL_EXCEL,,
LN-08270910-10331,BW-08270910-10331,AUTO,2023-12-02,2025-11-21,278936.21,45261.12,17.41,24,NY,AUTO_PURCHASE,E,5 years,$50k-$75k,LATE_30,39,ApexServicing,2024-01-31,2026-08-27,MISSING,SERVICER_CSV,,
LN-08270910-10332,BW-08270910-10332,AUTO,2023-01-08,2032-11-16,83832.84,25779.72,7.85,120,GA,AUTO_PURCHASE,A,< 1 year,<$25k,LATE_30,34,GammaServicing,2023-03-09,2026-08-27,PENDING,ORIGINATION_API,EXT-RISK-504,VENDOR-TAG-53
LN-08270910-10333,BW-08270910-10333,MORTGAGE,2023-05-23,2026-05-07,153347.61,103053.95,5.82,36,IL,AUTO_PURCHASE,F,5 years,<$25k,CURRENT,0,GammaServicing,2023-07-22,2026-08-27,VERIFIED,LOS_ALPHA,,
LN-08270910-10334,BW-08270910-10334,COMMERCIAL,2023-08-20,2033-06-28,294673.01,139145.54,16.49,120,FL,AUTO_PURCHASE,B,1 year,$100k+,CURRENT,0,BetaServicing,2023-10-19,2026-08-27,VERIFIED,SERVICER_CSV,,
LN-08270910-10335,BW-08270910-10335,PERSONAL,2023-03-04,2052-09-27,141235.22,114632.72,14.92,360,CA,HOME_PURCHASE,A,< 1 year,$25k-$50k,DEFAULT,269,BetaServicing,2023-05-03,2026-08-27,PENDING,SERVICER_CSV,,
LN-08270910-10336,BW-08270910-10336,COMMERCIAL,2023-01-10,2024-12-30,272546.92,224249.23,6.41,24,FL,BUSINESS_EXPANSION,E,1 year,$75k-$100k,DEFAULT,190,BetaServicing,2023-03-11,2026-08-27,PENDING,SERVICER_CSV,EXT-RISK-327,VENDOR-TAG-34
LN-08270910-10337,BW-08270910-10337,COMMERCIAL,2023-09-03,2028-08-07,117939.64,34494.71,7.27,60,OH,HOME_PURCHASE,E,< 1 year,$50k-$75k,CURRENT,0,GammaServicing,2023-11-02,2026-08-27,VERIFIED,MANUAL_EXCEL,EXT-RISK-666,
LN-08270910-10338,BW-08270910-10338,STUDENT,2023-12-21,2053-07-16,61233.31,43711.68,15.03,360,CA,DEBT_CONSOLIDATION,F,2 years,$100k+,LATE_90,115,BetaServicing,2024-02-19,2026-08-27,PENDING,LOS_ALPHA,,
LN-08270910-10339,BW-08270910-10339,STUDENT,2023-01-25,2032-12-03,76117.91,46923.52,14.14,120,NY,DEBT_CONSOLIDATION,A,10+ years,$25k-$50k,CLOSED,0,ApexServicing,2023-03-26,2026-08-27,PENDING,SERVICER_CSV,EXT-RISK-724,
LN-08270910-10340,BW-08270910-10340,COMMERCIAL,2023-05-21,2028-04-24,268501.47,113593.31,16.46,60,NC,EDUCATION,E,1 year,$100k+,DEFAULT,129,BetaServicing,2023-07-20,2026-08-27,PENDING,SERVICER_CSV,EXT-RISK-900,VENDOR-TAG-63
LN-08270910-10341,BW-08270910-10341,STUDENT,2023-10-04,2027-09-13,221358.64,49645.66,11.46,48,IL,BUSINESS_EXPANSION,E,< 1 year,$25k-$50k,LATE_90,105,GammaServicing,2023-12-03,2026-08-27,PENDING,LOS_ALPHA,,
LN-08270910-10342,BW-08270910-10342,STUDENT,2023-10-03,2026-09-17,147057.26,101039.18,14.8,36,TX,AUTO_PURCHASE,E,2 years,$25k-$50k,LATE_60,65,GammaServicing,2023-12-02,2026-08-27,PENDING,ORIGINATION_API,,
LN-08270910-10343,BW-08270910-10343,MORTGAGE,2023-05-10,2052-12-03,264241.66,64582.58,15.04,360,IL,HOME_PURCHASE,A,< 1 year,<$25k,LATE_60,84,ApexServicing,2023-07-09,2026-08-27,PENDING,ORIGINATION_API,EXT-RISK-437,
LN-08270910-10344,BW-08270910-10344,AUTO,2023-06-21,2026-06-05,143452.84,71248.31,10.96,36,NY,HOME_PURCHASE,C,< 1 year,$25k-$50k,LATE_30,52,BetaServicing,2023-08-20,2026-08-27,PENDING,ORIGINATION_API,,
LN-08270910-10345,BW-08270910-10345,AUTO,2023-11-11,2053-06-06,250872.68,72973.49,9.1,360,PA,EDUCATION,C,1 year,$25k-$50k,CURRENT,0,ApexServicing,2024-01-10,2026-08-27,VERIFIED,ORIGINATION_API,EXT-RISK-321,
LN-08270910-10346,BW-08270910-10346,AUTO,2023-06-27,2025-06-16,37212.5,10098.11,12.32,24,OH,DEBT_CONSOLIDATION,C,< 1 year,$100k+,CURRENT,0,DeltaServicing,2023-08-26,2026-08-27,VERIFIED,SERVICER_CSV,,
LN-08270910-10347,BW-08270910-10347,STUDENT,2023-04-26,2033-03-04,70932.21,18500.5,17.45,120,PA,EDUCATION,C,2 years,$25k-$50k,CURRENT,0,GammaServicing,2023-06-25,2026-08-27,VERIFIED,SERVICER_CSV,,
LN-08270910-10348,BW-08270910-10348,PERSONAL,2023-12-01,2033-10-09,237517.03,157690.11,4.54,120,PA,AUTO_PURCHASE,A,2 years,$75k-$100k,LATE_30,54,GammaServicing,2024-01-30,2026-08-27,PENDING,SERVICER_CSV,EXT-RISK-546,
LN-08270910-10349,BW-08270910-10349,PERSONAL,2023-02-08,2032-12-17,39722.08,6555.62,120.0,120,CA,EDUCATION,E,1 year,$50k-$75k,DEFAULT,146,BetaServicing,2023-04-09,2026-08-27,PENDING,SERVICER_CSV,,VENDOR-TAG-95
LN-08270910-10350,BW-08270910-10350,AUTO,2023-06-08,2027-05-18,235517.31,74584.5,5.48,48,NY,DEBT_CONSOLIDATION,A,5 years,$100k+,CLOSED,0,GammaServicing,2023-08-07,2026-08-27,PENDING,MANUAL_EXCEL,,VENDOR-TAG-59
LN-08270910-10351,BW-08270910-10351,MORTGAGE,2023-07-30,2033-06-07,82098.12,63503.73,13.63,120,OH,DEBT_CONSOLIDATION,E,5 years,$50k-$75k,LATE_60,75,GammaServicing,2023-09-28,2026-08-27,PENDING,ORIGINATION_API,,
LN-08270910-10352,BW-08270910-10352,MORTGAGE,2023-04-18,2027-03-28,239999.59,199476.85,14.86,48,OH,DEBT_CONSOLIDATION,D,5 years,$100k+,CURRENT,0,DeltaServicing,2023-06-17,2026-08-27,VERIFIED,LOS_ALPHA,,
LN-08270910-10353,BW-08270910-10353,AUTO,2023-11-28,2026-11-12,217116.4,132715.12,7.71,36,WA,AUTO_PURCHASE,A,2 years,$25k-$50k,CLOSED,0,DeltaServicing,2024-01-27,2026-08-27,PENDING,MANUAL_EXCEL,EXT-RISK-653,
LN-08270910-10354,BW-08270910-10354,COMMERCIAL,2023-05-19,2033-03-27,146671.36,45000.0,10.69,120,FL,EDUCATION,D,10+ years,$75k-$100k,CLOSED,69,BetaServicing,2023-07-18,2026-08-27,PENDING,MANUAL_EXCEL,EXT-RISK-939,
LN-08270910-10355,BW-08270910-10355,AUTO,2023-08-21,2028-07-25,97216.25,74134.41,14.87,60,WA,HOME_PURCHASE,A,10+ years,$25k-$50k,LATE_30,56,ApexServicing,2023-10-20,2026-08-27,PENDING,ORIGINATION_API,,
LN-08270910-10356,BW-08270910-10356,MORTGAGE,2023-02-21,2032-12-30,169222.1,65243.24,9.07,120,NY,AUTO_PURCHASE,D,1 year,$25k-$50k,CLOSED,0,ApexServicing,2023-04-22,2026-08-27,PENDING,ORIGINATION_API,,
LN-08270910-10357,BW-08270910-10357,PERSONAL,2023-06-27,2033-05-05,219854.05,39833.74,14.59,120,PA,EDUCATION,D,2 years,$25k-$50k,LATE_60,84,BetaServicing,2023-08-26,2026-08-27,PENDING,MANUAL_EXCEL,,VENDOR-TAG-69
LN-08270910-10358,BW-08270910-10358,AUTO,2023-11-01,2028-10-05,154958.85,101387.77,6.89,60,IL,HOME_PURCHASE,D,10+ years,$25k-$50k,CURRENT,0,DeltaServicing,2023-12-31,2026-08-27,VERIFIED,MANUAL_EXCEL,,VENDOR-TAG-51
LN-08270910-10359,BW-08270910-10359,MORTGAGE,2023-02-24,2028-01-29,218291.11,109297.28,9.12,60,FL,HOME_PURCHASE,E,1 year,$25k-$50k,DEFAULT,323,DeltaServicing,2023-04-25,2026-08-27,PENDING,MANUAL_EXCEL,,VENDOR-TAG-74
,BW-08270910-10360,STUDENT,2023-10-23,2028-09-26,20719.29,13071.59,6.51,60,OH,EDUCATION,B,1 year,$25k-$50k,LATE_90,119,GammaServicing,2023-12-22,2026-08-27,PENDING,ORIGINATION_API,,VENDOR-TAG-77
LN-08270910-10361,BW-08270910-10361,AUTO,2023-01-02,2024-12-22,234551.14,82846.69,16.62,24,WA,AUTO_PURCHASE,C,5 years,$75k-$100k,CURRENT,0,BetaServicing,2023-03-03,2026-08-27,VERIFIED,MANUAL_EXCEL,EXT-RISK-130,
LN-08270910-10362,BW-08270910-10362,AUTO,2023-09-04,2026-08-19,258972.62,101227.26,9.44,36,OH,BUSINESS_EXPANSION,B,10+ years,$25k-$50k,CLOSED,0,ApexServicing,2023-11-03,2026-08-27,PENDING,ORIGINATION_API,EXT-RISK-155,
LN-08270910-10363,BW-08270910-10363,MORTGAGE,2023-04-05,2026-03-20,24258.06,13519.98,15.02,36,NC,HOME_PURCHASE,A,2 years,$25k-$50k,DEFAULT,133,DeltaServicing,2023-06-04,2026-08-27,PENDING,LOS_ALPHA,,VENDOR-TAG-18
LN-08270910-10364,BW-08270910-10364,STUDENT,2023-01-21,2032-11-29,28460.28,4388.36,8.34,120,IL,DEBT_CONSOLIDATION,C,2 years,$25k-$50k,CURRENT,0,BetaServicing,2023-03-22,2026-08-27,VERIFIED,LOS_ALPHA,,
LN-08270910-10365,BW-08270910-10365,PERSONAL,2023-05-21,2052-12-14,207024.98,105445.32,8.2,360,NY,DEBT_CONSOLIDATION,C,< 1 year,$75k-$100k,LATE_90,99,ApexServicing,2023-07-20,2026-08-27,PENDING,LOS_ALPHA,,
LN-08270910-10366,BW-08270910-10366,COMMERCIAL,2023-11-07,2053-06-02,272577.43,187788.05,12.62,360,PA,DEBT_CONSOLIDATION,C,< 1 year,$50k-$75k,DEFAULT,189,BetaServicing,2024-01-06,2026-08-27,PENDING,ORIGINATION_API,,
LN-08270910-10367,BW-08270910-10367,COMMERCIAL,2023-04-24,2026-04-08,199020.55,98160.88,14.26,36,NY,AUTO_PURCHASE,C,1 year,$100k+,DEFAULT,131,DeltaServicing,2023-06-23,2026-08-27,PENDING,MANUAL_EXCEL,,
LN-08270910-10368,BW-08270910-10368,STUDENT,2023-12-21,2033-10-29,242306.91,191686.32,18.05,120,CA,EDUCATION,A,5 years,$25k-$50k,LATE_90,110,GammaServicing,2024-02-19,2026-08-27,PENDING,MANUAL_EXCEL,,
LN-08270910-10369,BW-08270910-10369,MORTGAGE,2023-01-07,2024-12-27,106448.6,43501.77,14.73,24,GA,AUTO_PURCHASE,D,2 years,$75k-$100k,LATE_60,76,DeltaServicing,2023-03-08,2026-08-27,PENDING,MANUAL_EXCEL,,
LN-08270910-10370,BW-08270910-10370,STUDENT,2023-07-11,2025-06-30,287790.89,235192.12,5.24,24,PA,EDUCATION,D,1 year,$100k+,LATE_30,30,GammaServicing,2023-09-09,2026-08-27,PENDING,LOS_ALPHA,,VENDOR-TAG-58
LN-08270910-10371,BW-08270910-10371,PERSONAL,2023-03-08,2052-10-01,243891.99,84411.78,15.41,360,FL,AUTO_PURCHASE,B,10+ years,$75k-$100k,LATE_30,42,DeltaServicing,2023-05-07,2026-08-27,PENDING,LOS_ALPHA,,
LN-08270910-10372,BW-08270910-10372,AUTO,2023-05-12,2028-04-15,98126.97,73020.95,5.7,60,FL,AUTO_PURCHASE,B,5 years,$75k-$100k,LATE_30,40,ApexServicing,2023-07-11,2026-08-27,PENDING,SERVICER_CSV,,
LN-08270910-10373,BW-08270910-10373,PERSONAL,2023-11-13,2033-09-21,69823.8,15426.73,10.27,120,FL,DEBT_CONSOLIDATION,F,5 years,$25k-$50k,CLOSED,0,ApexServicing,2024-01-12,2026-08-27,MISSING,ORIGINATION_API,EXT-RISK-294,
LN-08270910-10374,BW-08270910-10374,PERSONAL,2023-12-28,2053-07-23,172833.84,72183.51,15.53,360,WA,EDUCATION,E,2 years,$75k-$100k,LATE_90,91,ApexServicing,2024-02-26,2026-08-27,PENDING,ORIGINATION_API,,
LN-08270910-10375,BW-08270910-10375,PERSONAL,2023-03-29,2033-02-04,177656.07,132394.95,7.89,120,PA,DEBT_CONSOLIDATION,E,1 year,<$25k,CLOSED,0,BetaServicing,2023-05-28,2026-08-27,PENDING,ORIGINATION_API,,
LN-08270910-10376,BW-08270910-10376,PERSONAL,2023-06-17,2025-06-06,206607.86,137126.37,12.27,24,WA,DEBT_CONSOLIDATION,E,5 years,<$25k,DEFAULT,286,GammaServicing,2023-08-16,2026-08-27,PENDING,MANUAL_EXCEL,,
LN-08270910-10377,BW-08270910-10377,AUTO,2023-01-26,2052-08-21,78631.89,64872.97,14.09,360,PA,HOME_PURCHASE,A,1 year,<$25k,CURRENT,0,GammaServicing,2023-03-27,2026-08-27,VERIFIED,SERVICER_CSV,,
LN-08270910-10378,BW-08270910-10378,PERSONAL,2023-10-31,2028-10-04,287561.34,166094.74,4.65,60,GA,AUTO_PURCHASE,E,< 1 year,$100k+,CLOSED,0,GammaServicing,2023-12-30,2026-08-27,PENDING,LOS_ALPHA,,
LN-08270910-10379,BW-08270910-10379,STUDENT,2023-08-03,2026-07-18,197487.94,129558.78,8.54,36,IL,HOME_PURCHASE,B,1 year,<$25k,LATE_30,50,BetaServicing,2023-10-02,2026-08-27,PENDING,LOS_ALPHA,,
LN-08270910-10380,BW-08270910-10380,PERSONAL,2023-09-01,2053-03-27,245726.93,53922.95,10.71,360,GA,BUSINESS_EXPANSION,E,2 years,$50k-$75k,DEFAULT,139,GammaServicing,2023-10-31,2026-08-27,PENDING,SERVICER_CSV,,
LN-08270910-10381,BW-08270910-10381,MORTGAGE,2023-08-15,2053-03-10,59212.2,44652.79,15.99,360,OH,HOME_PURCHASE,A,2 years,$25k-$50k,DEFAULT,295,BetaServicing,2023-10-14,2026-08-27,PENDING,MANUAL_EXCEL,,VENDOR-TAG-90
LN-08270910-10382,BW-08270910-10382,COMMERCIAL,2023-03-14,2026-02-26,231163.84,146740.34,4.83,36,CA,HOME_PURCHASE,A,< 1 year,<$25k,DEFAULT,183,DeltaServicing,2023-05-13,2026-08-27,PENDING,ORIGINATION_API,EXT-RISK-641,
LN-08270910-10383,BW-08270910-10383,STUDENT,2023-11-10,2027-10-20,107285.92,50391.55,7.24,48,FL,HOME_PURCHASE,E,5 years,<$25k,LATE_90,108,DeltaServicing,2024-01-09,2026-08-27,PENDING,MANUAL_EXCEL,,
LN-08270910-10384,BW-08270910-10384,MORTGAGE,2023-02-07,2028-01-12,139728.41,50106.96,10.44,60,ZZ,BUSINESS_EXPANSION,D,10+ years,<$25k,LATE_30,33,DeltaServicing,2023-04-08,2026-08-27,PENDING,LOS_ALPHA,,VENDOR-TAG-35
LN-08270910-10385,BW-08270910-10385,COMMERCIAL,2023-01-04,2032-11-12,83501.85,26458.04,13.52,120,FL,HOME_PURCHASE,B,2 years,$100k+,DEFAULT,247,DeltaServicing,2023-03-05,2026-08-27,PENDING,LOS_ALPHA,,VENDOR-TAG-62
LN-08270910-10386,BW-08270910-10386,PERSONAL,05-10-2024,2033-01-08,233611.13,116116.78,18.23,120,CA,AUTO_PURCHASE,E,10+ years,$50k-$75k,LATE_90,118,GammaServicing,2023-05-01,2026-08-27,PENDING,SERVICER_CSV,EXT-RISK-912,
LN-08270910-10387,BW-08270910-10387,MORTGAGE,2023-07-31,2053-02-23,276304.32,61033.61,8.05,360,CA,HOME_PURCHASE,C,< 1 year,$75k-$100k,LATE_30,58,DeltaServicing,2023-09-29,2020-01-01,PENDING,LOS_ALPHA,,
LN-08270910-10388,BW-08270910-10388,MORTGAGE,2023-07-14,2053-02-06,178749.79,63269.14,7.18,360,NY,DEBT_CONSOLIDATION,A,1 year,$100k+,CLOSED,0,BetaServicing,2023-09-12,2026-08-27,PENDING,SERVICER_CSV,,
LN-08270910-10389,BW-08270910-10389,PERSONAL,2023-12-05,2026-11-19,15000.0,28500.0,10.44,36,FL,AUTO_PURCHASE,F,5 years,$50k-$75k,LATE_60,66,BetaServicing,2024-02-03,2026-08-27,PENDING,LOS_ALPHA,,
LN-08270910-10390,BW-08270910-10390,MORTGAGE,2023-03-31,2027-03-10,26111.58,9634.41,16.69,48,NY,DEBT_CONSOLIDATION,A,< 1 year,$25k-$50k,CLOSED,0,ApexServicing,2023-05-30,2026-08-27,PENDING,SERVICER_CSV,EXT-RISK-177,VENDOR-TAG-42
LN-08270910-10391,BW-08270910-10391,STUDENT,2023-09-09,2053-04-04,243474.41,136591.97,18.19,360,TX,HOME_PURCHASE,A,2 years,$25k-$50k,LATE_60,68,BetaServicing,2023-11-08,2026-08-27,PENDING,MANUAL_EXCEL,,VENDOR-TAG-70
LN-08270910-10392,BW-08270910-10392,COMMERCIAL,2023-10-02,2026-09-16,196891.09,57775.7,14.48,36,PA,DEBT_CONSOLIDATION,D,< 1 year,$100k+,CLOSED,0,BetaServicing,2023-12-01,2026-08-27,PENDING,SERVICER_CSV,,VENDOR-TAG-21
LN-08270910-10393,BW-08270910-10393,AUTO,2023-05-03,2033-03-11,127296.13,44548.21,16.64,120,IL,BUSINESS_EXPANSION,A,2 years,$75k-$100k,DEFAULT,354,GammaServicing,2023-07-02,2026-08-27,PENDING,LOS_ALPHA,,VENDOR-TAG-48
LN-08270910-10394,BW-08270910-10394,COMMERCIAL,2023-11-18,2033-09-26,41580.13,6349.33,8.06,120,NC,DEBT_CONSOLIDATION,E,2 years,<$25k,DEFAULT,307,BetaServicing,2024-01-17,2026-08-27,PENDING,SERVICER_CSV,,
LN-08270910-10395,BW-08270910-10395,AUTO,2023-02-11,2026-01-26,169821.97,118340.42,11.45,36,FL,AUTO_PURCHASE,C,< 1 year,<$25k,CLOSED,0,BetaServicing,2023-04-12,2026-08-27,PENDING,SERVICER_CSV,,
LN-08270910-10396,BW-08270910-10396,PERSONAL,2023-01-04,2052-07-30,38449.35,25017.12,7.45,360,NY,HOME_PURCHASE,D,10+ years,$75k-$100k,DEFAULT,318,BetaServicing,2023-03-05,2026-08-27,PENDING,SERVICER_CSV,,
LN-08270910-10397,BW-08270910-10397,STUDENT,2023-07-25,2033-06-02,151266.54,44835.42,4.86,120,PA,AUTO_PURCHASE,D,< 1 year,$25k-$50k,LATE_90,113,GammaServicing,2023-09-23,2026-08-27,PENDING,SERVICER_CSV,,
LN-08270910-10398,BW-08270910-10398,AUTO,2023-11-28,2053-06-23,15000.0,28500.0,5.7,360,OH,DEBT_CONSOLIDATION,C,< 1 year,$25k-$50k,LATE_60,65,BetaServicing,2024-01-27,2026-08-27,PENDING,MANUAL_EXCEL,EXT-RISK-898,
LN-08270910-10399,BW-08270910-10399,STUDENT,2023-12-15,2053-07-10,240184.73,37640.6,5.8,360,NY,EDUCATION,A,2 years,$50k-$75k,CLOSED,0,ApexServicing,2024-02-13,2026-08-27,PENDING,LOS_ALPHA,,
LN-08270910-10400,BW-08270910-10400,AUTO,2023-01-21,2032-11-29,154146.22,42838.15,6.46,120,TX,DEBT_CONSOLIDATION,A,5 years,$50k-$75k,CURRENT,0,DeltaServicing,2023-03-22,2026-08-27,VERIFIED,ORIGINATION_API,,
LN-08270910-10401,BW-08270910-10401,MORTGAGE,2023-08-15,2028-07-19,185718.62,31380.26,4.65,60,GA,DEBT_CONSOLIDATION,D,5 years,<$25k,DEFAULT,299,GammaServicing,2023-10-14,2026-08-27,PENDING,ORIGINATION_API,EXT-RISK-698,
LN-08270910-10402,BW-08270910-10402,COMMERCIAL,2023-09-06,2028-08-10,15000.0,28500.0,14.83,60,FL,BUSINESS_EXPANSION,E,2 years,$75k-$100k,LATE_90,91,ApexServicing,2023-11-05,2026-08-27,PENDING,LOS_ALPHA,,
LN-08270910-10403,BW-08270910-10403,AUTO,2023-04-21,2028-03-25,264404.27,205329.83,13.26,60,NC,HOME_PURCHASE,C,< 1 year,<$25k,CURRENT,0,ApexServicing,2023-06-20,2026-08-27,VERIFIED,LOS_ALPHA,,
LN-08270910-10404,BW-08270910-10404,PERSONAL,2023-11-13,2028-10-17,224006.67,168514.27,10.55,60,NC,DEBT_CONSOLIDATION,E,10+ years,$25k-$50k,DEFAULT,255,BetaServicing,2024-01-12,2026-08-27,PENDING,LOS_ALPHA,,
LN-08270910-10405,BW-08270910-10405,MORTGAGE,2023-04-05,2033-02-11,79587.58,48974.2,15.32,120,NY,HOME_PURCHASE,A,< 1 year,$100k+,LATE_30,54,BetaServicing,2023-06-04,2026-08-27,PENDING,LOS_ALPHA,,VENDOR-TAG-12
LN-08270910-10406,BW-08270910-10406,MORTGAGE,2023-05-23,2025-05-12,145252.18,38677.3,4.54,24,GA,HOME_PURCHASE,E,10+ years,$75k-$100k,LATE_60,75,GammaServicing,2023-07-22,2026-08-27,PENDING,LOS_ALPHA,,VENDOR-TAG-40
LN-08270910-10407,BW-08270910-10407,MORTGAGE,2023-08-31,2026-08-15,161055.22,52351.74,7.79,36,IL,AUTO_PURCHASE,A,5 years,$50k-$75k,LATE_60,62,BetaServicing,2023-10-30,2026-08-27,PENDING,SERVICER_CSV,,
LN-08270910-10408,BW-08270910-10408,AUTO,2023-05-22,2027-05-01,53685.58,32159.63,16.05,48,CA,AUTO_PURCHASE,C,< 1 year,$50k-$75k,CURRENT,0,ApexServicing,2023-07-21,2026-08-27,VERIFIED,ORIGINATION_API,,
LN-08270910-10409,BW-08270910-10409,PERSONAL,2023-09-17,2026-09-01,17389.17,9127.63,9.09,36,99,BUSINESS_EXPANSION,D,5 years,<$25k,DEFAULT,169,ApexServicing,2023-11-16,2026-08-27,PENDING,LOS_ALPHA,,
LN-08270910-10410,BW-08270910-10410,AUTO,2023-04-23,2025-04-12,22993.75,7966.31,17.23,24,TX,DEBT_CONSOLIDATION,D,10+ years,$50k-$75k,LATE_90,119,GammaServicing,2023-06-22,2026-08-27,PENDING,MANUAL_EXCEL,,
LN-08270910-10411,BW-08270910-10411,MORTGAGE,2023-07-28,2028-07-01,70766.78,22033.28,18.01,60,NC,DEBT_CONSOLIDATION,B,< 1 year,$100k+,CURRENT,0,DeltaServicing,2023-09-26,2026-08-27,VERIFIED,LOS_ALPHA,,
LN-08270910-10412,BW-08270910-10412,MORTGAGE,2023-09-01,2026-08-16,216029.14,160700.48,5.48,36,GA,DEBT_CONSOLIDATION,D,< 1 year,<$25k,LATE_30,41,DeltaServicing,2023-10-31,2026-08-27,PENDING,SERVICER_CSV,,
LN-08270910-10413,BW-08270910-10413,MORTGAGE,2023-12-27,2028-11-30,264417.66,125819.77,9.39,60,IL,BUSINESS_EXPANSION,A,1 year,<$25k,CURRENT,0,BetaServicing,2024-02-25,2026-08-27,VERIFIED,LOS_ALPHA,EXT-RISK-892,
LN-08270910-10414,BW-08270910-10414,MORTGAGE,2023-05-18,2027-04-27,199682.37,84336.79,10.35,48,IL,BUSINESS_EXPANSION,A,10+ years,<$25k,CLOSED,0,ApexServicing,2023-07-17,2026-08-27,PENDING,SERVICER_CSV,,
LN-08270910-10415,BW-08270910-10415,AUTO,2024-05-10,2022-05-10,48664.45,40811.51,12.28,24,GA,HOME_PURCHASE,F,2 years,$50k-$75k,DEFAULT,251,BetaServicing,2023-04-08,2026-08-27,PENDING,SERVICER_CSV,,
LN-08270910-10416,BW-08270910-10248,STUDENT,2023-05-15,2026-10-28,14284.38,84192.28,15.59,36,GA,BUSINESS_EXPANSION,A,1 year,$25k-$50k,CLOSED,0,GammaServicing,2024-01-12,2026-08-27,PENDING,SERVICER_CSV,,VENDOR-TAG-45
LN-08270910-10417,BW-08270910-10417,MORTGAGE,2023-03-16,2027-02-23,262432.0,146533.02,16.64,48,IL,HOME_PURCHASE,A,5 years,$50k-$75k,LATE_60,15,DeltaServicing,2023-05-15,2026-08-27,PENDING,MANUAL_EXCEL,EXT-RISK-341,
LN-08270910-10418,BW-08270910-10418,AUTO,2024.05.10,2032-11-11,14407.52,2345.55,17.7,120,OH,HOME_PURCHASE,C,5 years,$100k+,CLOSED,0,BetaServicing,2023-03-04,2026-08-27,PENDING,LOS_ALPHA,,VENDOR-TAG-60
LN-08270910-10419,BW-08270910-10419,MORTGAGE,2023-06-17,2028-05-21,66160.42,39615.79,14.57,60,CA,BUSINESS_EXPANSION,D,10+ years,$25k-$50k,CURRENT,0,GammaServicing,2023-08-16,2026-08-27,VERIFIED,SERVICER_CSV,,
LN-08270910-10420,BW-08270910-10420,COMMERCIAL,2023-04-24,2052-11-17,183968.38,132102.73,8.79,360,WA,BUSINESS_EXPANSION,B,2 years,$50k-$75k,LATE_30,33,DeltaServicing,2023-06-23,2026-08-27,PENDING,MANUAL_EXCEL,,VENDOR-TAG-84
LN-08270910-10421,BW-08270910-10421,MORTGAGE,2023-02-06,2032-12-15,186042.23,59498.73,9.17,120,IL,HOME_PURCHASE,C,< 1 year,$100k+,LATE_60,60,DeltaServicing,2023-04-07,2026-08-27,PENDING,ORIGINATION_API,,VENDOR-TAG-24
LN-08270910-10422,BW-08270910-10422,STUDENT,2023-07-19,2028-06-22,155224.93,66737.54,6.89,60,WA,BUSINESS_EXPANSION,F,1 year,<$25k,LATE_90,108,BetaServicing,2023-09-17,2026-08-27,PENDING,MANUAL_EXCEL,,
LN-08270910-10423,BW-08270910-10423,MORTGAGE,2023-01-16,2052-08-11,208615.77,34708.09,4.81,360,CA,EDUCATION,A,10+ years,$100k+,CLOSED,0,ApexServicing,2023-03-17,2026-08-27,PENDING,ORIGINATION_API,EXT-RISK-369,VENDOR-TAG-43
LN-08270910-10424,BW-08270910-10424,COMMERCIAL,2023-08-17,2026-08-01,-124609.97,104055.53,5.08,36,GA,BUSINESS_EXPANSION,A,10+ years,<$25k,CLOSED,0,GammaServicing,2023-10-16,2026-08-27,PENDING,MANUAL_EXCEL,,
LN-08270910-10285,BW-08270910-10425,MORTGAGE,2023-05-31,2027-05-10,225788.66,42717.86,5.46,48,FL,EDUCATION,C,10+ years,$75k-$100k,LATE_90,106,BetaServicing,2023-07-30,2026-08-27,PENDING,SERVICER_CSV,,
LN-08270910-10426,BW-08270910-10426,AUTO,2023-11-17,2028-10-21,156949.58,120716.54,9.15,60,CA,DEBT_CONSOLIDATION,E,< 1 year,$75k-$100k,CLOSED,0,BetaServicing,2024-01-16,2026-08-27,PENDING,LOS_ALPHA,EXT-RISK-699,VENDOR-TAG-48
LN-08270910-10427,BW-08270910-10427,PERSONAL,2023-10-21,2025-10-10,116349.9,53056.39,7.44,24,WA,AUTO_PURCHASE,A,< 1 year,$25k-$50k,CURRENT,0,DeltaServicing,2023-12-20,2026-08-27,VERIFIED,MANUAL_EXCEL,,VENDOR-TAG-56
LN-08270910-10428,BW-08270910-10428,PERSONAL,2023-11-13,2028-10-17,182106.54,110329.47,14.76,60,NY,HOME_PURCHASE,C,< 1 year,$50k-$75k,CURRENT,0,ApexServicing,2024-01-12,2026-08-27,VERIFIED,MANUAL_EXCEL,,
LN-08270910-10429,BW-08270910-10429,STUDENT,2023-04-18,2028-03-22,261753.17,18500.5,4.74,60,WA,BUSINESS_EXPANSION,C,< 1 year,$25k-$50k,CURRENT,0,ApexServicing,2023-06-17,2026-08-27,VERIFIED,ORIGINATION_API,EXT-RISK-199,
LN-08270910-10430,BW-08270910-10430,PERSONAL,2023-04-10,2026-03-25,143084.71,45000.0,6.26,36,NY,DEBT_CONSOLIDATION,E,2 years,$25k-$50k,CLOSED,0,ApexServicing,2023-06-09,2026-08-27,VERIFIED,ORIGINATION_API,,
LN-08270910-10431,BW-08270910-10431,STUDENT,2023-03-24,2028-02-26,289055.06,206713.15,17.05,60,NY,HOME_PURCHASE,C,2 years,<$25k,LATE_90,97,ApexServicing,2023-05-23,2026-08-27,PENDING,MANUAL_EXCEL,,
LN-08270910-10432,BW-08270910-10432,MORTGAGE,2023-12-08,2033-10-16,129385.99,56184.35,14.3,120,GA,BUSINESS_EXPANSION,F,< 1 year,$75k-$100k,LATE_90,119,GammaServicing,2024-02-06,2026-08-27,PENDING,MANUAL_EXCEL,,
LN-08270910-10433,BW-08270910-10433,MORTGAGE,2023-05-14,2025-05-03,199976.19,37001.46,11.57,24,OH,HOME_PURCHASE,B,5 years,$100k+,CLOSED,0,BetaServicing,2023-07-13,2026-08-27,PENDING,SERVICER_CSV,,
LN-08270910-10434,BW-08270910-10434,PERSONAL,2023-04-27,2033-03-05,131491.67,50464.16,15.89,120,NC,AUTO_PURCHASE,A,2 years,$75k-$100k,CURRENT,0,ApexServicing,2023-06-26,2026-08-27,VERIFIED,SERVICER_CSV,,
LN-08270910-10435,BW-08270910-10435,COMMERCIAL,2023-08-04,2033-06-12,56448.46,42550.32,16.35,120,FL,HOME_PURCHASE,C,1 year,<$25k,CURRENT,0,GammaServicing,2023-10-03,2026-08-27,MISSING,LOS_ALPHA,,
LN-08270910-10436,BW-08270910-10436,AUTO,2023-06-01,2026-05-16,61516.22,19178.76,14.26,36,FL,DEBT_CONSOLIDATION,B,10+ years,$100k+,DEFAULT,319,BetaServicing,2023-07-31,2026-08-27,PENDING,SERVICER_CSV,,
LN-08270910-10437,BW-08270910-10437,AUTO,2023-06-20,2027-05-30,189393.2,39316.6,7.46,48,PA,AUTO_PURCHASE,B,< 1 year,$75k-$100k,LATE_60,74,BetaServicing,2023-08-19,2026-08-27,PENDING,SERVICER_CSV,,VENDOR-TAG-82
LN-08270910-10438,BW-08270910-10438,AUTO,2023-08-31,2026-08-15,42288.3,17836.19,8.76,36,FL,EDUCATION,A,10+ years,$25k-$50k,CURRENT,0,DeltaServicing,2023-10-30,2026-08-27,VERIFIED,MANUAL_EXCEL,,
LN-08270910-10439,BW-08270910-10439,MORTGAGE,2023-07-09,2033-05-17,43514.3,21501.57,8.09,120,GA,DEBT_CONSOLIDATION,A,5 years,<$25k,CURRENT,0,BetaServicing,2023-09-07,2026-08-27,VERIFIED,ORIGINATION_API,,
LN-08270910-10440,BW-08270910-10440,COMMERCIAL,2023-10-07,2028-09-10,263381.85,45000.0,13.37,60,GA,EDUCATION,A,2 years,$25k-$50k,CLOSED,0,DeltaServicing,2023-12-06,2026-08-27,PENDING,MANUAL_EXCEL,,
LN-08270910-10355,BW-08270910-10441,STUDENT,2023-03-05,2028-02-07,132621.15,84173.25,9.74,60,GA,HOME_PURCHASE,A,1 year,$100k+,CLOSED,0,DeltaServicing,2023-05-04,2026-08-27,PENDING,MANUAL_EXCEL,EXT-RISK-926,
LN-08270910-10442,BW-08270910-10442,PERSONAL,2023-02-25,2033-01-03,174613.65,132713.79,16.51,120,OH,AUTO_PURCHASE,A,5 years,$50k-$75k,CURRENT,0,ApexServicing,2023-04-26,2026-08-27,VERIFIED,SERVICER_CSV,EXT-RISK-204,
LN-08270910-10443,BW-08270910-10443,COMMERCIAL,2023-08-17,2027-07-27,85749.87,42612.87,13.53,48,FL,BUSINESS_EXPANSION,D,10+ years,<$25k,LATE_60,74,DeltaServicing,2023-10-16,2026-08-27,PENDING,MANUAL_EXCEL,,
LN-08270910-10444,BW-08270910-10444,STUDENT,2023-12-19,2027-11-28,207731.33,58111.62,16.36,48,CA,BUSINESS_EXPANSION,F,2 years,$75k-$100k,DEFAULT,149,GammaServicing,2024-02-17,2026-08-27,PENDING,ORIGINATION_API,,
,BW-08270910-10445,COMMERCIAL,2023-02-08,2025-01-28,234748.88,83172.28,8.62,24,IL,EDUCATION,B,< 1 year,$100k+,LATE_30,47,DeltaServicing,2023-04-09,2026-08-27,PENDING,MANUAL_EXCEL,,
LN-08270910-10446,BW-08270910-10446,MORTGAGE,2023-11-05,2025-10-25,135239.55,39780.23,8.1,24,NY,DEBT_CONSOLIDATION,F,10+ years,$25k-$50k,DEFAULT,320,BetaServicing,2024-01-04,2026-08-27,PENDING,SERVICER_CSV,EXT-RISK-264,
LN-08270910-10447,BW-08270910-10447,STUDENT,2023-03-25,2028-02-27,39254.17,14607.19,5.62,60,NC,AUTO_PURCHASE,E,5 years,$25k-$50k,LATE_60,81,DeltaServicing,2023-05-24,2026-08-27,PENDING,ORIGINATION_API,,
LN-08270910-10448,BW-08270910-10448,PERSONAL,2023-12-06,2053-07-01,292740.65,216122.78,9.92,360,GA,HOME_PURCHASE,E,10+ years,$25k-$50k,LATE_30,58,BetaServicing,2024-02-04,2026-08-27,PENDING,LOS_ALPHA,,
LN-08270910-10449,BW-08270910-10449,COMMERCIAL,2023-11-18,2028-10-22,224916.99,96349.82,17.85,60,NC,EDUCATION,F,2 years,$75k-$100k,LATE_60,66,DeltaServicing,2024-01-17,2026-08-27,PENDING,LOS_ALPHA,EXT-RISK-802,VENDOR-TAG-22
LN-08270910-10450,BW-08270910-10450,MORTGAGE,2023-02-06,2025-01-26,74888.68,41892.67,9.7,24,GA,HOME_PURCHASE,D,2 years,$50k-$75k,LATE_60,71,GammaServicing,2023-04-07,2026-08-27,PENDING,MANUAL_EXCEL,,VENDOR-TAG-98
LN-08270910-10451,BW-08270910-10451,STUDENT,2023-10-04,2053-04-29,241342.07,69703.0,10.42,360,NY,DEBT_CONSOLIDATION,F,10+ years,<$25k,LATE_60,62,ApexServicing,2023-12-03,2026-08-27,PENDING,LOS_ALPHA,,
LN-08270910-10452,BW-08270910-10452,PERSONAL,2023-07-10,2053-02-02,27127.67,5787.99,10.88,360,WA,DEBT_CONSOLIDATION,D,10+ years,$75k-$100k,LATE_90,111,BetaServicing,2023-09-08,2026-08-27,,SERVICER_CSV,,
LN-08270910-10453,BW-08270910-10453,COMMERCIAL,2023-09-23,2028-08-27,143253.27,25330.62,18.49,60,FL,DEBT_CONSOLIDATION,B,< 1 year,$50k-$75k,CLOSED,0,GammaServicing,2023-11-22,2026-08-27,PENDING,ORIGINATION_API,,VENDOR-TAG-21
LN-08270910-10454,BW-08270910-10454,MORTGAGE,2023-07-10,2053-02-02,241213.74,91137.87,8.04,360,WA,HOME_PURCHASE,F,1 year,$100k+,LATE_90,109,GammaServicing,2023-09-08,2026-08-27,PENDING,LOS_ALPHA,EXT-RISK-111,VENDOR-TAG-27
LN-08270910-10455,BW-08270910-10455,COMMERCIAL,2023-06-12,2028-05-16,50658.33,31561.16,8.12,60,TX,AUTO_PURCHASE,D,1 year,$25k-$50k,LATE_60,66,BetaServicing,2023-08-11,2026-08-27,PENDING,SERVICER_CSV,,
LN-08270910-10456,BW-08270910-10456,COMMERCIAL,2023-04-18,2026-04-02,102793.53,73499.45,7.59,36,IL,DEBT_CONSOLIDATION,C,5 years,$50k-$75k,CURRENT,0,DeltaServicing,2023-06-17,2026-08-27,VERIFIED,SERVICER_CSV,,
LN-08270910-10457,BW-08270910-10457,PERSONAL,2024-13-45,2053-02-10,156800.76,32775.55,15.55,360,GA,BUSINESS_EXPANSION,A,5 years,$50k-$75k,LATE_90,103,GammaServicing,2023-09-16,2026-08-27,PENDING,ORIGINATION_API,,
LN-08270910-10458,BW-08270910-10458,PERSONAL,2023-05-04,2026-04-18,65429.79,43837.34,18.08,36,NC,EDUCATION,E,1 year,<$25k,CLOSED,0,BetaServicing,2023-07-03,2026-08-27,PENDING,MANUAL_EXCEL,EXT-RISK-892,
LN-08270910-10459,BW-08270910-10459,AUTO,2023-10-18,2027-09-27,46083.36,30181.79,18.43,48,GA,HOME_PURCHASE,B,1 year,<$25k,LATE_90,95,DeltaServicing,2023-12-17,2026-08-27,PENDING,LOS_ALPHA,EXT-RISK-312,
,BW-08270910-10460,COMMERCIAL,2023-02-27,2052-09-22,37976.32,23994.23,12.9,360,NC,EDUCATION,E,< 1 year,<$25k,DEFAULT,195,GammaServicing,2023-04-28,2026-08-27,PENDING,SERVICER_CSV,,VENDOR-TAG-73
LN-08270910-10461,BW-08270910-10461,COMMERCIAL,2023-09-07,2053-04-02,23072.04,10368.14,10.5,360,IL,EDUCATION,C,5 years,<$25k,DEFAULT,0,DeltaServicing,2023-11-06,2026-08-27,VERIFIED,ORIGINATION_API,,
LN-08270910-10462,BW-08270910-10462,AUTO,2023-02-06,2028-01-11,15000.0,28500.0,10.36,60,WA,EDUCATION,A,2 years,$25k-$50k,CURRENT,0,DeltaServicing,2023-04-07,2026-08-27,VERIFIED,MANUAL_EXCEL,,
LN-08270910-10463,BW-08270910-10463,MORTGAGE,2023-04-02,2033-02-08,125896.77,90468.27,6.91,120,OH,EDUCATION,B,2 years,$50k-$75k,CURRENT,0,GammaServicing,2023-06-01,2026-08-27,VERIFIED,MANUAL_EXCEL,EXT-RISK-329,
LN-08270910-10464,BW-08270910-10464,MORTGAGE,2023-07-08,2053-01-31,21321.48,14324.71,16.44,360,IL,DEBT_CONSOLIDATION,A,1 year,$50k-$75k,CURRENT,0,GammaServicing,2023-09-06,2026-08-27,VERIFIED,LOS_ALPHA,,
LN-08270910-10465,BW-08270910-10465,PERSONAL,2023-07-13,2028-06-16,54267.92,27427.66,16.67,60,OH,BUSINESS_EXPANSION,D,10+ years,$50k-$75k,LATE_90,116,ApexServicing,2023-09-11,2026-08-27,PENDING,MANUAL_EXCEL,,
LN-08270910-10466,BW-08270910-10466,COMMERCIAL,2023-10-29,2028-10-02,128402.06,41123.06,8.87,60,NY,DEBT_CONSOLIDATION,A,1 year,$50k-$75k,LATE_90,105,BetaServicing,2023-12-28,2026-08-27,PENDING,ORIGINATION_API,,
LN-08270910-10467,BW-08270910-10467,COMMERCIAL,2023-05-31,2033-04-08,115073.25,93708.32,12.33,120,OH,HOME_PURCHASE,F,10+ years,$100k+,DEFAULT,355,GammaServicing,2023-07-30,2026-08-27,PENDING,SERVICER_CSV,,
LN-08270910-10468,BW-08270910-10468,PERSONAL,2023-09-19,2053-04-14,234806.4,78116.18,9.17,360,99,AUTO_PURCHASE,A,5 years,$50k-$75k,CURRENT,0,BetaServicing,2023-11-18,2026-08-27,VERIFIED,SERVICER_CSV,,
LN-08270910-10469,BW-08270910-10469,AUTO,2023-09-29,2026-09-13,15000.0,28500.0,13.77,36,NY,AUTO_PURCHASE,B,10+ years,$50k-$75k,CURRENT,0,DeltaServicing,2023-11-28,2026-08-27,VERIFIED,MANUAL_EXCEL,,
LN-08270910-10470,BW-08270910-10470,COMMERCIAL,2023-01-25,2052-08-20,166237.76,45000.0,14.86,360,PA,DEBT_CONSOLIDATION,F,5 years,<$25k,CLOSED,0,DeltaServicing,2023-03-26,2026-08-27,PENDING,SERVICER_CSV,,
LN-08270910-10471,BW-08270910-10471,MORTGAGE,2023-09-22,2027-09-01,26805.89,18893.52,4.92,48,NY,AUTO_PURCHASE,D,1 year,$50k-$75k,LATE_90,94,GammaServicing,2023-11-21,2026-08-27,PENDING,MANUAL_EXCEL,EXT-RISK-890,
LN-08270910-10371,BW-08270910-10472,STUDENT,2023-05-15,2026-04-29,232041.37,39970.99,13.57,36,NC,DEBT_CONSOLIDATION,C,1 year,$75k-$100k,LATE_30,48,ApexServicing,2023-07-14,2026-08-27,PENDING,MANUAL_EXCEL,,
LN-08270910-10473,BW-08270910-10473,COMMERCIAL,2023-02-16,2025-02-05,142454.15,45000.0,13.41,24,CA,AUTO_PURCHASE,B,2 years,$100k+,CLOSED,0,ApexServicing,2023-04-17,2026-08-27,VERIFIED,LOS_ALPHA,EXT-RISK-868,
LN-08270910-10474,BW-REPEAT-1,AUTO,2023-11-16,2025-11-05,64130.63,52746.96,9.27,24,NC,EDUCATION,F,< 1 year,$75k-$100k,CLOSED,0,ApexServicing,2024-01-15,2026-08-27,PENDING,LOS_ALPHA,,
LN-08270910-10475,BW-08270910-10475,MORTGAGE,2023-02-13,2052-09-08,265947.21,71904.61,17.89,360,TX,EDUCATION,B,10+ years,$75k-$100k,DEFAULT,267,ApexServicing,2023-04-14,2026-08-27,PENDING,ORIGINATION_API,EXT-RISK-654,
LN-08270910-10476,BW-08270910-10476,AUTO,2023-12-29,2027-12-08,192471.92,92965.18,16.17,48,GA,AUTO_PURCHASE,C,10+ years,$50k-$75k,LATE_60,0,BetaServicing,2024-02-27,2026-08-27,PENDING,SERVICER_CSV,,
LN-08270910-10477,BW-08270910-10477,PERSONAL,2023-06-19,2027-05-29,269366.8,111397.18,10.35,48,TX,BUSINESS_EXPANSION,A,2 years,$100k+,CURRENT,0,GammaServicing,2023-08-18,2026-08-27,VERIFIED,MANUAL_EXCEL,,
LN-08270910-10478,BW-08270910-10478,COMMERCIAL,2023-08-03,2028-07-07,272163.31,188315.69,15.23,60,IL,DEBT_CONSOLIDATION,D,< 1 year,<$25k,LATE_60,72,BetaServicing,2023-10-02,2026-08-27,PENDING,SERVICER_CSV,,
LN-08270910-10479,BW-08270910-10479,PERSONAL,2023-04-07,2025-03-27,266300.13,77157.2,10.6,24,GA,HOME_PURCHASE,D,2 years,$100k+,LATE_60,72,GammaServicing,2023-06-06,2026-08-27,PENDING,SERVICER_CSV,EXT-RISK-984,
LN-08270910-10480,BW-08270910-10480,STUDENT,2023-08-22,2033-06-30,71248.25,54356.69,12.94,120,TX,EDUCATION,E,5 years,$75k-$100k,LATE_30,52,DeltaServicing,2023-10-21,2026-08-27,NULL,MANUAL_EXCEL,,
LN-08270910-10481,BW-08270910-10481,MORTGAGE,2023-08-10,2027-07-20,20191.91,18500.5,13.26,48,NY,DEBT_CONSOLIDATION,C,2 years,<$25k,CURRENT,115,BetaServicing,2023-10-09,2026-08-27,PENDING,LOS_ALPHA,,
LN-08270910-10482,BW-08270910-10482,PERSONAL,2023-07-05,2026-06-19,114839.77,92636.92,12.36,36,GA,DEBT_CONSOLIDATION,A,1 year,$100k+,DEFAULT,317,ApexServicing,2023-09-03,2026-08-27,PENDING,LOS_ALPHA,EXT-RISK-130,
LN-08270910-10483,BW-08270910-10483,PERSONAL,2023-09-05,2027-08-15,15000.0,28500.0,9.43,48,TX,EDUCATION,C,1 year,$100k+,LATE_90,90,GammaServicing,2023-11-04,2026-08-27,PENDING,ORIGINATION_API,EXT-RISK-922,
LN-08270910-10484,BW-08270910-10484,STUDENT,2023-12-03,2027-11-12,112564.6,43125.06,9.0,48,PA,EDUCATION,B,2 years,$75k-$100k,LATE_30,31,ApexServicing,2024-02-01,2026-08-27,PENDING,SERVICER_CSV,,
LN-08270910-10485,BW-08270910-10485,PERSONAL,2023-09-16,2026-08-31,22363.3,14670.7,10.94,36,IL,HOME_PURCHASE,E,1 year,$25k-$50k,CURRENT,0,GammaServicing,2023-11-15,2026-08-27,VERIFIED,LOS_ALPHA,,
LN-08270910-10486,BW-08270910-10486,MORTGAGE,2023-06-03,2026-05-18,290988.9,60225.16,14.1,36,IL,BUSINESS_EXPANSION,D,< 1 year,$100k+,CLOSED,0,DeltaServicing,2023-08-02,2026-08-27,PENDING,ORIGINATION_API,EXT-RISK-290,
LN-08270910-10487,BW-08270910-10487,MORTGAGE,2023-04-26,2052-11-19,193438.83,18500.5,7.65,360,TX,HOME_PURCHASE,F,1 year,$25k-$50k,CURRENT,44,ApexServicing,2023-06-25,2026-08-27,PENDING,ORIGINATION_API,,VENDOR-TAG-92
LN-08270910-10488,BW-08270910-10488,AUTO,2023-07-18,2028-06-21,299827.3,148565.36,5.69,60,OH,EDUCATION,C,< 1 year,$100k+,CURRENT,0,ApexServicing,2023-09-16,2026-08-27,VERIFIED,ORIGINATION_API,,VENDOR-TAG-73
LN-08270910-10489,BW-08270910-10489,AUTO,2023-10-18,2027-09-27,138183.95,21144.9,14.65,48,XX,EDUCATION,D,1 year,<$25k,DEFAULT,208,GammaServicing,2023-12-17,2026-08-27,PENDING,SERVICER_CSV,,
LN-08270910-10490,BW-08270910-10490,MORTGAGE,2023-03-23,2025-03-12,164467.83,71561.2,12.45,24,OH,EDUCATION,A,5 years,$100k+,LATE_30,35,ApexServicing,2023-05-22,2026-08-27,PENDING,ORIGINATION_API,,
LN-08270910-10491,BW-08270910-10491,MORTGAGE,2023-01-07,2027-12-12,163825.66,118333.38,9.29,60,WA,EDUCATION,D,1 year,<$25k,DEFAULT,276,DeltaServicing,2023-03-08,2026-08-27,PENDING,ORIGINATION_API,,
LN-08270910-10492,BW-08270910-10492,COMMERCIAL,2023-11-09,2027-10-19,153346.47,128125.11,18.05,48,NY,DEBT_CONSOLIDATION,B,2 years,$50k-$75k,LATE_90,106,BetaServicing,2024-01-08,2026-08-27,PENDING,LOS_ALPHA,,VENDOR-TAG-88
LN-08270910-10493,BW-08270910-10493,MORTGAGE,2023-02-15,2025-02-04,259356.75,121869.8,14.29,24,WA,BUSINESS_EXPANSION,B,< 1 year,$50k-$75k,LATE_30,59,BetaServicing,2023-04-16,2026-08-27,PENDING,MANUAL_EXCEL,,VENDOR-TAG-20
LN-08270910-10494,BW-08270910-10494,AUTO,2023-03-29,2028-03-02,12549.44,6775.91,11.23,60,IL,DEBT_CONSOLIDATION,A,2 years,$100k+,LATE_30,46,ApexServicing,2023-05-28,2026-08-27,PENDING,MANUAL_EXCEL,,VENDOR-TAG-54
LN-08270910-10495,BW-08270910-10495,STUDENT,2023-10-01,2026-09-15,243201.11,188545.48,15.58,36,OH,BUSINESS_EXPANSION,F,5 years,$75k-$100k,LATE_60,62,ApexServicing,2023-11-30,2026-08-27,PENDING,ORIGINATION_API,,
LN-08270910-10496,BW-08270910-10496,STUDENT,2023-06-02,2033-04-10,153502.62,88558.28,18.35,120,NY,HOME_PURCHASE,D,2 years,$25k-$50k,LATE_90,114,BetaServicing,2023-08-01,2026-08-27,MISSING,LOS_ALPHA,,VENDOR-TAG-27
LN-08270910-10497,BW-08270910-10497,PERSONAL,2023-10-16,2033-08-24,211780.81,46777.62,11.79,120,PA,AUTO_PURCHASE,C,10+ years,$50k-$75k,CLOSED,0,DeltaServicing,2023-12-15,2026-08-27,PENDING,SERVICER_CSV,,
LN-08270910-10498,BW-08270910-10498,MORTGAGE,2023-01-22,2027-01-01,55830.39,41544.76,4.96,48,GA,AUTO_PURCHASE,A,< 1 year,$100k+,LATE_30,41,GammaServicing,2023-03-23,2026-08-27,PENDING,MANUAL_EXCEL,EXT-RISK-171,
LN-08270910-10499,BW-REPEAT-2,AUTO,2023-07-24,2025-07-13,216277.44,125205.49,4.52,24,IL,EDUCATION,A,2 years,$100k+,CLOSED,0,BetaServicing,2023-09-22,2026-08-27,PENDING,ORIGINATION_API,,
LN-08270910-10500,BW-08270910-10500,COMMERCIAL,2023-05-26,2027-05-05,45253.29,17611.63,12.09,48,FL,AUTO_PURCHASE,E,2 years,$50k-$75k,LATE_60,80,DeltaServicing,2023-07-25,2026-08-27,PENDING,LOS_ALPHA,,
LN-08270910-10501,BW-08270910-10501,MORTGAGE,2023-10-12,2027-09-21,37545.36,21776.63,18.04,48,GA,DEBT_CONSOLIDATION,B,2 years,$75k-$100k,DEFAULT,206,GammaServicing,2023-12-11,2026-08-27,PENDING,MANUAL_EXCEL,,
LN-08270910-10502,BW-08270910-10502,STUDENT,2023-05-14,2033-03-22,178143.75,108005.06,11.06,120,NC,HOME_PURCHASE,B,5 years,<$25k,CLOSED,0,GammaServicing,2023-07-13,2026-08-27,PENDING,LOS_ALPHA,,
,BW-08270910-10503,MORTGAGE,2023-04-03,2026-03-18,239665.38,96883.21,11.52,36,TX,BUSINESS_EXPANSION,B,5 years,$25k-$50k,CURRENT,0,BetaServicing,2023-06-02,2026-08-27,VERIFIED,SERVICER_CSV,,
LN-08270910-10504,BW-08270910-10504,PERSONAL,2023-09-18,2026-09-02,135659.76,60438.14,12.61,36,WA,HOME_PURCHASE,D,2 years,<$25k,DEFAULT,243,BetaServicing,2023-11-17,2026-08-27,PENDING,MANUAL_EXCEL,EXT-RISK-688,
LN-08270910-10505,BW-08270910-10505,AUTO,2023-04-22,2028-03-26,92833.92,36177.59,11.14,60,NC,HOME_PURCHASE,C,10+ years,$100k+,DEFAULT,325,BetaServicing,2023-06-21,2026-08-27,PENDING,ORIGINATION_API,,VENDOR-TAG-32
LN-08270910-10506,BW-08270910-10506,PERSONAL,2023-06-10,2053-01-03,78198.01,45985.94,6.25,360,PA,BUSINESS_EXPANSION,F,5 years,$100k+,LATE_60,63,GammaServicing,2023-08-09,2026-08-27,PENDING,ORIGINATION_API,EXT-RISK-838,VENDOR-TAG-96
LN-08270910-10507,BW-08270910-10507,COMMERCIAL,2023-11-02,2053-05-28,271051.34,85086.41,10.12,360,PA,BUSINESS_EXPANSION,E,< 1 year,$50k-$75k,CLOSED,0,BetaServicing,2024-01-01,2026-08-27,PENDING,SERVICER_CSV,,
LN-08270910-10508,BW-08270910-10508,AUTO,2023-11-17,2053-06-12,270417.59,46409.28,120.0,360,CA,AUTO_PURCHASE,C,10+ years,$50k-$75k,CURRENT,0,GammaServicing,2024-01-16,2026-08-27,VERIFIED,LOS_ALPHA,,
LN-08270910-10509,BW-08270910-10509,STUDENT,2023-11-05,2053-05-31,157977.83,50351.71,11.2,360,GA,EDUCATION,F,2 years,$25k-$50k,CLOSED,0,ApexServicing,2024-01-04,2026-08-27,PENDING,SERVICER_CSV,EXT-RISK-609,
LN-08270910-10510,BW-08270910-10510,PERSONAL,2023-03-05,2025-02-22,234801.08,37998.73,18.41,24,FL,HOME_PURCHASE,E,2 years,$100k+,CURRENT,0,ApexServicing,2023-05-04,2026-08-27,VERIFIED,MANUAL_EXCEL,,
LN-08270910-10511,BW-08270910-10511,MORTGAGE,2023-11-16,2053-06-11,232729.4,182466.73,15.81,360,TX,BUSINESS_EXPANSION,F,5 years,$75k-$100k,LATE_90,116,ApexServicing,2024-01-15,2026-08-27,PENDING,MANUAL_EXCEL,,VENDOR-TAG-65
LN-08270910-10512,BW-08270910-10512,STUDENT,2023-01-30,2028-01-04,169489.01,66462.92,14.64,60,FL,AUTO_PURCHASE,D,< 1 year,$25k-$50k,CLOSED,0,BetaServicing,2023-03-31,2026-08-27,PENDING,LOS_ALPHA,,
LN-08270910-10513,BW-08270910-10513,STUDENT,2023-03-26,2028-02-28,29751.67,10527.56,17.27,60,OH,AUTO_PURCHASE,E,10+ years,$50k-$75k,CURRENT,0,DeltaServicing,2023-05-25,2026-08-27,VERIFIED,MANUAL_EXCEL,,
LN-08270910-10514,BW-08270910-10514,STUDENT,2023-12-26,2027-12-05,282636.76,79394.7,7.36,48,FL,AUTO_PURCHASE,A,10+ years,$50k-$75k,CURRENT,0,BetaServicing,2024-02-24,2026-08-27,VERIFIED,MANUAL_EXCEL,,
LN-08270910-10515,BW-08270910-10515,PERSONAL,2023-08-03,2025-07-23,160792.75,84623.53,5.48,24,TX,AUTO_PURCHASE,E,1 year,$75k-$100k,LATE_30,57,DeltaServicing,2023-10-02,2026-08-27,PENDING,SERVICER_CSV,,
LN-08270910-10516,BW-08270910-10516,PERSONAL,2023-02-23,2033-01-01,232066.37,18500.5,7.78,120,NY,BUSINESS_EXPANSION,B,< 1 year,$100k+,CURRENT,93,DeltaServicing,2023-04-24,2026-08-27,PENDING,SERVICER_CSV,,
LN-08270910-10517,BW-08270910-10517,AUTO,2023-04-07,2025-03-27,51351.45,31199.67,8.68,24,PA,BUSINESS_EXPANSION,C,10+ years,$75k-$100k,CURRENT,0,DeltaServicing,2023-06-06,2026-08-27,VERIFIED,MANUAL_EXCEL,,
LN-08270910-10518,BW-08270910-10518,PERSONAL,2023-05-21,2052-12-14,184418.87,95430.5,16.53,360,OH,BUSINESS_EXPANSION,D,< 1 year,$50k-$75k,LATE_30,40,DeltaServicing,2023-07-20,2026-08-27,PENDING,SERVICER_CSV,,
LN-08270910-10519,BW-08270910-10519,COMMERCIAL,2023-05-10,2026-04-24,204972.31,128267.49,18.37,36,CA,HOME_PURCHASE,B,2 years,$25k-$50k,CLOSED,0,DeltaServicing,2023-07-09,2026-08-27,PENDING,LOS_ALPHA,,
LN-08270910-10520,BW-08270910-10520,COMMERCIAL,2023-02-01,2025-01-21,15000.0,28500.0,13.91,24,TX,AUTO_PURCHASE,E,5 years,$100k+,CLOSED,0,BetaServicing,2023-04-02,2026-08-27,PENDING,SERVICER_CSV,EXT-RISK-711,
LN-08270910-10521,BW-08270910-10521,AUTO,2023-02-11,2027-01-21,210590.83,33262.63,17.81,48,IL,HOME_PURCHASE,F,10+ years,$25k-$50k,DEFAULT,0,BetaServicing,2023-04-12,2026-08-27,PENDING,SERVICER_CSV,EXT-RISK-635,
LN-08270910-10522,BW-08270910-10522,STUDENT,2023-05-27,2026-05-11,265915.71,207278.58,17.54,36,IL,HOME_PURCHASE,E,< 1 year,$75k-$100k,LATE_30,41,BetaServicing,2023-07-26,2026-08-27,PENDING,LOS_ALPHA,,
LN-08270910-10523,BW-08270910-10523,STUDENT,2023-07-13,2026-06-27,258889.19,152582.31,9.12,36,TX,HOME_PURCHASE,F,5 years,<$25k,LATE_30,52,GammaServicing,2023-09-11,2026-08-27,PENDING,LOS_ALPHA,,
LN-08270910-10524,BW-08270910-10524,MORTGAGE,2024-05-10,2022-05-10,246801.23,43805.28,11.43,36,TX,DEBT_CONSOLIDATION,B,5 years,<$25k,CLOSED,0,ApexServicing,2023-12-20,2026-08-27,PENDING,MANUAL_EXCEL,,
LN-08270910-10525,BW-08270910-10525,AUTO,2023-09-15,2026-08-30,227339.18,92048.6,8.46,36,CA,BUSINESS_EXPANSION,C,10+ years,<$25k,DEFAULT,199,BetaServicing,2023-11-14,2026-08-27,PENDING,SERVICER_CSV,,VENDOR-TAG-42
LN-08270910-10526,BW-08270910-10357,COMMERCIAL,2023-06-27,2026-05-09,219854.05,57878.59,8.49,36,WA,DEBT_CONSOLIDATION,F,< 1 year,$100k+,CLOSED,0,DeltaServicing,2023-07-24,2026-08-27,PENDING,SERVICER_CSV,EXT-RISK-288,
LN-08270910-10527,BW-08270910-10527,STUDENT,2023-12-06,2025-11-25,115980.38,21591.41,5.27,24,CA,AUTO_PURCHASE,F,10+ years,$50k-$75k,LATE_60,87,GammaServicing,2024-02-04,2026-08-27,NULL,MANUAL_EXCEL,,
LN-08270910-10528,BW-REPEAT-2,STUDENT,2023-12-15,2027-11-24,238106.62,145379.23,18.16,48,OH,BUSINESS_EXPANSION,E,< 1 year,$50k-$75k,DEFAULT,232,DeltaServicing,2024-02-13,2026-08-27,PENDING,MANUAL_EXCEL,,
LN-08270910-10529,BW-08270910-10529,PERSONAL,2023-04-28,2052-11-21,76196.99,59336.28,13.31,360,WA,HOME_PURCHASE,C,5 years,$75k-$100k,LATE_90,100,GammaServicing,2023-06-27,2026-08-27,PENDING,MANUAL_EXCEL,,
LN-08270910-10530,BW-08270910-10530,COMMERCIAL,2023-03-21,2028-02-23,87692.09,13288.14,10.41,60,OH,HOME_PURCHASE,C,5 years,$100k+,CLOSED,0,GammaServicing,2023-05-20,2026-08-27,PENDING,SERVICER_CSV,,
LN-08270910-10531,BW-08270910-10531,MORTGAGE,2023-04-07,2033-02-13,163957.82,89649.98,14.05,120,TX,HOME_PURCHASE,E,10+ years,$50k-$75k,LATE_30,39,DeltaServicing,2023-06-06,2026-08-27,PENDING,MANUAL_EXCEL,EXT-RISK-921,
LN-08270910-10532,BW-08270910-10532,STUDENT,2023-05-23,2027-05-02,62993.85,49455.47,15.37,48,ZZ,EDUCATION,E,10+ years,$50k-$75k,LATE_60,88,BetaServicing,2023-07-22,2026-08-27,PENDING,LOS_ALPHA,,
LN-08270910-10533,BW-08270910-10533,PERSONAL,2023-09-22,2033-07-31,48682.66,11189.64,17.23,120,OH,DEBT_CONSOLIDATION,D,5 years,<$25k,CLOSED,0,ApexServicing,2023-11-21,2026-08-27,PENDING,LOS_ALPHA,,
LN-08270910-10534,BW-08270910-10534,AUTO,2023-06-04,2052-12-28,147978.23,105033.54,11.97,360,OH,BUSINESS_EXPANSION,D,5 years,$75k-$100k,CURRENT,0,GammaServicing,2023-08-03,2020-01-01,VERIFIED,SERVICER_CSV,,
LN-08270910-10535,BW-08270910-10535,PERSONAL,2023-06-12,2028-05-16,82119.37,27988.29,6.57,60,IL,DEBT_CONSOLIDATION,E,5 years,$75k-$100k,LATE_60,71,DeltaServicing,2023-08-11,2026-08-27,PENDING,MANUAL_EXCEL,,
LN-08270910-10536,BW-08270910-10536,STUDENT,2023-02-13,2052-09-08,51492.19,38421.1,14.89,360,FL,HOME_PURCHASE,D,2 years,$75k-$100k,CURRENT,0,GammaServicing,2023-04-14,2026-08-27,VERIFIED,ORIGINATION_API,,
LN-08270910-10537,BW-08270910-10537,PERSONAL,2023-09-13,2026-08-28,15000.0,28500.0,5.95,36,NC,HOME_PURCHASE,F,1 year,$50k-$75k,CLOSED,0,ApexServicing,2023-11-12,2026-08-27,PENDING,SERVICER_CSV,,VENDOR-TAG-97
LN-08270910-10538,BW-08270910-10538,MORTGAGE,2023-05-18,2027-04-27,200004.15,162904.59,11.41,48,IL,HOME_PURCHASE,D,1 year,<$25k,DEFAULT,266,GammaServicing,2023-07-17,2026-08-27,PENDING,ORIGINATION_API,,
LN-08270910-10539,BW-08270910-10539,MORTGAGE,2023-12-05,2027-11-14,164597.68,73131.73,14.15,48,WA,DEBT_CONSOLIDATION,C,< 1 year,$75k-$100k,LATE_90,106,GammaServicing,2024-02-03,2026-08-27,PENDING,MANUAL_EXCEL,,
LN-08270910-10540,BW-08270910-10540,AUTO,2023-09-12,2033-07-21,140955.72,78695.81,13.78,120,IL,HOME_PURCHASE,E,10+ years,$25k-$50k,DEFAULT,348,DeltaServicing,2023-11-11,2026-08-27,PENDING,LOS_ALPHA,,
LN-08270910-10541,BW-08270910-10541,COMMERCIAL,2023-08-08,2033-06-16,46030.65,11377.28,9.93,120,CA,AUTO_PURCHASE,A,10+ years,$100k+,CURRENT,0,BetaServicing,2023-10-07,2026-08-27,VERIFIED,MANUAL_EXCEL,,
LN-08270910-10542,BW-08270910-10542,MORTGAGE,2023-12-28,2033-11-05,68730.31,45146.08,11.14,120,CA,DEBT_CONSOLIDATION,F,1 year,$25k-$50k,DEFAULT,229,BetaServicing,2024-02-26,2026-08-27,NULL,LOS_ALPHA,,VENDOR-TAG-92
LN-08270910-10543,BW-08270910-10543,STUDENT,2023-09-28,2053-04-23,140604.06,78178.91,11.72,360,NY,EDUCATION,B,1 year,$50k-$75k,LATE_60,61,ApexServicing,2023-11-27,2026-08-27,PENDING,SERVICER_CSV,,
LN-08270910-10544,BW-08270910-10544,PERSONAL,2023-01-23,2052-08-18,224647.94,18500.5,13.75,360,CA,BUSINESS_EXPANSION,C,< 1 year,$25k-$50k,CURRENT,0,DeltaServicing,2023-03-24,2026-08-27,VERIFIED,SERVICER_CSV,,
LN-08270910-10545,BW-08270910-10545,AUTO,2023-04-26,2052-11-19,200495.41,163819.54,7.51,360,ZZ,HOME_PURCHASE,C,5 years,<$25k,LATE_30,52,DeltaServicing,2023-06-25,2026-08-27,PENDING,LOS_ALPHA,,
LN-08270910-10546,BW-08270910-10546,COMMERCIAL,2023-07-27,2027-07-06,299914.43,194824.55,6.16,48,TX,HOME_PURCHASE,D,2 years,$75k-$100k,LATE_90,101,BetaServicing,2023-09-25,2026-08-27,PENDING,LOS_ALPHA,EXT-RISK-936,VENDOR-TAG-57
LN-08270910-10547,BW-08270910-10547,STUDENT,2023-02-13,2052-09-08,279317.41,47013.24,11.58,360,GA,AUTO_PURCHASE,F,2 years,$75k-$100k,CLOSED,0,GammaServicing,2023-04-14,2026-08-27,PENDING,SERVICER_CSV,,
LN-08270910-10548,BW-08270910-10548,AUTO,2023-08-02,2027-07-12,211786.53,151366.14,16.75,48,NC,DEBT_CONSOLIDATION,E,2 years,$25k-$50k,LATE_60,87,DeltaServicing,2023-10-01,2026-08-27,PENDING,LOS_ALPHA,,
LN-08270910-10549,BW-08270910-10549,COMMERCIAL,2023-01-13,2026-12-23,90455.88,34757.94,15.83,48,TX,DEBT_CONSOLIDATION,C,< 1 year,$100k+,LATE_60,81,DeltaServicing,2023-03-14,2026-08-27,PENDING,ORIGINATION_API,EXT-RISK-747,
LN-08270910-10550,BW-08270910-10550,PERSONAL,2023-07-09,2053-02-01,167946.56,89497.96,11.6,360,GA,AUTO_PURCHASE,A,1 year,$50k-$75k,LATE_30,51,GammaServicing,2023-09-07,2026-08-27,PENDING,ORIGINATION_API,,
LN-08270910-10551,BW-08270910-10551,COMMERCIAL,2023-07-11,2026-06-25,138071.5,51077.13,16.36,36,GA,EDUCATION,E,10+ years,$50k-$75k,CURRENT,0,GammaServicing,2023-09-09,2026-08-27,VERIFIED,SERVICER_CSV,,
LN-08270910-10552,BW-08270910-10552,PERSONAL,2023-12-07,2053-07-02,291076.18,108750.23,10.96,360,PA,BUSINESS_EXPANSION,F,10+ years,$100k+,CLOSED,0,DeltaServicing,2024-02-05,2026-08-27,PENDING,ORIGINATION_API,,
LN-08270910-10553,BW-08270910-10553,STUDENT,2023-04-18,2033-02-24,257320.18,88016.43,10.28,120,PA,DEBT_CONSOLIDATION,F,10+ years,$75k-$100k,LATE_90,109,BetaServicing,2023-06-17,2026-08-27,PENDING,MANUAL_EXCEL,,
LN-08270910-10554,BW-08270910-10554,PERSONAL,2023-03-26,2027-03-05,82526.05,40123.39,10.55,48,WA,DEBT_CONSOLIDATION,E,< 1 year,<$25k,CLOSED,0,GammaServicing,2023-05-25,2026-08-27,PENDING,ORIGINATION_API,,
,BW-08270910-10555,MORTGAGE,2023-11-28,2027-11-07,162270.17,130505.06,10.02,48,CA,DEBT_CONSOLIDATION,A,5 years,$50k-$75k,LATE_90,102,DeltaServicing,2024-01-27,2026-08-27,PENDING,ORIGINATION_API,,VENDOR-TAG-17
LN-08270910-10556,BW-08270910-10556,AUTO,2023-12-02,2028-11-05,256061.17,80093.39,5.68,60,XX,HOME_PURCHASE,B,5 years,$75k-$100k,LATE_60,86,DeltaServicing,2024-01-31,2026-08-27,PENDING,LOS_ALPHA,,
LN-08270910-10557,BW-08270910-10557,MORTGAGE,2023-09-08,2027-08-18,70658.64,47241.45,11.98,48,WA,BUSINESS_EXPANSION,A,5 years,<$25k,DEFAULT,246,ApexServicing,2023-11-07,2026-08-27,PENDING,LOS_ALPHA,EXT-RISK-686,
LN-08270910-10558,BW-08270910-10558,PERSONAL,2023-04-13,2027-03-23,131638.93,46440.21,12.44,48,WA,AUTO_PURCHASE,F,1 year,$100k+,CURRENT,0,GammaServicing,2023-06-12,2026-08-27,VERIFIED,LOS_ALPHA,,
LN-08270910-10559,BW-08270910-10559,AUTO,2023-10-25,2028-09-28,76815.65,53140.32,12.82,60,IL,DEBT_CONSOLIDATION,D,5 years,$50k-$75k,CLOSED,0,DeltaServicing,2023-12-24,2026-08-27,PENDING,SERVICER_CSV,,VENDOR-TAG-12
LN-08270910-10560,BW-REPEAT-2,MORTGAGE,2023-03-13,2033-01-19,57567.24,18105.16,17.37,120,NC,HOME_PURCHASE,D,10+ years,$25k-$50k,DEFAULT,355,DeltaServicing,2023-05-12,2026-08-27,PENDING,ORIGINATION_API,,
LN-08270910-10561,BW-08270910-10561,PERSONAL,2023-10-04,2028-09-07,11174.51,8298.68,10.87,60,OH,EDUCATION,A,5 years,<$25k,LATE_30,55,DeltaServicing,2023-12-03,2020-01-01,PENDING,MANUAL_EXCEL,,
LN-08270910-10562,BW-08270910-10562,MORTGAGE,2023-09-04,2028-08-08,243341.12,145941.73,11.17,60,CA,AUTO_PURCHASE,C,10+ years,$100k+,LATE_60,82,GammaServicing,2023-11-03,2026-08-27,PENDING,ORIGINATION_API,,VENDOR-TAG-23
LN-08270910-10563,BW-08270910-10563,PERSONAL,2023-03-26,2027-03-05,117592.45,95159.04,-5.0,48,OH,BUSINESS_EXPANSION,E,2 years,$25k-$50k,LATE_30,42,GammaServicing,2023-05-25,2026-08-27,PENDING,LOS_ALPHA,,
LN-08270910-10564,BW-08270910-10564,AUTO,2023-05-10,2052-12-03,61364.5,14961.61,10.74,360,TX,DEBT_CONSOLIDATION,B,10+ years,$100k+,CLOSED,0,ApexServicing,2023-07-09,2026-08-27,PENDING,LOS_ALPHA,,
LN-08270910-10565,BW-08270910-10565,COMMERCIAL,2023-02-05,2032-12-14,249245.86,44060.85,8.67,120,FL,AUTO_PURCHASE,D,1 year,$25k-$50k,CLOSED,0,BetaServicing,2023-04-06,2026-08-27,PENDING,MANUAL_EXCEL,,
LN-08270910-10566,BW-08270910-10566,STUDENT,2023-04-28,2025-04-17,135525.68,74487.78,4.74,24,CA,BUSINESS_EXPANSION,B,2 years,$100k+,DEFAULT,302,DeltaServicing,2023-06-27,2026-08-27,PENDING,LOS_ALPHA,,
LN-08270910-10567,BW-08270910-10567,COMMERCIAL,2024-05-10,2022-05-10,122432.31,64775.48,7.05,120,IL,EDUCATION,C,5 years,$25k-$50k,LATE_30,34,ApexServicing,2024-01-17,2026-08-27,PENDING,SERVICER_CSV,EXT-RISK-528,
LN-08270910-10568,BW-08270910-10568,STUDENT,2023-03-30,2028-03-03,253246.23,180726.44,10.01,60,IL,BUSINESS_EXPANSION,B,1 year,$50k-$75k,CLOSED,0,DeltaServicing,2023-05-29,2026-08-27,PENDING,SERVICER_CSV,,VENDOR-TAG-90
LN-08270910-10569,BW-08270910-10569,STUDENT,2023-10-29,2025-10-18,52959.85,29148.25,17.3,24,OH,DEBT_CONSOLIDATION,E,1 year,$50k-$75k,LATE_60,68,BetaServicing,2023-12-28,2026-08-27,PENDING,ORIGINATION_API,,VENDOR-TAG-67
LN-08270910-10570,BW-08270910-10570,COMMERCIAL,2023-10-06,2028-09-09,122335.42,26526.74,17.18,60,TX,HOME_PURCHASE,A,< 1 year,$50k-$75k,DEFAULT,296,BetaServicing,2023-12-05,2026-08-27,PENDING,MANUAL_EXCEL,,
LN-08270910-10571,BW-08270910-10571,MORTGAGE,2023-07-02,2033-05-10,50398.75,45000.0,10.08,120,NC,BUSINESS_EXPANSION,E,1 year,$100k+,CLOSED,79,DeltaServicing,2023-08-31,2026-08-27,PENDING,SERVICER_CSV,,
LN-08270910-10572,BW-08270910-10572,STUDENT,2023-12-20,2025-12-09,117048.62,38262.98,12.62,24,FL,AUTO_PURCHASE,F,5 years,$75k-$100k,LATE_90,97,BetaServicing,2024-02-18,2026-08-27,PENDING,LOS_ALPHA,,
LN-08270910-10573,BW-08270910-10573,MORTGAGE,2023-05-12,2033-03-20,229459.88,176504.97,7.94,120,NC,BUSINESS_EXPANSION,E,2 years,$100k+,LATE_90,111,DeltaServicing,2023-07-11,2026-08-27,PENDING,SERVICER_CSV,,
LN-08270910-10574,BW-08270910-10574,COMMERCIAL,2023-02-21,2028-01-26,151316.55,51181.19,15.88,60,IL,DEBT_CONSOLIDATION,E,10+ years,$75k-$100k,CLOSED,0,ApexServicing,2023-04-22,2026-08-27,PENDING,SERVICER_CSV,,
LN-08270910-10575,BW-08270910-10575,PERSONAL,2023-10-04,2026-09-18,293321.61,93459.64,12.61,36,NY,BUSINESS_EXPANSION,E,1 year,$75k-$100k,LATE_60,79,DeltaServicing,2023-12-03,2026-08-27,PENDING,MANUAL_EXCEL,EXT-RISK-253,
LN-08270910-10576,BW-08270910-10576,MORTGAGE,2023-10-23,2025-10-12,164452.85,57527.18,16.12,24,IL,BUSINESS_EXPANSION,F,10+ years,$100k+,CURRENT,0,BetaServicing,2023-12-22,2026-08-27,VERIFIED,ORIGINATION_API,,
LN-08270910-10577,BW-08270910-10577,PERSONAL,2023-09-15,2028-08-19,82423.36,17269.34,18.43,60,IL,HOME_PURCHASE,C,< 1 year,$100k+,LATE_90,110,ApexServicing,2023-11-14,2026-08-27,PENDING,ORIGINATION_API,,
LN-08270910-10578,BW-08270910-10202,PERSONAL,2023-11-23,2026-03-18,14298.24,65868.94,12.66,36,CA,BUSINESS_EXPANSION,A,2 years,$100k+,LATE_60,66,GammaServicing,2023-06-02,2026-08-27,PENDING,ORIGINATION_API,,
LN-08270910-10579,BW-08270910-10579,PERSONAL,2023-11-11,2028-10-15,154694.58,62866.71,8.2,60,FL,HOME_PURCHASE,C,10+ years,<$25k,DEFAULT,288,DeltaServicing,2024-01-10,2026-08-27,PENDING,ORIGINATION_API,,
LN-08270910-10580,BW-08270910-10580,MORTGAGE,2023-09-22,2028-08-26,283321.93,18500.5,14.22,60,IL,HOME_PURCHASE,B,5 years,$75k-$100k,CURRENT,103,GammaServicing,2023-11-21,2026-08-27,PENDING,LOS_ALPHA,,
LN-08270910-10581,BW-08270910-10581,PERSONAL,2023-04-17,2028-03-21,120906.2,71754.72,6.31,60,FL,DEBT_CONSOLIDATION,A,2 years,$100k+,CLOSED,0,BetaServicing,2023-06-16,2026-08-27,PENDING,LOS_ALPHA,,
LN-08270910-10350,BW-08270910-10582,COMMERCIAL,2023-01-24,2025-01-13,118903.25,45518.2,17.93,24,CA,DEBT_CONSOLIDATION,A,10+ years,<$25k,DEFAULT,220,DeltaServicing,2023-03-25,2026-08-27,PENDING,LOS_ALPHA,EXT-RISK-318,VENDOR-TAG-91
LN-08270910-10583,BW-08270910-10583,PERSONAL,2023-07-21,2026-07-05,182337.03,102032.23,13.22,36,WA,AUTO_PURCHASE,A,5 years,$50k-$75k,LATE_90,99,GammaServicing,2023-09-19,2026-08-27,PENDING,SERVICER_CSV,,
LN-08270910-10584,BW-08270910-10584,MORTGAGE,2023-06-18,2027-05-28,224544.36,66347.8,14.07,48,NC,AUTO_PURCHASE,E,10+ years,$50k-$75k,DEFAULT,203,DeltaServicing,2023-08-17,2026-08-27,PENDING,ORIGINATION_API,,
LN-08270910-10585,BW-08270910-10585,STUDENT,2023-08-03,2026-07-18,-186388.38,93707.54,18.32,36,OH,BUSINESS_EXPANSION,B,2 years,$100k+,DEFAULT,242,GammaServicing,2023-10-02,2026-08-27,PENDING,SERVICER_CSV,,
LN-08270910-10586,BW-08270910-10586,STUDENT,2023-06-14,2027-05-24,122527.71,59940.64,17.97,48,ZZ,EDUCATION,E,2 years,$100k+,LATE_30,57,ApexServicing,2023-08-13,2026-08-27,PENDING,ORIGINATION_API,,VENDOR-TAG-72
LN-08270910-10587,BW-08270910-10587,PERSONAL,2023-05-04,2027-04-13,155309.81,60374.35,17.56,48,OH,BUSINESS_EXPANSION,E,5 years,<$25k,DEFAULT,131,ApexServicing,2023-07-03,2026-08-27,PENDING,ORIGINATION_API,EXT-RISK-916,
LN-08270910-10588,BW-08270910-10588,PERSONAL,2023-07-14,2025-07-03,42500.39,26101.31,9.64,24,IL,DEBT_CONSOLIDATION,E,< 1 year,$100k+,LATE_90,100,DeltaServicing,2023-09-12,2026-08-27,PENDING,ORIGINATION_API,,
LN-08270910-10589,BW-08270910-10589,STUDENT,2023-08-03,2026-07-18,-84255.99,44361.06,15.69,36,CA,HOME_PURCHASE,B,1 year,$100k+,CURRENT,0,GammaServicing,2023-10-02,2026-08-27,VERIFIED,LOS_ALPHA,EXT-RISK-659,
LN-08270910-10590,BW-08270910-10590,STUDENT,2023-02-17,2027-01-27,88952.54,57605.02,17.22,48,CA,BUSINESS_EXPANSION,D,5 years,$50k-$75k,DEFAULT,336,BetaServicing,2023-04-18,2026-08-27,PENDING,SERVICER_CSV,,
LN-08270910-10591,BW-08270910-10591,STUDENT,2023-02-02,2027-01-12,13328.49,3128.01,9.72,48,NY,BUSINESS_EXPANSION,A,2 years,$100k+,CLOSED,0,BetaServicing,2023-04-03,2026-08-27,PENDING,MANUAL_EXCEL,,
LN-08270910-10592,BW-08270910-10592,PERSONAL,2024-05-10,2022-05-10,229515.85,187469.59,13.07,120,TX,HOME_PURCHASE,C,1 year,<$25k,DEFAULT,196,ApexServicing,2024-02-18,2026-08-27,PENDING,LOS_ALPHA,,
LN-08270910-10593,BW-08270910-10593,PERSONAL,2023-05-12,2027-04-21,223592.92,140950.78,14.12,48,OH,EDUCATION,C,10+ years,$75k-$100k,DEFAULT,219,GammaServicing,2023-07-11,2026-08-27,PENDING,ORIGINATION_API,,VENDOR-TAG-64
LN-08270910-10594,BW-REPEAT-2,AUTO,2023-05-30,2028-05-03,105640.74,43275.02,15.03,60,IL,HOME_PURCHASE,E,5 years,$25k-$50k,LATE_60,83,ApexServicing,2023-07-29,2026-08-27,PENDING,LOS_ALPHA,,
LN-08270910-10595,BW-08270910-10595,COMMERCIAL,2023-09-29,2025-09-18,275676.98,153352.99,10.65,24,PA,EDUCATION,B,10+ years,$50k-$75k,LATE_30,39,DeltaServicing,2023-11-28,2026-08-27,PENDING,SERVICER_CSV,,
LN-08270910-10596,BW-08270910-10596,PERSONAL,2023-07-15,2028-06-18,100477.01,43014.16,18.28,60,NY,BUSINESS_EXPANSION,B,< 1 year,$100k+,LATE_60,81,BetaServicing,2023-09-13,2026-08-27,PENDING,ORIGINATION_API,,
LN-08270910-10597,BW-08270910-10597,STUDENT,2023-10-30,2027-10-09,217238.93,118312.76,13.61,48,IL,DEBT_CONSOLIDATION,C,2 years,$100k+,CURRENT,0,ApexServicing,2023-12-29,2026-08-27,VERIFIED,LOS_ALPHA,,
LN-08270910-10598,BW-08270910-10598,STUDENT,INVALID_DATE,2027-08-28,198778.9,100826.23,7.53,48,NY,HOME_PURCHASE,E,< 1 year,$75k-$100k,LATE_30,45,GammaServicing,2023-11-17,2026-08-27,PENDING,SERVICER_CSV,,
LN-08270910-10599,BW-08270910-10599,COMMERCIAL,2023-06-24,2028-05-28,158791.13,112138.03,7.01,60,CA,DEBT_CONSOLIDATION,B,1 year,$25k-$50k,CLOSED,0,BetaServicing,2023-08-23,2026-08-27,PENDING,ORIGINATION_API,,
LN-08270910-10600,BW-08270910-10600,MORTGAGE,2023-10-28,2027-10-07,291848.0,183032.86,5.0,48,NY,BUSINESS_EXPANSION,C,< 1 year,$50k-$75k,LATE_90,92,GammaServicing,2023-12-27,2026-08-27,PENDING,ORIGINATION_API,,VENDOR-TAG-68
LN-08270910-10601,BW-08270910-10601,PERSONAL,2023-01-21,2027-12-26,61272.12,45000.0,8.15,60,CA,BUSINESS_EXPANSION,D,5 years,$100k+,CLOSED,111,BetaServicing,2023-03-22,2026-08-27,PENDING,SERVICER_CSV,,
LN-08270910-10602,BW-08270910-10602,STUDENT,2023-08-12,2025-08-01,208890.11,34175.09,10.18,24,CA,EDUCATION,C,1 year,$25k-$50k,CURRENT,0,BetaServicing,2023-10-11,2020-01-01,VERIFIED,ORIGINATION_API,,
LN-08270910-10603,BW-08270910-10603,PERSONAL,2023-02-07,2032-12-16,62218.88,36282.22,10.53,120,OH,AUTO_PURCHASE,C,5 years,$50k-$75k,LATE_30,56,DeltaServicing,2023-04-08,2026-08-27,PENDING,SERVICER_CSV,,VENDOR-TAG-95
LN-08270910-10604,BW-08270910-10604,PERSONAL,2023-06-20,2027-05-30,18473.89,15542.51,4.75,48,PA,AUTO_PURCHASE,B,2 years,$75k-$100k,CURRENT,0,DeltaServicing,2023-08-19,2026-08-27,VERIFIED,LOS_ALPHA,EXT-RISK-681,
LN-08270910-10605,BW-08270910-10605,AUTO,2023-01-24,2052-08-19,158989.69,132487.48,13.45,360,TX,EDUCATION,F,10+ years,$25k-$50k,DEFAULT,202,BetaServicing,2023-03-25,2026-08-27,PENDING,MANUAL_EXCEL,,
LN-08270910-10606,BW-08270910-10606,COMMERCIAL,2023-04-02,2027-03-12,246212.17,146299.84,10.13,48,FL,HOME_PURCHASE,D,10+ years,$75k-$100k,CURRENT,0,GammaServicing,2023-06-01,2026-08-27,VERIFIED,SERVICER_CSV,,
LN-08270910-10607,BW-08270910-10607,MORTGAGE,2023-10-11,2025-09-30,281721.94,64207.66,12.4,24,NY,BUSINESS_EXPANSION,C,1 year,$75k-$100k,LATE_30,59,GammaServicing,2023-12-10,2026-08-27,PENDING,SERVICER_CSV,,
LN-08270910-10608,BW-08270910-10608,MORTGAGE,2023-07-25,2028-06-28,245538.17,103596.83,10.98,60,OH,BUSINESS_EXPANSION,D,10+ years,$100k+,CLOSED,0,ApexServicing,2023-09-23,2026-08-27,PENDING,ORIGINATION_API,,
LN-08270910-10609,BW-08270910-10609,STUDENT,2023-09-24,2028-08-28,-179642.99,89369.72,11.98,60,TX,DEBT_CONSOLIDATION,F,< 1 year,$50k-$75k,LATE_30,43,DeltaServicing,2023-11-23,2026-08-27,PENDING,MANUAL_EXCEL,EXT-RISK-167,
LN-08270910-10610,BW-08270910-10610,AUTO,2023-02-20,2026-02-04,175817.96,58270.71,10.39,36,CA,BUSINESS_EXPANSION,F,2 years,$25k-$50k,DEFAULT,150,ApexServicing,2023-04-21,2026-08-27,PENDING,MANUAL_EXCEL,,
LN-08270910-10611,BW-08270910-10611,MORTGAGE,2023-12-27,2028-11-30,45673.84,14186.4,14.66,60,OH,DEBT_CONSOLIDATION,C,5 years,$25k-$50k,LATE_90,116,BetaServicing,2024-02-25,2026-08-27,PENDING,LOS_ALPHA,EXT-RISK-702,
LN-08270910-10612,BW-08270910-10612,STUDENT,2023-02-12,2027-01-22,234754.07,173831.76,16.35,48,OH,EDUCATION,D,< 1 year,$50k-$75k,CURRENT,0,BetaServicing,2023-04-13,2026-08-27,VERIFIED,MANUAL_EXCEL,,VENDOR-TAG-37
LN-08270910-10613,BW-REPEAT-1,MORTGAGE,2023-03-22,2052-10-15,242208.7,91379.38,15.51,360,NC,HOME_PURCHASE,D,5 years,$25k-$50k,CLOSED,0,BetaServicing,2023-05-21,2026-08-27,PENDING,MANUAL_EXCEL,,VENDOR-TAG-97
,BW-08270910-10614,COMMERCIAL,2023-01-05,2024-12-25,41430.56,32076.61,14.24,24,GA,BUSINESS_EXPANSION,C,10+ years,$50k-$75k,CLOSED,0,GammaServicing,2023-03-06,2026-08-27,PENDING,MANUAL_EXCEL,,VENDOR-TAG-63
LN-08270910-10615,BW-08270910-10615,PERSONAL,2023-08-01,2053-02-24,217574.56,141433.46,15.5,360,PA,EDUCATION,B,< 1 year,<$25k,CLOSED,0,DeltaServicing,2023-09-30,2026-08-27,PENDING,SERVICER_CSV,,
LN-08270910-10616,BW-08270910-10616,COMMERCIAL,2023-10-17,2033-08-25,155720.46,77001.64,9.13,120,GA,AUTO_PURCHASE,B,10+ years,$50k-$75k,CURRENT,0,DeltaServicing,2023-12-16,2026-08-27,VERIFIED,LOS_ALPHA,,
LN-08270910-10617,BW-08270910-10617,STUDENT,2023-05-18,2052-12-11,229265.18,63813.16,11.76,360,IL,HOME_PURCHASE,A,1 year,$50k-$75k,LATE_60,65,GammaServicing,2023-07-17,2026-08-27,PENDING,MANUAL_EXCEL,,
LN-08270910-10618,BW-08270910-10618,MORTGAGE,2023-09-12,2026-08-27,200448.58,33572.21,4.84,36,PA,EDUCATION,F,10+ years,$75k-$100k,DEFAULT,176,BetaServicing,2023-11-11,2026-08-27,PENDING,MANUAL_EXCEL,,
LN-08270910-10619,BW-08270910-10619,STUDENT,2023-10-19,2026-10-03,148889.66,38385.74,18.3,36,OH,DEBT_CONSOLIDATION,C,1 year,$25k-$50k,CURRENT,0,ApexServicing,2023-12-18,2026-08-27,,LOS_ALPHA,EXT-RISK-414,
LN-08270910-10620,BW-08270910-10620,AUTO,2023-04-01,2052-10-25,284213.12,126215.2,8.61,360,GA,BUSINESS_EXPANSION,D,< 1 year,$50k-$75k,LATE_90,95,DeltaServicing,2023-05-31,2026-08-27,PENDING,SERVICER_CSV,EXT-RISK-519,
LN-08270910-10621,BW-08270910-10621,MORTGAGE,2023-06-08,2025-05-28,215285.41,65953.99,5.58,24,OH,EDUCATION,F,< 1 year,$50k-$75k,DEFAULT,167,GammaServicing,2023-08-07,2026-08-27,PENDING,SERVICER_CSV,,
LN-08270910-10622,BW-08270910-10622,AUTO,2023-04-11,2027-03-21,294314.58,133259.31,12.68,48,CA,HOME_PURCHASE,A,1 year,$25k-$50k,DEFAULT,139,BetaServicing,2023-06-10,2026-08-27,PENDING,MANUAL_EXCEL,,
LN-08270910-10623,BW-08270910-10623,AUTO,2023-03-30,2033-02-05,271554.89,99438.26,9.31,120,FL,AUTO_PURCHASE,D,5 years,$25k-$50k,DEFAULT,316,DeltaServicing,2023-05-29,2026-08-27,PENDING,MANUAL_EXCEL,EXT-RISK-722,
LN-08270910-10624,BW-08270910-10624,STUDENT,2023-02-04,2028-01-09,195135.24,158207.56,11.95,60,WA,DEBT_CONSOLIDATION,F,10+ years,$75k-$100k,CURRENT,0,BetaServicing,2023-04-05,2026-08-27,VERIFIED,ORIGINATION_API,EXT-RISK-510,VENDOR-TAG-20
LN-08270910-10625,BW-08270910-10625,COMMERCIAL,2023-07-19,2028-06-22,262333.35,141832.66,10.95,60,WA,BUSINESS_EXPANSION,F,10+ years,<$25k,CURRENT,0,DeltaServicing,2023-09-17,2026-08-27,VERIFIED,SERVICER_CSV,,
LN-08270910-10626,BW-08270910-10626,STUDENT,2023-07-18,2053-02-10,29663.27,12031.42,9.48,360,FL,DEBT_CONSOLIDATION,C,< 1 year,$25k-$50k,LATE_60,87,GammaServicing,2023-09-16,2026-08-27,PENDING,SERVICER_CSV,,
LN-08270910-10627,BW-08270910-10627,AUTO,2023-12-14,2033-10-22,40877.22,34180.4,9.38,120,FL,AUTO_PURCHASE,A,< 1 year,$25k-$50k,LATE_60,77,GammaServicing,2024-02-12,2026-08-27,PENDING,MANUAL_EXCEL,EXT-RISK-416,
LN-08270910-10628,BW-08270910-10628,PERSONAL,2023-02-11,2028-01-16,271435.76,193651.75,-5.0,60,FL,EDUCATION,E,5 years,$75k-$100k,DEFAULT,277,GammaServicing,2023-04-12,2026-08-27,PENDING,ORIGINATION_API,,
LN-08270910-10629,BW-08270910-10629,PERSONAL,2023-08-02,2053-02-25,200601.32,113870.14,5.88,360,TX,HOME_PURCHASE,D,2 years,<$25k,LATE_90,97,DeltaServicing,2023-10-01,2026-08-27,PENDING,LOS_ALPHA,,
LN-08270910-10630,BW-08270910-10630,PERSONAL,2023-03-01,2027-02-08,50500.9,28309.39,11.64,48,IL,AUTO_PURCHASE,B,2 years,<$25k,CLOSED,0,DeltaServicing,2023-04-30,2026-08-27,PENDING,SERVICER_CSV,,
LN-08270910-10631,BW-REPEAT-3,COMMERCIAL,2023-06-23,2053-01-16,163519.59,101783.84,15.55,360,WA,BUSINESS_EXPANSION,F,< 1 year,$100k+,LATE_90,94,DeltaServicing,2023-08-22,2026-08-27,PENDING,SERVICER_CSV,EXT-RISK-355,
LN-08270910-10632,BW-08270910-10632,PERSONAL,2023-02-26,2026-02-10,240698.35,190615.75,15.77,36,TX,EDUCATION,B,2 years,$50k-$75k,LATE_60,79,ApexServicing,2023-04-27,2026-08-27,PENDING,SERVICER_CSV,,
LN-08270910-10633,BW-08270910-10633,STUDENT,2023-05-20,2027-04-29,172404.22,29785.73,17.05,48,IL,AUTO_PURCHASE,B,1 year,$50k-$75k,LATE_60,78,DeltaServicing,2023-07-19,2020-01-01,PENDING,ORIGINATION_API,,
LN-08270910-10634,BW-08270910-10634,COMMERCIAL,2023-07-30,2033-06-07,95359.38,78465.44,9.25,120,CA,DEBT_CONSOLIDATION,A,1 year,$25k-$50k,CURRENT,0,DeltaServicing,2023-09-28,2026-08-27,VERIFIED,LOS_ALPHA,,
LN-08270910-10635,BW-08270910-10635,COMMERCIAL,2023-07-18,2027-06-27,234073.78,18500.5,9.04,48,NY,DEBT_CONSOLIDATION,D,2 years,$75k-$100k,CURRENT,47,GammaServicing,2023-09-16,2026-08-27,PENDING,MANUAL_EXCEL,,
LN-08270910-10636,BW-08270910-10636,STUDENT,2023-06-02,2033-04-10,296131.96,18500.5,16.56,120,PA,BUSINESS_EXPANSION,F,5 years,<$25k,CURRENT,69,ApexServicing,2023-08-01,2026-08-27,PENDING,LOS_ALPHA,,
LN-08270910-10637,BW-08270910-10637,STUDENT,2023-08-10,2053-03-05,225923.71,45000.0,9.85,360,NC,AUTO_PURCHASE,A,< 1 year,<$25k,CLOSED,0,BetaServicing,2023-10-09,2026-08-27,PENDING,SERVICER_CSV,,
LN-08270910-10638,BW-08270910-10638,MORTGAGE,2023-08-02,2033-06-10,173400.96,93134.31,11.38,120,FL,DEBT_CONSOLIDATION,A,2 years,$25k-$50k,CLOSED,0,DeltaServicing,2023-10-01,2026-08-27,PENDING,MANUAL_EXCEL,,VENDOR-TAG-50
LN-08270910-10639,BW-08270910-10639,PERSONAL,2023-03-24,2033-01-30,208914.06,98004.66,10.06,120,NY,EDUCATION,F,1 year,<$25k,DEFAULT,174,GammaServicing,2023-05-23,2026-08-27,PENDING,MANUAL_EXCEL,,
LN-08270910-10640,BW-08270910-10640,AUTO,2023-05-13,2028-04-16,81691.17,28744.3,9.8,60,IL,BUSINESS_EXPANSION,D,5 years,$100k+,LATE_60,78,GammaServicing,2023-07-12,2026-08-27,PENDING,ORIGINATION_API,EXT-RISK-556,
LN-08270910-10641,BW-08270910-10641,STUDENT,2023-05-05,2028-04-08,74728.44,29398.04,7.46,60,TX,BUSINESS_EXPANSION,C,1 year,$25k-$50k,CURRENT,0,DeltaServicing,2023-07-04,2020-01-01,VERIFIED,MANUAL_EXCEL,EXT-RISK-231,
LN-08270910-10642,BW-08270910-10642,STUDENT,2023-10-19,2033-08-27,241475.04,132072.57,9.46,120,NC,BUSINESS_EXPANSION,E,2 years,$50k-$75k,CLOSED,0,ApexServicing,2023-12-18,2026-08-27,PENDING,LOS_ALPHA,,
LN-08270910-10643,BW-08270910-10643,PERSONAL,2023-12-28,2028-12-01,19771.22,18500.5,8.75,60,WA,BUSINESS_EXPANSION,D,1 year,<$25k,CURRENT,0,GammaServicing,2024-02-26,2026-08-27,VERIFIED,MANUAL_EXCEL,,
LN-08270910-10644,BW-08270910-10644,MORTGAGE,2023-04-28,2033-03-06,159643.59,68624.07,13.37,120,OH,HOME_PURCHASE,F,2 years,$25k-$50k,LATE_30,37,BetaServicing,2023-06-27,2026-08-27,PENDING,MANUAL_EXCEL,,VENDOR-TAG-65
LN-08270910-10645,BW-08270910-10645,AUTO,2023-12-07,2025-11-26,261208.33,207278.86,13.21,24,WA,EDUCATION,B,1 year,$75k-$100k,DEFAULT,250,DeltaServicing,2024-02-05,2026-08-27,PENDING,MANUAL_EXCEL,,
LN-08270910-10646,BW-08270910-10646,STUDENT,2023-02-09,2028-01-14,250622.24,111928.85,7.16,60,PA,BUSINESS_EXPANSION,A,2 years,$50k-$75k,DEFAULT,294,BetaServicing,2023-04-10,2026-08-27,PENDING,LOS_ALPHA,,
LN-08270910-10647,BW-08270910-10647,AUTO,2023-10-10,2053-05-05,90361.61,60261.88,6.47,360,NC,AUTO_PURCHASE,E,2 years,$75k-$100k,LATE_90,98,BetaServicing,2023-12-09,2026-08-27,PENDING,LOS_ALPHA,,VENDOR-TAG-33
LN-08270910-10648,BW-REPEAT-2,STUDENT,2023-01-26,2027-01-05,115195.74,91984.29,14.66,48,GA,BUSINESS_EXPANSION,A,1 year,$100k+,DEFAULT,203,GammaServicing,2023-03-27,2026-08-27,PENDING,SERVICER_CSV,,
LN-08270910-10649,BW-08270910-10649,COMMERCIAL,2023-10-06,2028-09-09,62475.61,16108.19,14.01,60,NY,AUTO_PURCHASE,E,2 years,$75k-$100k,LATE_90,107,BetaServicing,2023-12-05,2026-08-27,PENDING,MANUAL_EXCEL,EXT-RISK-814,
LN-08270910-10650,BW-08270910-10650,PERSONAL,2023-12-31,2053-07-26,276286.38,103523.6,13.8,360,CA,BUSINESS_EXPANSION,C,< 1 year,<$25k,LATE_90,109,BetaServicing,2024-02-29,2026-08-27,PENDING,LOS_ALPHA,EXT-RISK-243,
LN-08270910-10651,BW-08270910-10651,MORTGAGE,2023-11-26,2027-11-05,172296.69,73008.57,8.55,48,GA,DEBT_CONSOLIDATION,D,< 1 year,<$25k,DEFAULT,127,ApexServicing,2024-01-25,2026-08-27,PENDING,MANUAL_EXCEL,,VENDOR-TAG-87
LN-08270910-10652,BW-08270910-10652,STUDENT,2023-10-01,2053-04-26,178845.34,106364.16,10.43,360,XX1,DEBT_CONSOLIDATION,D,< 1 year,$50k-$75k,LATE_90,119,DeltaServicing,2023-11-30,2026-08-27,PENDING,ORIGINATION_API,,
LN-08270910-10653,BW-08270910-10653,COMMERCIAL,2023-02-11,2028-01-16,113199.75,62504.81,8.5,60,FL,DEBT_CONSOLIDATION,A,10+ years,$100k+,LATE_60,63,DeltaServicing,2023-04-12,2026-08-27,PENDING,ORIGINATION_API,,VENDOR-TAG-48
LN-08270910-10654,BW-08270910-10654,STUDENT,2023-03-17,2028-02-19,132226.05,82932.71,15.72,60,GA,AUTO_PURCHASE,A,5 years,$25k-$50k,LATE_90,98,DeltaServicing,2023-05-16,2026-08-27,PENDING,SERVICER_CSV,,
LN-08270910-10655,BW-08270910-10655,STUDENT,2023-02-03,2028-01-08,29549.3,24000.89,17.1,60,IL,HOME_PURCHASE,F,< 1 year,$50k-$75k,DEFAULT,213,ApexServicing,2023-04-04,2026-08-27,PENDING,MANUAL_EXCEL,EXT-RISK-383,
LN-08270910-10656,BW-08270910-10656,PERSONAL,2023-07-05,2025-06-24,105974.02,54222.63,14.02,24,GA,EDUCATION,A,5 years,$50k-$75k,LATE_30,31,ApexServicing,2023-09-03,2026-08-27,PENDING,ORIGINATION_API,,
LN-08270910-10657,BW-08270910-10657,MORTGAGE,2023-01-06,2052-08-01,35536.64,25301.61,14.12,360,CA,BUSINESS_EXPANSION,F,< 1 year,$50k-$75k,CURRENT,0,BetaServicing,2023-03-07,2026-08-27,VERIFIED,LOS_ALPHA,,
LN-08270910-10658,BW-08270910-10658,COMMERCIAL,2023-06-20,2033-04-28,150562.78,70246.49,7.78,120,NY,EDUCATION,E,5 years,<$25k,LATE_30,53,ApexServicing,2023-08-19,2026-08-27,PENDING,SERVICER_CSV,,
LN-08270910-10659,BW-08270910-10659,COMMERCIAL,2023-11-10,2027-10-20,211626.91,84499.35,120.0,48,OH,EDUCATION,D,2 years,$25k-$50k,LATE_30,46,BetaServicing,2024-01-09,2026-08-27,PENDING,LOS_ALPHA,,
LN-08270910-10660,BW-08270910-10660,MORTGAGE,2023-01-01,2024-12-21,19506.83,7653.75,14.42,24,NY,AUTO_PURCHASE,B,1 year,$100k+,DEFAULT,175,ApexServicing,2023-03-02,2026-08-27,PENDING,LOS_ALPHA,EXT-RISK-569,
LN-08270910-10661,BW-08270910-10661,MORTGAGE,2023-10-06,2025-09-25,45995.92,16700.42,17.68,24,XX,EDUCATION,A,5 years,$25k-$50k,DEFAULT,338,BetaServicing,2023-12-05,2026-08-27,PENDING,MANUAL_EXCEL,,VENDOR-TAG-70
LN-08270910-10662,BW-08270910-10662,STUDENT,2024-05-10,2022-05-10,216312.25,143033.12,8.8,120,WA,DEBT_CONSOLIDATION,F,2 years,$50k-$75k,DEFAULT,256,GammaServicing,2023-12-30,2026-08-27,PENDING,LOS_ALPHA,,
LN-08270910-10663,BW-08270910-10663,AUTO,2024-05-10,2022-05-10,41983.51,30623.73,17.97,48,CA,DEBT_CONSOLIDATION,C,1 year,$25k-$50k,LATE_90,118,ApexServicing,2023-06-02,2026-08-27,PENDING,MANUAL_EXCEL,,
LN-08270910-10664,BW-08270910-10664,STUDENT,2023-07-05,2027-06-14,67730.15,48837.66,16.25,48,TX,HOME_PURCHASE,C,5 years,$25k-$50k,CLOSED,0,ApexServicing,2023-09-03,2026-08-27,PENDING,SERVICER_CSV,,VENDOR-TAG-11
LN-08270910-10269,BW-08270910-10665,PERSONAL,2023-09-27,2026-09-11,52647.33,31046.31,8.22,36,NY,DEBT_CONSOLIDATION,A,2 years,$50k-$75k,LATE_60,72,DeltaServicing,2023-11-26,2026-08-27,PENDING,MANUAL_EXCEL,,VENDOR-TAG-99
LN-08270910-10666,BW-08270910-10666,MORTGAGE,2023-04-22,2033-02-28,289086.22,106717.34,9.83,120,IL,DEBT_CONSOLIDATION,C,10+ years,$75k-$100k,DEFAULT,0,DeltaServicing,2023-06-21,2026-08-27,PENDING,ORIGINATION_API,,
LN-08270910-10667,BW-08270910-10667,AUTO,2023-06-24,2053-01-17,190205.32,92450.46,12.99,360,GA,EDUCATION,E,5 years,$50k-$75k,LATE_30,58,DeltaServicing,2023-08-23,2026-08-27,PENDING,MANUAL_EXCEL,,
LN-08270910-10011,BW-08270910-10668,COMMERCIAL,2023-01-19,2052-08-14,182851.3,88350.7,16.31,360,TX,EDUCATION,A,10+ years,<$25k,LATE_90,115,ApexServicing,2023-03-20,2026-08-27,PENDING,SERVICER_CSV,EXT-RISK-512,
LN-08270910-10669,BW-08270910-10669,MORTGAGE,2023-05-06,2033-03-14,79985.0,56845.58,16.4,120,GA,HOME_PURCHASE,D,5 years,$25k-$50k,LATE_90,119,ApexServicing,2023-07-05,2026-08-27,PENDING,LOS_ALPHA,,
LN-08270910-10670,BW-08270910-10670,STUDENT,15/01/2023,2027-06-23,97798.55,52969.87,6.62,48,PA,DEBT_CONSOLIDATION,C,5 years,$25k-$50k,CURRENT,0,ApexServicing,2023-09-12,2026-08-27,VERIFIED,SERVICER_CSV,,VENDOR-TAG-56
LN-08270910-10671,BW-08270910-10671,AUTO,2024-01-01,2025-12-21,25669.28,14722.8,6.47,24,TX,EDUCATION,A,5 years,$50k-$75k,CLOSED,0,DeltaServicing,2024-03-01,2026-08-27,PENDING,ORIGINATION_API,EXT-RISK-216,
LN-08270910-10672,BW-08270910-10672,STUDENT,2023-10-13,2028-09-16,94257.51,63010.6,9.24,60,CA,AUTO_PURCHASE,E,2 years,$25k-$50k,CURRENT,0,GammaServicing,2023-12-12,2026-08-27,VERIFIED,SERVICER_CSV,EXT-RISK-210,
LN-08270910-10673,BW-08270910-10673,STUDENT,2023-05-06,2052-11-29,236615.75,139925.3,10.43,360,NC,HOME_PURCHASE,D,10+ years,$25k-$50k,CURRENT,0,GammaServicing,2023-07-05,2026-08-27,VERIFIED,ORIGINATION_API,,
LN-08270910-10674,BW-08270910-10674,MORTGAGE,2023-08-12,2026-07-27,51493.75,18500.5,5.68,36,TX,AUTO_PURCHASE,E,2 years,$50k-$75k,CURRENT,0,DeltaServicing,2023-10-11,2026-08-27,PENDING,ORIGINATION_API,,
LN-08270910-10675,BW-08270910-10675,MORTGAGE,2023-09-13,2027-08-23,82214.89,50414.88,6.61,48,NY,DEBT_CONSOLIDATION,B,< 1 year,$75k-$100k,LATE_30,57,GammaServicing,2023-11-12,2026-08-27,PENDING,SERVICER_CSV,,
LN-08270910-10676,BW-08270910-10676,MORTGAGE,2023-07-03,2025-06-22,299529.82,205394.64,17.45,24,CA,BUSINESS_EXPANSION,B,< 1 year,$25k-$50k,LATE_90,95,BetaServicing,2023-09-01,2026-08-27,PENDING,MANUAL_EXCEL,,
LN-08270910-10677,BW-08270910-10677,STUDENT,2023-09-07,2027-08-17,248550.19,53987.6,45.0,48,PA,DEBT_CONSOLIDATION,F,1 year,$25k-$50k,LATE_60,83,DeltaServicing,2023-11-06,2026-08-27,PENDING,SERVICER_CSV,,
LN-08270910-10678,BW-08270910-10678,PERSONAL,2023-05-15,2033-03-23,17408.39,14175.62,15.25,120,NY,HOME_PURCHASE,E,2 years,$100k+,CLOSED,0,DeltaServicing,2023-07-14,2026-08-27,PENDING,SERVICER_CSV,,
LN-08270910-10679,BW-08270910-10679,STUDENT,2023-10-21,2028-09-24,221930.2,122900.04,11.59,60,PA,HOME_PURCHASE,B,5 years,$100k+,LATE_90,101,ApexServicing,2023-12-20,2026-08-27,PENDING,MANUAL_EXCEL,,VENDOR-TAG-10
LN-08270910-10680,BW-08270910-10680,AUTO,2023-04-19,2052-11-12,66405.9,29121.95,5.4,360,GA,DEBT_CONSOLIDATION,B,10+ years,$25k-$50k,LATE_30,31,ApexServicing,2023-06-18,2026-08-27,PENDING,LOS_ALPHA,,VENDOR-TAG-85
LN-08270910-10681,BW-08270910-10681,STUDENT,2023-04-04,2052-10-28,13157.57,7756.43,14.25,360,TX,DEBT_CONSOLIDATION,D,1 year,<$25k,LATE_30,37,BetaServicing,2023-06-03,2026-08-27,PENDING,ORIGINATION_API,EXT-RISK-778,
LN-08270910-10682,BW-08270910-10682,COMMERCIAL,2023-05-27,2026-05-11,47933.35,27956.08,7.83,36,IL,HOME_PURCHASE,C,10+ years,$50k-$75k,CLOSED,0,BetaServicing,2023-07-26,2026-08-27,PENDING,ORIGINATION_API,,
LN-08270910-10683,BW-08270910-10683,STUDENT,2023-04-17,2025-04-06,295542.02,216255.85,10.73,24,NY,DEBT_CONSOLIDATION,E,10+ years,$75k-$100k,CURRENT,0,ApexServicing,2023-06-16,2026-08-27,VERIFIED,MANUAL_EXCEL,,
LN-08270910-10684,BW-08270910-10684,MORTGAGE,2023-04-02,2052-10-26,235053.25,184982.4,8.73,360,NY,BUSINESS_EXPANSION,C,< 1 year,$100k+,LATE_60,70,GammaServicing,2023-06-01,2026-08-27,PENDING,MANUAL_EXCEL,,
LN-08270910-10685,BW-08270910-10685,COMMERCIAL,2023-04-27,2033-03-05,15000.0,28500.0,14.0,120,TX,BUSINESS_EXPANSION,F,2 years,<$25k,LATE_60,89,ApexServicing,2023-06-26,2026-08-27,PENDING,MANUAL_EXCEL,,
LN-08270910-10686,BW-08270910-10686,AUTO,2023-09-21,2033-07-30,265902.07,179652.77,120.0,120,CA,HOME_PURCHASE,B,1 year,$50k-$75k,LATE_30,58,GammaServicing,2023-11-20,2026-08-27,PENDING,MANUAL_EXCEL,,
LN-08270910-10687,BW-08270910-10687,PERSONAL,2023-08-19,2027-07-29,40148.28,7477.6,8.22,48,NY,BUSINESS_EXPANSION,C,1 year,$100k+,LATE_90,113,DeltaServicing,2023-10-18,2026-08-27,PENDING,LOS_ALPHA,,
LN-08270910-10688,BW-08270910-10688,AUTO,2023-09-12,2033-07-21,169552.26,136663.41,11.93,120,GA,BUSINESS_EXPANSION,A,10+ years,$75k-$100k,LATE_30,54,BetaServicing,2023-11-11,2026-08-27,PENDING,LOS_ALPHA,,
LN-08270910-10689,BW-08270910-10689,MORTGAGE,2023-04-13,2033-02-19,159993.25,78203.78,8.5,120,PA,DEBT_CONSOLIDATION,A,10+ years,$75k-$100k,LATE_30,55,GammaServicing,2023-06-12,2026-08-27,PENDING,SERVICER_CSV,,
LN-08270910-10690,BW-08270910-10690,STUDENT,2024-05-10,2022-05-10,147132.79,29973.93,10.48,24,TX,HOME_PURCHASE,C,2 years,$50k-$75k,LATE_90,113,ApexServicing,2023-10-21,2026-08-27,PENDING,SERVICER_CSV,,
LN-08270910-10691,BW-08270910-10691,PERSONAL,2023-01-08,2032-11-16,19898.49,7737.72,9.36,120,IL,DEBT_CONSOLIDATION,A,< 1 year,$75k-$100k,LATE_30,53,GammaServicing,2023-03-09,2026-08-27,PENDING,LOS_ALPHA,,VENDOR-TAG-66
LN-08270910-10692,BW-08270910-10692,MORTGAGE,2023-08-08,2053-03-03,221970.44,76435.61,7.05,360,GA,DEBT_CONSOLIDATION,D,1 year,$50k-$75k,LATE_90,117,BetaServicing,2023-10-07,2026-08-27,PENDING,SERVICER_CSV,,VENDOR-TAG-20
LN-08270910-10693,BW-08270910-10693,PERSONAL,2023-11-13,2025-11-02,76734.21,38916.59,9.16,24,PA,HOME_PURCHASE,D,10+ years,$75k-$100k,CLOSED,0,DeltaServicing,2024-01-12,2026-08-27,PENDING,LOS_ALPHA,,
LN-08270910-10694,BW-08270910-10694,AUTO,2023-05-23,2025-05-12,173740.15,18500.5,14.25,24,GA,HOME_PURCHASE,F,5 years,$50k-$75k,CURRENT,38,GammaServicing,2023-07-22,2026-08-27,PENDING,MANUAL_EXCEL,,
LN-08270910-10695,BW-08270910-10695,STUDENT,2023-05-22,2027-05-01,209698.5,168705.06,11.8,48,PA,EDUCATION,A,10+ years,$100k+,DEFAULT,159,BetaServicing,2023-07-21,2026-08-27,PENDING,ORIGINATION_API,,
LN-08270910-10696,BW-08270910-10696,AUTO,2023-09-03,2053-03-29,137416.71,50887.18,15.05,360,NC,EDUCATION,A,1 year,$100k+,LATE_60,67,ApexServicing,2023-11-02,2026-08-27,PENDING,MANUAL_EXCEL,EXT-RISK-777,
LN-08270910-10697,BW-08270910-10697,PERSONAL,2023-05-13,2028-04-16,295611.29,145567.78,14.58,60,WA,BUSINESS_EXPANSION,A,10+ years,<$25k,CURRENT,0,BetaServicing,2023-07-12,2026-08-27,MISSING,LOS_ALPHA,,
LN-08270910-10698,BW-08270910-10698,COMMERCIAL,2024-05-10,2022-05-10,198429.97,96963.18,18.15,24,OH,HOME_PURCHASE,F,< 1 year,<$25k,LATE_30,48,ApexServicing,2024-01-30,2026-08-27,PENDING,ORIGINATION_API,,VENDOR-TAG-76
LN-08270910-10699,BW-08270910-10699,STUDENT,2023-08-08,2028-07-12,71707.05,56181.01,120.0,60,OH,DEBT_CONSOLIDATION,C,2 years,$75k-$100k,DEFAULT,296,DeltaServicing,2023-10-07,2026-08-27,PENDING,MANUAL_EXCEL,,
LN-08270910-10700,BW-08270910-10700,PERSONAL,2023-09-03,2028-08-07,216091.02,142884.09,9.88,60,NC,HOME_PURCHASE,F,5 years,$100k+,DEFAULT,242,DeltaServicing,2023-11-02,2026-08-27,PENDING,MANUAL_EXCEL,,
LN-08270910-10701,BW-08270910-10701,MORTGAGE,2023-09-05,2053-03-31,259034.49,210870.94,5.35,360,PA,BUSINESS_EXPANSION,C,10+ years,$50k-$75k,LATE_30,54,BetaServicing,2023-11-04,2026-08-27,PENDING,SERVICER_CSV,,
LN-08270910-10702,BW-08270910-10702,MORTGAGE,2024-05-10,2022-05-10,282161.91,167778.26,8.6,36,OH,DEBT_CONSOLIDATION,C,2 years,$100k+,LATE_60,82,BetaServicing,2023-06-18,2026-08-27,PENDING,MANUAL_EXCEL,,
LN-08270910-10703,BW-08270910-10703,STUDENT,2023-06-06,2027-05-16,181296.18,118875.52,5.08,48,GA,DEBT_CONSOLIDATION,F,1 year,$75k-$100k,LATE_60,81,GammaServicing,2023-08-05,2026-08-27,PENDING,LOS_ALPHA,,
LN-08270910-10704,BW-08270910-10704,STUDENT,2023-05-08,2028-04-11,230650.74,68513.69,16.2,60,NC,DEBT_CONSOLIDATION,E,< 1 year,<$25k,CLOSED,0,DeltaServicing,2023-07-07,2026-08-27,PENDING,MANUAL_EXCEL,,
LN-08270910-10705,BW-08270910-10705,AUTO,2023-12-21,2028-11-24,257105.45,174450.47,10.64,60,NC,HOME_PURCHASE,F,2 years,$75k-$100k,CLOSED,0,DeltaServicing,2024-02-19,2026-08-27,PENDING,LOS_ALPHA,,VENDOR-TAG-28
LN-08270910-10706,BW-08270910-10706,AUTO,2023-06-17,2028-05-21,107680.34,42635.44,18.42,60,XX1,HOME_PURCHASE,A,2 years,$75k-$100k,LATE_30,43,GammaServicing,2023-08-16,2026-08-27,PENDING,ORIGINATION_API,,
LN-08270910-10707,BW-08270910-10707,AUTO,2023-05-07,2025-04-26,296726.33,211832.41,12.84,24,CA,AUTO_PURCHASE,D,10+ years,$75k-$100k,DEFAULT,213,ApexServicing,2023-07-06,2026-08-27,PENDING,LOS_ALPHA,,
LN-08270910-10708,BW-08270910-10537,AUTO,2023-09-13,2052-11-19,15000.0,59451.69,18.03,360,WA,EDUCATION,F,1 year,$25k-$50k,DEFAULT,351,DeltaServicing,2023-06-25,2026-08-27,PENDING,MANUAL_EXCEL,,
LN-08270910-10709,BW-08270910-10709,STUDENT,2023-10-17,2033-08-25,227060.98,50260.25,16.86,120,PA,DEBT_CONSOLIDATION,D,< 1 year,$100k+,CURRENT,0,BetaServicing,2023-12-16,2020-01-01,VERIFIED,LOS_ALPHA,,
LN-08270910-10710,BW-08270910-10710,AUTO,2023-08-07,2053-03-02,159598.41,77843.53,14.94,360,IL,EDUCATION,E,5 years,$50k-$75k,CLOSED,0,ApexServicing,2023-10-06,2026-08-27,PENDING,SERVICER_CSV,EXT-RISK-131,
LN-08270910-10711,BW-08270910-10711,STUDENT,2023-03-15,2033-01-21,268588.12,209379.07,8.78,120,TX,HOME_PURCHASE,E,10+ years,$50k-$75k,LATE_60,85,DeltaServicing,2023-05-14,2026-08-27,PENDING,LOS_ALPHA,,
LN-08270910-10712,BW-08270910-10712,PERSONAL,2023-02-18,2052-09-13,256539.73,194144.97,12.4,360,GA,DEBT_CONSOLIDATION,C,2 years,$25k-$50k,DEFAULT,256,ApexServicing,2023-04-19,2026-08-27,PENDING,SERVICER_CSV,,VENDOR-TAG-94
LN-08270910-10713,BW-08270910-10713,MORTGAGE,2023-04-17,2052-11-10,213563.28,112747.49,4.83,360,WA,EDUCATION,E,10+ years,$100k+,LATE_90,103,BetaServicing,2023-06-16,2026-08-27,PENDING,SERVICER_CSV,,
LN-08270910-10714,BW-08270910-10714,AUTO,2023-02-07,2026-01-22,10425.46,6731.35,10.51,36,ZZ,HOME_PURCHASE,F,< 1 year,$50k-$75k,CURRENT,0,ApexServicing,2023-04-08,2026-08-27,VERIFIED,MANUAL_EXCEL,,
LN-08270910-10715,BW-08270910-10715,STUDENT,2023-02-06,2027-01-16,245005.65,187655.19,8.74,48,TX,DEBT_CONSOLIDATION,B,5 years,$25k-$50k,LATE_90,102,BetaServicing,2023-04-07,2026-08-27,PENDING,MANUAL_EXCEL,,VENDOR-TAG-44
LN-08270910-10716,BW-08270910-10716,AUTO,2023-05-24,2025-05-13,286376.59,61681.3,9.72,24,FL,BUSINESS_EXPANSION,B,< 1 year,$75k-$100k,LATE_30,47,DeltaServicing,2023-07-23,2026-08-27,PENDING,MANUAL_EXCEL,,VENDOR-TAG-65
LN-08270910-10717,BW-08270910-10717,AUTO,2023-05-08,2052-12-01,119913.13,93541.63,7.99,360,CA,HOME_PURCHASE,B,< 1 year,$50k-$75k,LATE_30,36,DeltaServicing,2023-07-07,2026-08-27,PENDING,SERVICER_CSV,EXT-RISK-573,
LN-08270910-10718,BW-08270910-10718,AUTO,2023-06-29,2025-06-18,126105.23,45000.0,10.67,24,NY,BUSINESS_EXPANSION,C,1 year,$25k-$50k,CLOSED,0,DeltaServicing,2023-08-28,2026-08-27,PENDING,SERVICER_CSV,,
LN-08270910-10424,BW-08270910-10719,PERSONAL,2023-07-19,2033-05-27,262765.84,181224.4,6.08,120,OH,BUSINESS_EXPANSION,C,10+ years,$100k+,CLOSED,0,BetaServicing,2023-09-17,2026-08-27,PENDING,LOS_ALPHA,,
LN-08270910-10720,BW-08270910-10720,AUTO,2023-07-06,2027-06-15,244051.63,58935.92,17.99,48,OH,BUSINESS_EXPANSION,E,1 year,$100k+,LATE_60,67,ApexServicing,2023-09-04,2026-08-27,PENDING,MANUAL_EXCEL,EXT-RISK-311,VENDOR-TAG-51
LN-08270910-10721,BW-08270910-10721,MORTGAGE,2023-07-06,2033-05-14,186603.88,36378.03,5.12,120,OH,BUSINESS_EXPANSION,D,1 year,<$25k,DEFAULT,260,DeltaServicing,2023-09-04,2026-08-27,PENDING,LOS_ALPHA,EXT-RISK-349,VENDOR-TAG-50
LN-08270910-10722,BW-08270910-10722,COMMERCIAL,2023-12-24,2027-12-03,137608.49,103930.65,5.95,48,OH,HOME_PURCHASE,C,1 year,$100k+,LATE_90,0,DeltaServicing,2024-02-22,2026-08-27,PENDING,ORIGINATION_API,EXT-RISK-259,
LN-08270910-10723,BW-08270910-10723,AUTO,2023-12-31,2028-12-04,253492.27,197142.63,8.39,60,PA,HOME_PURCHASE,E,5 years,$100k+,CURRENT,0,BetaServicing,2024-02-29,2026-08-27,VERIFIED,ORIGINATION_API,,
LN-08270910-10724,BW-08270910-10724,STUDENT,2023-04-06,2052-10-30,93254.07,26970.61,15.83,360,IL,HOME_PURCHASE,A,< 1 year,$25k-$50k,LATE_90,107,BetaServicing,2023-06-05,2026-08-27,PENDING,LOS_ALPHA,,VENDOR-TAG-94
LN-08270910-10725,BW-08270910-10725,COMMERCIAL,2023-02-04,2052-08-30,241320.45,45000.0,16.76,360,OH,EDUCATION,E,1 year,$50k-$75k,CLOSED,0,ApexServicing,2023-04-05,2026-08-27,VERIFIED,SERVICER_CSV,,
LN-08270910-10726,BW-REPEAT-4,MORTGAGE,2023-02-07,2025-01-27,284476.51,162179.66,6.67,24,OH,BUSINESS_EXPANSION,B,1 year,<$25k,LATE_30,38,ApexServicing,2023-04-08,2026-08-27,PENDING,ORIGINATION_API,,
LN-08270910-10727,BW-08270910-10727,MORTGAGE,2023-07-17,2027-06-26,147841.34,40229.81,13.09,48,PA,HOME_PURCHASE,A,10+ years,$50k-$75k,LATE_90,91,ApexServicing,2023-09-15,2026-08-27,PENDING,ORIGINATION_API,EXT-RISK-606,
LN-08270910-10728,BW-08270910-10728,MORTGAGE,2023-05-10,2028-04-13,62226.4,15444.82,15.52,60,FL,EDUCATION,C,1 year,$50k-$75k,LATE_90,108,ApexServicing,2023-07-09,2026-08-27,PENDING,ORIGINATION_API,,
LN-08270910-10729,BW-08270910-10729,MORTGAGE,2023-06-04,2028-05-08,251177.75,203749.94,18.18,60,NC,EDUCATION,A,5 years,<$25k,LATE_60,86,DeltaServicing,2023-08-03,2026-08-27,PENDING,SERVICER_CSV,EXT-RISK-894,
LN-08270910-10730,BW-08270910-10730,PERSONAL,2023-09-25,2027-09-04,183589.95,18500.5,17.35,48,TX,DEBT_CONSOLIDATION,A,< 1 year,$25k-$50k,CURRENT,106,DeltaServicing,2023-11-24,2026-08-27,PENDING,LOS_ALPHA,,
LN-08270910-10731,BW-08270910-10731,STUDENT,2023-07-14,2053-02-06,292779.87,18500.5,9.76,360,FL,HOME_PURCHASE,A,5 years,$75k-$100k,CURRENT,280,BetaServicing,2023-09-12,2026-08-27,PENDING,ORIGINATION_API,,
LN-08270910-10732,BW-08270910-10732,MORTGAGE,2023-04-02,2028-03-06,110741.49,71121.03,6.07,60,OH,HOME_PURCHASE,A,2 years,$75k-$100k,LATE_90,105,GammaServicing,2023-06-01,2026-08-27,PENDING,LOS_ALPHA,,VENDOR-TAG-41
LN-08270910-10733,BW-08270910-10733,MORTGAGE,2023-09-28,2053-04-23,190294.17,32244.97,5.89,360,FL,AUTO_PURCHASE,D,5 years,<$25k,CLOSED,0,DeltaServicing,2023-11-27,2026-08-27,PENDING,LOS_ALPHA,,
LN-08270910-10734,BW-08270910-10734,MORTGAGE,2023-06-02,2033-04-10,165199.76,128701.67,16.15,120,WA,HOME_PURCHASE,A,1 year,$50k-$75k,LATE_90,107,ApexServicing,2023-08-01,2026-08-27,PENDING,MANUAL_EXCEL,,
LN-08270910-10735,BW-08270910-10735,COMMERCIAL,2023-11-30,2026-11-14,50774.01,25110.71,14.07,36,NY,DEBT_CONSOLIDATION,A,< 1 year,$100k+,LATE_60,82,GammaServicing,2024-01-29,2026-08-27,PENDING,LOS_ALPHA,,
LN-08270910-10736,BW-08270910-10736,STUDENT,2023-06-03,2026-05-18,21674.68,10915.02,13.54,36,CA,AUTO_PURCHASE,E,2 years,<$25k,CLOSED,0,ApexServicing,2023-08-02,2026-08-27,PENDING,LOS_ALPHA,,
LN-08270910-10737,BW-08270910-10737,MORTGAGE,2023-06-07,2025-05-27,87224.36,54715.87,11.75,24,CA,BUSINESS_EXPANSION,F,2 years,$100k+,LATE_60,65,DeltaServicing,2023-08-06,2026-08-27,PENDING,LOS_ALPHA,EXT-RISK-123,
LN-08270910-10738,BW-08270910-10738,COMMERCIAL,2023-08-02,2026-07-17,292702.54,192291.31,8.21,36,NY,BUSINESS_EXPANSION,F,10+ years,$25k-$50k,DEFAULT,282,DeltaServicing,2023-10-01,2026-08-27,PENDING,LOS_ALPHA,,
LN-08270910-10739,BW-08270910-10739,MORTGAGE,2023-11-16,2033-09-24,291917.43,227637.3,6.88,120,FL,BUSINESS_EXPANSION,F,2 years,$100k+,LATE_30,34,BetaServicing,2024-01-15,2026-08-27,PENDING,ORIGINATION_API,,
LN-08270910-10740,BW-08270910-10740,COMMERCIAL,2023-04-23,2027-04-02,293003.01,125462.65,10.41,48,NC,HOME_PURCHASE,C,1 year,$75k-$100k,LATE_60,63,GammaServicing,2023-06-22,2026-08-27,PENDING,SERVICER_CSV,,
LN-08270910-10741,BW-08270910-10741,STUDENT,2023-08-27,2053-03-22,256433.48,83644.85,12.04,360,GA,HOME_PURCHASE,D,10+ years,$50k-$75k,CLOSED,0,GammaServicing,2023-10-26,2026-08-27,PENDING,MANUAL_EXCEL,EXT-RISK-210,
LN-08270910-10742,BW-08270910-10742,STUDENT,2023-02-01,2027-01-11,37029.31,12715.99,17.59,48,IL,DEBT_CONSOLIDATION,F,2 years,$100k+,CURRENT,0,GammaServicing,2023-04-02,2026-08-27,VERIFIED,ORIGINATION_API,,
LN-08270910-10743,BW-08270910-10454,STUDENT,2023-07-10,2026-02-22,241213.74,128362.32,10.87,36,WA,BUSINESS_EXPANSION,D,10+ years,$50k-$75k,CURRENT,0,DeltaServicing,2023-05-09,2026-08-27,VERIFIED,LOS_ALPHA,,
LN-08270910-10744,BW-08270910-10744,STUDENT,2023-02-09,2027-01-19,158734.9,104150.37,10.1,48,NY,HOME_PURCHASE,E,5 years,$50k-$75k,LATE_30,32,DeltaServicing,2023-04-10,2026-08-27,PENDING,ORIGINATION_API,,VENDOR-TAG-99
LN-08270910-10745,BW-08270910-10745,AUTO,15/01/2023,2052-09-06,131865.13,99791.27,5.64,360,PA,BUSINESS_EXPANSION,E,10+ years,$75k-$100k,DEFAULT,319,DeltaServicing,2023-04-12,2026-08-27,PENDING,SERVICER_CSV,,
LN-08270910-10746,BW-08270910-10746,MORTGAGE,2023-04-01,2028-03-05,35713.76,9343.32,8.91,60,NY,BUSINESS_EXPANSION,F,5 years,$50k-$75k,DEFAULT,158,ApexServicing,2023-05-31,2026-08-27,PENDING,ORIGINATION_API,,
LN-08270910-10747,BW-08270910-10747,MORTGAGE,2023-05-27,2025-05-16,249215.1,157999.35,-5.0,24,NC,DEBT_CONSOLIDATION,B,< 1 year,$25k-$50k,CLOSED,0,DeltaServicing,2023-07-26,2026-08-27,PENDING,LOS_ALPHA,,VENDOR-TAG-38
,BW-08270910-10748,AUTO,2023-07-08,2025-06-27,51974.98,24541.96,6.39,24,NC,DEBT_CONSOLIDATION,C,< 1 year,$100k+,DEFAULT,175,DeltaServicing,2023-09-06,2026-08-27,PENDING,LOS_ALPHA,,
LN-08270910-10749,BW-08270910-10749,STUDENT,2023-11-24,2025-11-13,165890.68,70333.96,4.76,24,GA,EDUCATION,B,2 years,$50k-$75k,DEFAULT,243,BetaServicing,2024-01-23,2026-08-27,PENDING,SERVICER_CSV,EXT-RISK-652,
LN-08270910-10750,BW-08270910-10750,MORTGAGE,2023-06-16,2026-05-31,139505.19,38588.41,17.67,36,WA,HOME_PURCHASE,F,2 years,$25k-$50k,DEFAULT,317,BetaServicing,2023-08-15,2026-08-27,PENDING,ORIGINATION_API,EXT-RISK-826,
LN-08270910-10751,BW-08270910-10751,STUDENT,2023-05-15,2026-04-29,39525.69,16177.49,8.82,36,CA,EDUCATION,D,10+ years,$50k-$75k,LATE_60,75,GammaServicing,2023-07-14,2026-08-27,PENDING,SERVICER_CSV,,
LN-08270910-10752,BW-08270910-10752,PERSONAL,2023-06-25,2033-05-03,109830.22,28017.2,4.71,120,WA,AUTO_PURCHASE,C,1 year,$75k-$100k,DEFAULT,168,GammaServicing,2023-08-24,2026-08-27,PENDING,ORIGINATION_API,,
LN-08270910-10510,BW-08270910-10753,AUTO,2023-05-16,2028-04-19,169137.57,69610.94,14.96,60,OH,DEBT_CONSOLIDATION,C,1 year,$25k-$50k,CURRENT,0,DeltaServicing,2023-07-15,2026-08-27,VERIFIED,ORIGINATION_API,,
LN-08270910-10754,BW-08270910-10754,STUDENT,2023-05-12,2028-04-15,221988.61,130028.78,12.79,60,WA,EDUCATION,F,< 1 year,$100k+,LATE_30,44,ApexServicing,2023-07-11,2026-08-27,PENDING,ORIGINATION_API,,
LN-08270910-10755,BW-08270910-10755,MORTGAGE,2023-11-03,2033-09-11,173250.5,50757.06,15.09,120,NY,BUSINESS_EXPANSION,D,10+ years,$50k-$75k,CURRENT,0,ApexServicing,2024-01-02,2026-08-27,VERIFIED,MANUAL_EXCEL,,VENDOR-TAG-54
LN-08270910-10756,BW-08270910-10756,COMMERCIAL,2023-12-16,2033-10-24,152249.15,51039.58,14.54,120,NC,DEBT_CONSOLIDATION,F,< 1 year,$50k-$75k,LATE_90,90,DeltaServicing,2024-02-14,2026-08-27,PENDING,SERVICER_CSV,EXT-RISK-551,
LN-08270910-10757,BW-08270910-10757,COMMERCIAL,2023-07-27,2026-07-11,259911.68,166599.26,7.84,36,FL,EDUCATION,B,< 1 year,$100k+,LATE_60,71,BetaServicing,2023-09-25,2026-08-27,PENDING,MANUAL_EXCEL,,
LN-08270910-10758,BW-08270910-10758,STUDENT,2023-04-28,2026-04-12,67467.66,34634.12,5.49,36,WA,HOME_PURCHASE,D,< 1 year,$75k-$100k,LATE_90,96,ApexServicing,2023-06-27,2026-08-27,PENDING,LOS_ALPHA,,
LN-08270910-10759,BW-08270910-10759,PERSONAL,2023-03-24,2027-03-03,161286.22,45000.0,13.7,48,TX,HOME_PURCHASE,A,2 years,$50k-$75k,CLOSED,95,BetaServicing,2023-05-23,2026-08-27,PENDING,ORIGINATION_API,,
LN-08270910-10760,BW-08270910-10760,PERSONAL,2023-12-25,2025-12-14,-288692.32,77546.3,7.43,24,WA,AUTO_PURCHASE,D,10+ years,$75k-$100k,DEFAULT,192,ApexServicing,2024-02-23,2026-08-27,PENDING,MANUAL_EXCEL,,
LN-08270910-10761,BW-08270910-10761,MORTGAGE,2023-11-11,2028-10-15,253838.48,82300.94,120.0,60,TX,EDUCATION,F,10+ years,$100k+,LATE_90,118,ApexServicing,2024-01-10,2026-08-27,PENDING,SERVICER_CSV,,VENDOR-TAG-52
LN-08270910-10762,BW-08270910-10762,AUTO,2023-10-11,2028-09-14,214547.45,160478.08,9.93,60,GA,DEBT_CONSOLIDATION,A,< 1 year,$25k-$50k,LATE_90,112,BetaServicing,2023-12-10,2026-08-27,PENDING,MANUAL_EXCEL,,
LN-08270910-10763,BW-08270910-10763,MORTGAGE,2023-06-18,2033-04-26,221590.72,74966.43,11.81,120,CA,DEBT_CONSOLIDATION,F,1 year,<$25k,LATE_90,101,ApexServicing,2023-08-17,2026-08-27,PENDING,SERVICER_CSV,,VENDOR-TAG-39
LN-08270910-10764,BW-08270910-10764,AUTO,2023-01-20,2027-12-25,226295.78,133477.81,8.61,60,CA,BUSINESS_EXPANSION,A,5 years,$50k-$75k,LATE_30,48,BetaServicing,2023-03-21,2026-08-27,PENDING,ORIGINATION_API,,VENDOR-TAG-73
LN-08270910-10765,BW-08270910-10765,COMMERCIAL,2024-13-45,2033-06-10,140612.17,106395.49,14.96,120,FL,HOME_PURCHASE,F,1 year,$25k-$50k,LATE_30,39,BetaServicing,2023-10-01,2026-08-27,PENDING,MANUAL_EXCEL,,
LN-08270910-10766,BW-08270910-10766,STUDENT,2023-11-06,2026-10-21,172842.39,26953.18,17.14,36,WA,EDUCATION,E,5 years,$25k-$50k,LATE_90,90,DeltaServicing,2024-01-05,2026-08-27,PENDING,MANUAL_EXCEL,,VENDOR-TAG-42
LN-08270910-10767,BW-08270910-10767,STUDENT,2023-02-02,2032-12-11,121570.81,49459.42,12.68,120,FL,DEBT_CONSOLIDATION,C,5 years,$75k-$100k,LATE_30,34,BetaServicing,2023-04-03,2026-08-27,PENDING,LOS_ALPHA,,
LN-08270910-10768,BW-08270910-10768,AUTO,2023-06-02,2025-05-22,83753.66,27794.49,12.53,24,NC,EDUCATION,C,2 years,<$25k,DEFAULT,278,DeltaServicing,2023-08-01,2026-08-27,PENDING,LOS_ALPHA,,
LN-08270910-10769,BW-08270910-10769,MORTGAGE,2023-11-10,2053-06-05,247825.01,141579.77,17.27,360,FL,DEBT_CONSOLIDATION,B,2 years,$50k-$75k,CURRENT,0,GammaServicing,2024-01-09,2026-08-27,NULL,ORIGINATION_API,,
LN-08270910-10770,BW-08270910-10770,PERSONAL,2023-06-18,2028-05-22,231516.81,99065.69,5.49,60,TX,DEBT_CONSOLIDATION,C,< 1 year,$25k-$50k,CURRENT,0,GammaServicing,2023-08-17,2026-08-27,VERIFIED,LOS_ALPHA,,
LN-08270910-10771,BW-08270910-10771,STUDENT,2023-08-06,2028-07-10,212764.88,45000.0,6.77,60,NC,BUSINESS_EXPANSION,E,< 1 year,$75k-$100k,CLOSED,81,GammaServicing,2023-10-05,2026-08-27,PENDING,ORIGINATION_API,EXT-RISK-659,
LN-08270910-10772,BW-08270910-10772,COMMERCIAL,2023-11-14,2026-10-29,271090.46,71200.91,18.18,36,PA,EDUCATION,A,1 year,<$25k,CURRENT,0,BetaServicing,2024-01-13,2026-08-27,VERIFIED,LOS_ALPHA,,
LN-08270910-10773,BW-08270910-10773,AUTO,2023-12-03,2028-11-06,269188.05,110719.81,4.78,60,NC,AUTO_PURCHASE,C,5 years,$25k-$50k,DEFAULT,300,BetaServicing,2024-02-01,2026-08-27,PENDING,ORIGINATION_API,,
LN-08270910-10774,BW-08270910-10774,STUDENT,2023-07-11,2033-05-19,100267.65,59506.16,12.23,120,OH,AUTO_PURCHASE,B,5 years,$50k-$75k,CURRENT,0,ApexServicing,2023-09-09,2026-08-27,NULL,SERVICER_CSV,,
LN-08270910-10775,BW-08270910-10775,COMMERCIAL,2023-02-13,2032-12-22,24167.6,5986.06,8.58,120,CA,AUTO_PURCHASE,C,< 1 year,$75k-$100k,CURRENT,0,ApexServicing,2023-04-14,2026-08-27,VERIFIED,ORIGINATION_API,EXT-RISK-725,
LN-08270910-10776,BW-08270910-10776,MORTGAGE,2023-08-08,2028-07-12,157163.18,132980.73,7.86,60,TX,HOME_PURCHASE,C,< 1 year,$25k-$50k,DEFAULT,277,DeltaServicing,2023-10-07,2026-08-27,PENDING,MANUAL_EXCEL,,
LN-08270910-10777,BW-08270910-10777,MORTGAGE,2023-07-08,2033-05-16,280292.46,235718.42,-5.0,120,CA,AUTO_PURCHASE,D,2 years,<$25k,CURRENT,0,GammaServicing,2023-09-06,2026-08-27,VERIFIED,MANUAL_EXCEL,,
LN-08270910-10778,BW-08270910-10778,AUTO,2023-02-15,2025-02-04,245132.03,133854.18,13.13,24,FL,BUSINESS_EXPANSION,D,< 1 year,$50k-$75k,LATE_30,31,DeltaServicing,2023-04-16,2026-08-27,PENDING,ORIGINATION_API,,
LN-08270910-10779,BW-08270910-10779,COMMERCIAL,2023-02-18,2025-02-07,279528.15,217780.07,10.91,24,WA,BUSINESS_EXPANSION,B,5 years,$100k+,LATE_90,115,DeltaServicing,2023-04-19,2026-08-27,PENDING,SERVICER_CSV,,
LN-08270910-10780,BW-08270910-10780,MORTGAGE,2023-09-15,2027-08-25,96325.12,55442.95,16.7,48,CA,BUSINESS_EXPANSION,D,5 years,$100k+,CURRENT,0,ApexServicing,2023-11-14,2026-08-27,VERIFIED,MANUAL_EXCEL,,
LN-08270910-10781,BW-08270910-10781,COMMERCIAL,2023-08-20,2026-08-04,122804.18,46558.0,11.0,36,TX,AUTO_PURCHASE,E,10+ years,$50k-$75k,LATE_90,104,BetaServicing,2023-10-19,2026-08-27,PENDING,LOS_ALPHA,,
LN-08270910-10782,BW-08270910-10782,AUTO,2023-05-03,2027-04-12,76186.04,57995.75,10.04,48,PA,DEBT_CONSOLIDATION,B,10+ years,<$25k,LATE_30,34,DeltaServicing,2023-07-02,2026-08-27,PENDING,MANUAL_EXCEL,EXT-RISK-270,
LN-08270910-10783,BW-08270910-10783,MORTGAGE,2023-01-11,2032-11-19,18609.36,6823.13,11.19,120,NC,HOME_PURCHASE,C,1 year,$50k-$75k,LATE_30,41,ApexServicing,2023-03-12,2026-08-27,PENDING,MANUAL_EXCEL,EXT-RISK-239,VENDOR-TAG-74
LN-08270910-10222,BW-08270910-10784,MORTGAGE,2023-04-14,2025-04-03,201498.28,145986.7,14.13,24,FL,BUSINESS_EXPANSION,E,5 years,$25k-$50k,LATE_90,105,DeltaServicing,2023-06-13,2026-08-27,PENDING,SERVICER_CSV,,
LN-08270910-10785,BW-08270910-10785,PERSONAL,2023-01-03,2025-12-18,59751.71,18500.5,14.41,36,CA,HOME_PURCHASE,A,< 1 year,$50k-$75k,CURRENT,47,GammaServicing,2023-03-04,2026-08-27,PENDING,LOS_ALPHA,,
LN-08270910-10786,BW-08270910-10786,COMMERCIAL,2023-02-02,2026-01-17,261170.74,93104.72,11.02,36,GA,EDUCATION,A,1 year,<$25k,CURRENT,0,DeltaServicing,2023-04-03,2026-08-27,VERIFIED,ORIGINATION_API,EXT-RISK-880,
LN-08270910-10787,BW-08270910-10621,COMMERCIAL,2023-06-08,2027-01-03,215285.41,38949.51,9.61,48,NY,BUSINESS_EXPANSION,A,5 years,$100k+,DEFAULT,186,ApexServicing,2023-03-25,2026-08-27,PENDING,SERVICER_CSV,,VENDOR-TAG-85
LN-08270910-10788,BW-08270910-10788,STUDENT,2023-07-17,2028-06-20,88730.75,50637.08,9.34,60,NY,EDUCATION,B,10+ years,<$25k,CLOSED,0,ApexServicing,2023-09-15,2026-08-27,PENDING,LOS_ALPHA,,
LN-08270910-10789,BW-08270910-10789,MORTGAGE,2023-06-19,2025-06-08,16352.94,12892.97,7.68,24,CA,AUTO_PURCHASE,D,< 1 year,$50k-$75k,CLOSED,0,DeltaServicing,2023-08-18,2026-08-27,PENDING,SERVICER_CSV,,
LN-08270910-10790,BW-REPEAT-2,PERSONAL,2023-12-25,2053-07-20,158399.94,107438.41,11.36,360,NC,HOME_PURCHASE,A,2 years,<$25k,LATE_60,62,GammaServicing,2024-02-23,2026-08-27,PENDING,LOS_ALPHA,,
LN-08270910-10791,BW-08270910-10791,AUTO,2023-01-02,2032-11-10,273331.07,97483.83,10.57,120,NY,DEBT_CONSOLIDATION,A,5 years,$50k-$75k,LATE_30,49,DeltaServicing,2023-03-03,2026-08-27,PENDING,MANUAL_EXCEL,EXT-RISK-257,
LN-08270910-10792,BW-08270910-10792,PERSONAL,2023-02-09,2032-12-18,81105.28,41640.29,14.77,120,NC,BUSINESS_EXPANSION,E,10+ years,$75k-$100k,LATE_60,74,BetaServicing,2023-04-10,2026-08-27,PENDING,SERVICER_CSV,,VENDOR-TAG-83
LN-08270910-10793,BW-08270910-10793,STUDENT,2023-09-07,2028-08-11,53052.63,15709.29,9.23,60,CA,EDUCATION,E,< 1 year,$75k-$100k,LATE_90,114,GammaServicing,2023-11-06,2026-08-27,PENDING,MANUAL_EXCEL,,
LN-08270910-10794,BW-08270910-10794,STUDENT,2023-07-27,2053-02-19,270769.91,47544.54,12.66,360,NY,BUSINESS_EXPANSION,C,< 1 year,$25k-$50k,DEFAULT,345,ApexServicing,2023-09-25,2026-08-27,PENDING,SERVICER_CSV,,
LN-08270910-10795,BW-08270910-10795,STUDENT,2023-05-29,2025-05-18,299930.76,238812.71,11.16,24,XX1,AUTO_PURCHASE,E,5 years,$75k-$100k,DEFAULT,252,ApexServicing,2023-07-28,2026-08-27,PENDING,LOS_ALPHA,EXT-RISK-590,
LN-08270910-10796,BW-08270910-10796,COMMERCIAL,2024.05.10,2026-11-21,33470.48,9949.45,14.78,36,CA,BUSINESS_EXPANSION,B,2 years,$25k-$50k,CURRENT,0,DeltaServicing,2024-02-05,2026-08-27,VERIFIED,SERVICER_CSV,,
LN-08270910-10797,BW-08270910-10797,COMMERCIAL,2023-01-28,2032-12-06,257650.94,202241.09,9.79,120,CA,DEBT_CONSOLIDATION,E,< 1 year,$75k-$100k,LATE_90,95,DeltaServicing,2023-03-29,2026-08-27,PENDING,LOS_ALPHA,,VENDOR-TAG-51
LN-08270910-10798,BW-08270910-10798,STUDENT,2023-08-26,2027-08-05,277001.9,73997.44,16.13,48,NC,DEBT_CONSOLIDATION,B,2 years,<$25k,CLOSED,0,BetaServicing,2023-10-25,2026-08-27,PENDING,ORIGINATION_API,,
LN-08270910-10799,BW-REPEAT-2,MORTGAGE,2023-03-14,2025-03-03,35994.77,27030.78,7.06,24,FL,BUSINESS_EXPANSION,A,< 1 year,<$25k,CURRENT,0,BetaServicing,2023-05-13,2026-08-27,VERIFIED,SERVICER_CSV,,
LN-08270910-10800,BW-08270910-10800,AUTO,2023-08-19,2053-03-14,169116.98,76459.39,11.75,360,PA,DEBT_CONSOLIDATION,F,1 year,<$25k,CLOSED,0,GammaServicing,2023-10-18,2026-08-27,PENDING,LOS_ALPHA,EXT-RISK-177,VENDOR-TAG-88
LN-08270910-10801,BW-08270910-10801,COMMERCIAL,2024-05-10,2022-05-10,142631.0,23994.73,7.7,48,FL,EDUCATION,E,2 years,<$25k,LATE_90,100,GammaServicing,2023-05-20,2026-08-27,PENDING,SERVICER_CSV,,
LN-08270910-10802,BW-08270910-10802,STUDENT,2023-06-03,2027-05-13,177887.71,117322.06,15.68,48,TX,AUTO_PURCHASE,B,1 year,$75k-$100k,LATE_60,86,GammaServicing,2023-08-02,2026-08-27,PENDING,SERVICER_CSV,,
LN-08270910-10803,BW-08270910-10803,STUDENT,2023-07-05,2026-06-19,62740.11,46347.85,15.94,36,IL,AUTO_PURCHASE,F,1 year,$100k+,CURRENT,0,GammaServicing,2023-09-03,2026-08-27,VERIFIED,ORIGINATION_API,,
LN-08270910-10804,BW-08270910-10804,STUDENT,2023-06-03,2027-05-13,81028.12,65574.68,10.83,48,NC,EDUCATION,E,5 years,$50k-$75k,LATE_90,103,GammaServicing,2023-08-02,2026-08-27,PENDING,LOS_ALPHA,,
LN-08270910-10805,BW-08270910-10805,PERSONAL,2023-05-29,2052-12-22,27532.14,20994.17,18.35,360,NC,AUTO_PURCHASE,D,10+ years,$50k-$75k,LATE_60,83,ApexServicing,2023-07-28,2026-08-27,PENDING,MANUAL_EXCEL,EXT-RISK-857,
LN-08270910-10806,BW-08270910-10806,STUDENT,2023-08-20,2033-06-28,163745.33,37462.76,15.11,120,TX,HOME_PURCHASE,F,10+ years,$25k-$50k,CLOSED,0,BetaServicing,2023-10-19,2026-08-27,PENDING,MANUAL_EXCEL,,
LN-08270910-10807,BW-08270910-10807,MORTGAGE,2023-08-07,2027-07-17,189750.89,18500.5,16.51,48,WA,AUTO_PURCHASE,B,< 1 year,$25k-$50k,CURRENT,105,DeltaServicing,2023-10-06,2026-08-27,PENDING,MANUAL_EXCEL,,
LN-08270910-10808,BW-08270910-10808,COMMERCIAL,2023-08-26,2026-08-10,12449.34,4475.32,17.65,36,OH,DEBT_CONSOLIDATION,D,< 1 year,$25k-$50k,CLOSED,0,ApexServicing,2023-10-25,2026-08-27,PENDING,ORIGINATION_API,,
LN-08270910-10809,BW-08270910-10809,COMMERCIAL,2023-05-17,2028-04-20,156234.02,35585.66,8.22,60,IL,BUSINESS_EXPANSION,B,2 years,<$25k,LATE_30,43,BetaServicing,2023-07-16,2026-08-27,PENDING,MANUAL_EXCEL,EXT-RISK-955,VENDOR-TAG-18
LN-08270910-10810,BW-08270910-10810,COMMERCIAL,2023-03-26,2025-03-15,85666.97,37817.89,11.66,24,ZZ,DEBT_CONSOLIDATION,A,1 year,$25k-$50k,CURRENT,0,GammaServicing,2023-05-25,2026-08-27,VERIFIED,ORIGINATION_API,,VENDOR-TAG-42
LN-08270910-10811,BW-08270910-10811,AUTO,2023-02-26,2052-09-21,112178.79,44500.86,4.74,360,NC,BUSINESS_EXPANSION,A,10+ years,<$25k,CURRENT,0,GammaServicing,2023-04-27,2026-08-27,VERIFIED,SERVICER_CSV,,
LN-08270910-10812,BW-08270910-10812,PERSONAL,2023-12-22,2028-11-25,216020.28,86083.32,6.55,60,TX,DEBT_CONSOLIDATION,B,5 years,$25k-$50k,DEFAULT,199,DeltaServicing,2024-02-20,2026-08-27,PENDING,ORIGINATION_API,,
LN-08270910-10813,BW-08270910-10813,MORTGAGE,2023-10-28,2026-10-12,138626.24,48454.68,8.81,36,TX,AUTO_PURCHASE,B,10+ years,<$25k,CLOSED,0,DeltaServicing,2023-12-27,2026-08-27,PENDING,MANUAL_EXCEL,EXT-RISK-185,
LN-08270910-10814,BW-08270910-10814,PERSONAL,2023-10-17,2033-08-25,271591.51,145975.61,14.03,120,OH,BUSINESS_EXPANSION,B,1 year,<$25k,LATE_90,95,ApexServicing,2023-12-16,2026-08-27,PENDING,SERVICER_CSV,,
LN-08270910-10815,BW-08270910-10815,PERSONAL,2023-11-17,2033-09-25,222229.37,85938.16,9.05,120,TX,EDUCATION,A,10+ years,$100k+,DEFAULT,260,ApexServicing,2024-01-16,2026-08-27,PENDING,LOS_ALPHA,,
LN-08270910-10816,BW-08270910-10816,MORTGAGE,2023-09-02,2025-08-22,136779.73,28023.47,11.49,24,IL,AUTO_PURCHASE,C,10+ years,$100k+,LATE_60,80,DeltaServicing,2023-11-01,2026-08-27,PENDING,MANUAL_EXCEL,,
LN-08270910-10817,BW-08270910-10817,MORTGAGE,2023-09-07,2027-08-17,68920.26,25957.9,17.23,48,CA,HOME_PURCHASE,A,5 years,$75k-$100k,CURRENT,0,BetaServicing,2023-11-06,2026-08-27,VERIFIED,SERVICER_CSV,,
LN-08270910-10818,BW-08270910-10818,MORTGAGE,2023-04-10,2052-11-03,179190.31,38749.88,7.35,360,NY,DEBT_CONSOLIDATION,B,10+ years,$25k-$50k,LATE_90,111,DeltaServicing,2023-06-09,2026-08-27,PENDING,ORIGINATION_API,,
LN-08270910-10819,BW-08270910-10819,MORTGAGE,2023-02-27,2052-09-22,228808.38,89943.48,10.84,360,WA,DEBT_CONSOLIDATION,C,5 years,$25k-$50k,LATE_60,72,ApexServicing,2023-04-28,2026-08-27,PENDING,MANUAL_EXCEL,,
LN-08270910-10820,BW-08270910-10144,STUDENT,2023-11-14,2033-05-19,256396.1,79388.66,5.92,120,NY,DEBT_CONSOLIDATION,D,10+ years,$50k-$75k,CURRENT,0,GammaServicing,2023-09-09,2026-08-27,VERIFIED,SERVICER_CSV,EXT-RISK-142,
LN-08270910-10821,BW-08270910-10821,AUTO,2023-10-07,2027-09-16,260559.87,44673.13,4.7,48,GA,EDUCATION,E,2 years,$50k-$75k,LATE_30,58,GammaServicing,2023-12-06,2020-01-01,PENDING,LOS_ALPHA,EXT-RISK-224,VENDOR-TAG-70
LN-08270910-10822,BW-08270910-10822,MORTGAGE,2023-08-17,2053-03-12,215304.02,180928.28,5.63,360,FL,HOME_PURCHASE,B,2 years,$75k-$100k,CLOSED,0,GammaServicing,2023-10-16,2026-08-27,PENDING,LOS_ALPHA,EXT-RISK-295,VENDOR-TAG-44
LN-08270910-10498,BW-08270910-10823,AUTO,2023-04-10,2033-02-16,109696.19,83595.43,15.44,120,NC,DEBT_CONSOLIDATION,C,2 years,$25k-$50k,DEFAULT,247,ApexServicing,2023-06-09,2026-08-27,PENDING,MANUAL_EXCEL,,
LN-08270910-10824,BW-08270910-10824,MORTGAGE,2023-01-02,2027-12-07,260363.09,94535.32,13.76,60,CA,DEBT_CONSOLIDATION,C,5 years,$25k-$50k,LATE_90,116,ApexServicing,2023-03-03,2026-08-27,PENDING,ORIGINATION_API,,VENDOR-TAG-11
LN-08270910-10825,BW-08270910-10825,MORTGAGE,2023-03-22,2033-01-28,190349.92,68484.17,15.3,120,OH,BUSINESS_EXPANSION,C,5 years,$100k+,DEFAULT,301,ApexServicing,2023-05-21,2026-08-27,PENDING,MANUAL_EXCEL,,
LN-08270910-10826,BW-08270910-10826,STUDENT,2023-05-19,2033-03-27,115095.4,91737.32,17.22,120,GA,HOME_PURCHASE,A,5 years,$100k+,DEFAULT,341,DeltaServicing,2023-07-18,2026-08-27,PENDING,MANUAL_EXCEL,EXT-RISK-455,VENDOR-TAG-68
LN-08270910-10827,BW-08270910-10827,COMMERCIAL,2023-03-21,2026-03-05,137954.81,62031.2,5.88,36,TX,EDUCATION,E,5 years,$25k-$50k,DEFAULT,166,BetaServicing,2023-05-20,2026-08-27,PENDING,MANUAL_EXCEL,,VENDOR-TAG-68
LN-08270910-10828,BW-08270910-10828,PERSONAL,2023-07-04,2027-06-13,-245993.58,126540.74,5.68,48,OH,HOME_PURCHASE,B,10+ years,$50k-$75k,LATE_90,118,ApexServicing,2023-09-02,2026-08-27,PENDING,SERVICER_CSV,,
LN-08270910-10829,BW-08270910-10829,MORTGAGE,2023-02-25,2026-02-09,282689.1,233876.79,15.93,36,GA,DEBT_CONSOLIDATION,B,10+ years,$50k-$75k,CURRENT,0,DeltaServicing,2023-04-26,2026-08-27,VERIFIED,SERVICER_CSV,,
LN-08270910-10830,BW-08270910-10830,PERSONAL,2023-07-23,2027-07-02,181570.86,34506.52,8.01,48,NY,HOME_PURCHASE,A,5 years,$25k-$50k,LATE_90,113,ApexServicing,2023-09-21,2026-08-27,PENDING,LOS_ALPHA,,
LN-08270910-10831,BW-REPEAT-2,AUTO,2023-07-03,2053-01-26,100747.08,45011.75,6.41,360,NY,AUTO_PURCHASE,E,< 1 year,$25k-$50k,CURRENT,0,ApexServicing,2023-09-01,2026-08-27,VERIFIED,ORIGINATION_API,,
LN-08270910-10832,BW-08270910-10832,PERSONAL,05-10-2024,2028-04-11,38875.76,32370.64,14.81,60,NC,EDUCATION,B,10+ years,$75k-$100k,LATE_60,78,DeltaServicing,2023-07-07,2026-08-27,PENDING,MANUAL_EXCEL,,
LN-08270910-10833,BW-08270910-10833,AUTO,2023-02-27,2025-02-16,168197.87,53434.37,7.38,24,OH,DEBT_CONSOLIDATION,C,2 years,$25k-$50k,LATE_60,73,GammaServicing,2023-04-28,2020-01-01,PENDING,LOS_ALPHA,EXT-RISK-415,VENDOR-TAG-15
LN-08270910-10372,BW-08270910-10834,PERSONAL,2023-01-03,2024-12-23,228344.05,94582.32,10.33,24,GA,DEBT_CONSOLIDATION,E,10+ years,$75k-$100k,LATE_90,116,GammaServicing,2023-03-04,2026-08-27,PENDING,ORIGINATION_API,,
LN-08270910-10835,BW-08270910-10835,AUTO,2023-01-12,2026-12-22,23206.97,15302.83,15.21,48,CA,AUTO_PURCHASE,B,5 years,<$25k,CLOSED,0,DeltaServicing,2023-03-13,2026-08-27,PENDING,LOS_ALPHA,EXT-RISK-994,VENDOR-TAG-98
LN-08270910-10836,BW-08270910-10836,STUDENT,2023-01-16,2026-12-26,280534.22,125549.67,12.27,48,NY,BUSINESS_EXPANSION,B,< 1 year,$100k+,DEFAULT,248,BetaServicing,2023-03-17,2026-08-27,PENDING,ORIGINATION_API,EXT-RISK-738,
LN-08270910-10837,BW-08270910-10308,STUDENT,2023-12-06,2028-02-08,69527.72,84461.56,14.47,60,GA,HOME_PURCHASE,E,2 years,$100k+,CLOSED,0,ApexServicing,2023-05-05,2026-08-27,PENDING,SERVICER_CSV,,
LN-08270910-10838,BW-08270910-10838,STUDENT,2023-03-05,2028-02-07,255526.77,18500.5,14.76,60,WA,HOME_PURCHASE,F,2 years,<$25k,CURRENT,0,GammaServicing,2023-05-04,2026-08-27,VERIFIED,SERVICER_CSV,,
LN-08270910-10839,BW-REPEAT-4,COMMERCIAL,2023-07-21,2025-07-10,95931.2,21777.68,17.3,24,NY,EDUCATION,D,2 years,$25k-$50k,CLOSED,0,DeltaServicing,2023-09-19,2026-08-27,PENDING,LOS_ALPHA,EXT-RISK-383,
LN-08270910-10840,BW-08270910-10840,MORTGAGE,2024-05-10,2022-05-10,38255.93,29178.99,5.04,120,OH,HOME_PURCHASE,E,< 1 year,$50k-$75k,LATE_30,44,BetaServicing,2023-03-31,2026-08-27,PENDING,ORIGINATION_API,EXT-RISK-943,
LN-08270910-10841,BW-08270910-10841,COMMERCIAL,2023-09-12,2025-09-01,185356.94,142097.1,9.63,24,NY,DEBT_CONSOLIDATION,B,< 1 year,$75k-$100k,LATE_60,15,BetaServicing,2023-11-11,2026-08-27,PENDING,LOS_ALPHA,,
LN-08270910-10842,BW-08270910-10842,COMMERCIAL,2023-04-25,2052-11-18,121619.58,22763.11,4.91,360,99,BUSINESS_EXPANSION,B,5 years,$75k-$100k,LATE_90,112,BetaServicing,2023-06-24,2026-08-27,PENDING,ORIGINATION_API,,
LN-08270910-10843,BW-08270910-10843,PERSONAL,2023-07-23,2027-07-02,94016.25,33264.22,14.02,48,NY,AUTO_PURCHASE,E,2 years,<$25k,LATE_30,51,DeltaServicing,2023-09-21,2026-08-27,PENDING,SERVICER_CSV,EXT-RISK-848,
LN-08270910-10844,BW-08270910-10844,COMMERCIAL,2023-03-21,2026-03-05,191646.57,118919.87,17.4,36,GA,AUTO_PURCHASE,D,1 year,<$25k,LATE_60,70,DeltaServicing,2023-05-20,2026-08-27,PENDING,MANUAL_EXCEL,,
LN-08270910-10845,BW-08270910-10845,PERSONAL,2023-12-11,2026-11-25,278804.14,185850.81,9.91,36,NY,DEBT_CONSOLIDATION,C,2 years,$25k-$50k,LATE_90,0,DeltaServicing,2024-02-09,2026-08-27,PENDING,LOS_ALPHA,,
LN-08270910-10846,BW-08270910-10846,COMMERCIAL,2023-06-28,2053-01-21,269879.51,191179.75,11.77,360,OH,DEBT_CONSOLIDATION,F,2 years,<$25k,LATE_60,88,GammaServicing,2023-08-27,2026-08-27,PENDING,SERVICER_CSV,,
LN-08270910-10847,BW-08270910-10847,PERSONAL,2024-05-10,2022-05-10,63608.89,39148.86,13.77,120,TX,BUSINESS_EXPANSION,D,10+ years,$75k-$100k,LATE_90,116,BetaServicing,2023-07-24,2026-08-27,PENDING,MANUAL_EXCEL,,
LN-08270910-10848,BW-08270910-10848,PERSONAL,2023-12-28,2026-12-12,42500.47,27654.39,9.81,36,NY,EDUCATION,D,10+ years,$100k+,CURRENT,0,ApexServicing,2024-02-26,2026-08-27,VERIFIED,MANUAL_EXCEL,EXT-RISK-207,
LN-08270910-10849,BW-08270910-10849,STUDENT,2023-08-09,2033-06-17,245253.1,82819.75,18.28,120,PA,HOME_PURCHASE,C,10+ years,$75k-$100k,DEFAULT,233,ApexServicing,2023-10-08,2026-08-27,PENDING,ORIGINATION_API,,
LN-08270910-10850,BW-08270910-10850,STUDENT,2023-09-10,2025-08-30,32382.15,11877.76,11.05,24,NC,DEBT_CONSOLIDATION,E,2 years,<$25k,DEFAULT,179,BetaServicing,2023-11-09,2026-08-27,PENDING,MANUAL_EXCEL,,VENDOR-TAG-13
LN-08270910-10851,BW-08270910-10851,MORTGAGE,2023-09-04,2033-07-13,244492.33,151837.51,5.81,120,99,BUSINESS_EXPANSION,B,2 years,$50k-$75k,LATE_60,83,DeltaServicing,2023-11-03,2026-08-27,PENDING,ORIGINATION_API,,
LN-08270910-10852,BW-08270910-10852,STUDENT,2023-04-24,2026-04-08,49145.78,16019.22,10.24,36,GA,HOME_PURCHASE,D,1 year,$75k-$100k,LATE_90,118,ApexServicing,2023-06-23,2026-08-27,PENDING,LOS_ALPHA,,VENDOR-TAG-73
LN-08270910-10853,BW-08270910-10853,COMMERCIAL,2023-04-25,2025-04-14,210534.05,41843.29,9.51,24,NC,HOME_PURCHASE,C,5 years,$25k-$50k,CLOSED,0,BetaServicing,2023-06-24,2026-08-27,PENDING,LOS_ALPHA,EXT-RISK-410,
LN-08270910-10854,BW-08270910-10854,PERSONAL,2023-03-01,2026-02-13,208529.75,96050.5,6.98,36,IL,EDUCATION,A,10+ years,$75k-$100k,CLOSED,0,GammaServicing,2023-04-30,2026-08-27,PENDING,MANUAL_EXCEL,,
LN-08270910-10855,BW-08270910-10855,AUTO,2023-07-01,2026-06-15,168924.09,60518.31,-5.0,36,OH,EDUCATION,B,1 year,$25k-$50k,CLOSED,0,BetaServicing,2023-08-30,2026-08-27,PENDING,ORIGINATION_API,,
LN-08270910-10856,BW-08270910-10856,PERSONAL,2023-05-28,2028-05-01,268574.14,162603.66,6.65,60,WA,BUSINESS_EXPANSION,B,5 years,<$25k,CLOSED,0,DeltaServicing,2023-07-27,2026-08-27,PENDING,MANUAL_EXCEL,EXT-RISK-386,
LN-08270910-10857,BW-08270910-10857,AUTO,2023-03-15,2028-02-17,242748.39,62286.78,15.04,60,GA,HOME_PURCHASE,A,< 1 year,$50k-$75k,CLOSED,0,ApexServicing,2023-05-14,2026-08-27,PENDING,SERVICER_CSV,,
LN-08270910-10858,BW-08270910-10858,PERSONAL,2023-04-20,2052-11-13,247186.52,202838.34,5.28,360,NC,EDUCATION,B,10+ years,$100k+,LATE_30,53,ApexServicing,2023-06-19,2026-08-27,PENDING,MANUAL_EXCEL,EXT-RISK-652,
LN-08270910-10859,BW-08270910-10859,MORTGAGE,2023-03-16,2025-03-05,187154.17,121688.62,17.67,24,PA,EDUCATION,A,1 year,$75k-$100k,LATE_30,53,ApexServicing,2023-05-15,2026-08-27,PENDING,SERVICER_CSV,EXT-RISK-227,
LN-08270910-10860,BW-08270910-10860,MORTGAGE,2023-04-26,2026-04-10,212187.12,148926.88,16.56,36,TX,HOME_PURCHASE,C,< 1 year,<$25k,LATE_60,66,BetaServicing,2023-06-25,2026-08-27,PENDING,SERVICER_CSV,EXT-RISK-209,
LN-08270910-10861,BW-08270910-10861,MORTGAGE,2023-12-07,2027-11-16,181816.94,104127.15,16.27,48,OH,HOME_PURCHASE,A,1 year,$75k-$100k,LATE_60,85,BetaServicing,2024-02-05,2026-08-27,PENDING,SERVICER_CSV,,
LN-08270910-10862,BW-08270910-10862,AUTO,2023-05-17,2033-03-25,286399.5,51689.79,13.33,120,NY,AUTO_PURCHASE,A,10+ years,<$25k,CLOSED,0,GammaServicing,2023-07-16,2026-08-27,PENDING,SERVICER_CSV,,
LN-08270910-10863,BW-08270910-10863,STUDENT,2023-12-22,2027-12-01,105159.44,86600.96,10.43,48,NC,DEBT_CONSOLIDATION,E,10+ years,<$25k,LATE_90,112,ApexServicing,2024-02-20,2026-08-27,PENDING,SERVICER_CSV,,
LN-08270910-10864,BW-08270910-10864,STUDENT,2023-05-30,2033-04-07,115852.69,41327.59,8.35,120,TX,AUTO_PURCHASE,D,< 1 year,$25k-$50k,CURRENT,0,DeltaServicing,2023-07-29,2026-08-27,VERIFIED,LOS_ALPHA,,
LN-08270910-10865,BW-08270910-10865,STUDENT,2023-05-21,2033-03-29,11073.2,5180.65,18.38,120,NC,BUSINESS_EXPANSION,D,1 year,$50k-$75k,DEFAULT,191,ApexServicing,2023-07-20,2026-08-27,PENDING,LOS_ALPHA,,
LN-08270910-10866,BW-08270910-10866,MORTGAGE,2023-10-29,2027-10-08,284786.0,94670.57,14.94,48,FL,AUTO_PURCHASE,D,1 year,$50k-$75k,LATE_60,87,BetaServicing,2023-12-28,2026-08-27,PENDING,SERVICER_CSV,,
LN-08270910-10867,BW-08270910-10867,COMMERCIAL,2023-12-19,2033-10-27,78609.01,51541.11,14.18,120,NC,BUSINESS_EXPANSION,F,5 years,$25k-$50k,LATE_90,112,ApexServicing,2024-02-17,2026-08-27,PENDING,MANUAL_EXCEL,,
LN-08270910-10868,BW-08270910-10868,AUTO,2023-06-18,2026-06-02,279864.87,129511.18,17.83,36,XX,HOME_PURCHASE,F,1 year,$75k-$100k,LATE_90,94,BetaServicing,2023-08-17,2026-08-27,PENDING,SERVICER_CSV,,
LN-08270910-10869,BW-08270910-10869,COMMERCIAL,2023-01-04,2025-12-19,289074.47,106537.24,4.67,36,CA,HOME_PURCHASE,E,5 years,$25k-$50k,CURRENT,0,DeltaServicing,2023-03-05,2026-08-27,VERIFIED,ORIGINATION_API,,VENDOR-TAG-69
LN-08270910-10870,BW-08270910-10870,PERSONAL,2023-09-16,2026-08-31,209519.37,40236.75,9.96,36,WA,EDUCATION,F,< 1 year,$25k-$50k,LATE_30,30,DeltaServicing,2023-11-15,2026-08-27,PENDING,ORIGINATION_API,,VENDOR-TAG-35
LN-08270910-10871,BW-08270910-10871,AUTO,2023-04-21,2052-11-14,87896.66,42295.33,14.85,360,WA,EDUCATION,E,5 years,$100k+,LATE_60,71,ApexServicing,2023-06-20,2026-08-27,PENDING,LOS_ALPHA,EXT-RISK-919,
LN-08270910-10872,BW-08270910-10872,STUDENT,2023-10-02,2027-09-11,10760.15,7352.78,10.41,48,XX1,EDUCATION,D,2 years,<$25k,CURRENT,0,BetaServicing,2023-12-01,2026-08-27,VERIFIED,LOS_ALPHA,,
LN-08270910-10873,BW-08270910-10873,STUDENT,2023-02-27,2033-01-05,199403.94,56172.04,12.48,120,OH,HOME_PURCHASE,D,< 1 year,$50k-$75k,DEFAULT,199,GammaServicing,2023-04-28,2026-08-27,PENDING,ORIGINATION_API,,
LN-08270910-10874,BW-08270910-10874,MORTGAGE,2023-11-22,2053-06-17,116053.71,79043.24,17.45,360,NC,BUSINESS_EXPANSION,B,10+ years,$100k+,LATE_60,62,BetaServicing,2024-01-21,2026-08-27,PENDING,MANUAL_EXCEL,,
LN-08270910-10875,BW-08270910-10875,AUTO,2023-02-27,2025-02-16,212559.37,45000.0,7.45,24,IL,BUSINESS_EXPANSION,A,2 years,<$25k,CLOSED,74,ApexServicing,2023-04-28,2026-08-27,PENDING,ORIGINATION_API,,
LN-08270910-10876,BW-08270910-10876,COMMERCIAL,15/01/2023,2028-11-30,63531.25,35480.73,6.21,60,OH,HOME_PURCHASE,B,2 years,$75k-$100k,LATE_90,90,ApexServicing,2024-02-25,2026-08-27,PENDING,MANUAL_EXCEL,,
LN-08270910-10877,BW-08270910-10877,AUTO,2023-01-30,2028-01-04,31372.05,16353.77,5.34,60,IL,HOME_PURCHASE,E,1 year,<$25k,LATE_30,48,GammaServicing,2023-03-31,2026-08-27,PENDING,MANUAL_EXCEL,,
LN-08270910-10878,BW-REPEAT-4,MORTGAGE,2023-02-07,2027-01-17,298395.69,138370.07,10.2,48,TX,AUTO_PURCHASE,A,1 year,$50k-$75k,LATE_30,38,BetaServicing,2023-04-08,2026-08-27,PENDING,SERVICER_CSV,,
LN-08270910-10879,BW-08270910-10879,COMMERCIAL,2023-12-21,2028-11-24,144764.3,79804.55,13.37,60,CA,BUSINESS_EXPANSION,B,< 1 year,$50k-$75k,LATE_90,93,BetaServicing,2024-02-19,2026-08-27,PENDING,SERVICER_CSV,,
LN-08270910-10880,BW-08270910-10880,STUDENT,2023-03-30,2028-03-03,259530.48,185334.69,8.93,60,PA,HOME_PURCHASE,C,1 year,<$25k,LATE_60,15,GammaServicing,2023-05-29,2026-08-27,PENDING,LOS_ALPHA,,
LN-08270910-10881,BW-08270910-10881,AUTO,2023-04-23,2026-04-07,-44144.06,27308.99,4.53,36,NY,AUTO_PURCHASE,E,1 year,$100k+,LATE_30,49,GammaServicing,2023-06-22,2026-08-27,PENDING,MANUAL_EXCEL,,VENDOR-TAG-21
LN-08270910-10882,BW-08270910-10882,AUTO,2023-12-03,2028-11-06,250679.92,139655.82,13.5,60,OH,EDUCATION,E,< 1 year,<$25k,CLOSED,0,GammaServicing,2024-02-01,2026-08-27,PENDING,MANUAL_EXCEL,,
LN-08270910-10883,BW-08270910-10883,AUTO,2023-11-21,2026-11-05,-120441.2,65890.25,7.21,36,GA,DEBT_CONSOLIDATION,A,2 years,$25k-$50k,LATE_90,99,ApexServicing,2024-01-20,2026-08-27,PENDING,SERVICER_CSV,,VENDOR-TAG-59
LN-08270910-10884,BW-08270910-10884,PERSONAL,2023-11-20,2028-10-24,279041.14,86916.55,-5.0,60,WA,DEBT_CONSOLIDATION,B,1 year,$25k-$50k,LATE_60,80,ApexServicing,2024-01-19,2026-08-27,PENDING,LOS_ALPHA,,
,BW-08270910-10885,MORTGAGE,2023-12-09,2025-11-28,253305.06,148928.73,13.71,24,OH,EDUCATION,E,10+ years,<$25k,DEFAULT,139,DeltaServicing,2024-02-07,2026-08-27,PENDING,MANUAL_EXCEL,,VENDOR-TAG-79
LN-08270910-10886,BW-08270910-10886,PERSONAL,2023-06-27,2026-06-11,277262.18,119277.86,14.33,36,IL,AUTO_PURCHASE,E,10+ years,$75k-$100k,DEFAULT,173,GammaServicing,2023-08-26,2026-08-27,PENDING,SERVICER_CSV,,
LN-08270910-10887,BW-08270910-10887,STUDENT,2023-09-07,2028-08-11,85645.9,45000.0,15.68,60,PA,EDUCATION,B,2 years,$100k+,CLOSED,255,BetaServicing,2023-11-06,2026-08-27,PENDING,MANUAL_EXCEL,,
LN-08270910-10888,BW-08270910-10888,COMMERCIAL,2023-06-16,2028-05-20,167293.92,82999.56,11.75,60,NY,EDUCATION,A,1 year,$75k-$100k,CURRENT,0,DeltaServicing,2023-08-15,2020-01-01,VERIFIED,ORIGINATION_API,,
LN-08270910-10889,BW-08270910-10889,AUTO,2023-07-28,2025-07-17,248647.43,52264.3,12.44,24,PA,HOME_PURCHASE,D,2 years,$25k-$50k,LATE_90,94,DeltaServicing,2023-09-26,2026-08-27,PENDING,MANUAL_EXCEL,,
LN-08270910-10890,BW-08270910-10890,COMMERCIAL,2023-01-30,2027-01-09,132638.85,91760.77,12.47,48,NY,DEBT_CONSOLIDATION,B,< 1 year,$50k-$75k,LATE_60,78,DeltaServicing,2023-03-31,2026-08-27,PENDING,SERVICER_CSV,EXT-RISK-393,
LN-08270910-10891,BW-08270910-10891,COMMERCIAL,2023-11-01,2027-10-11,263138.78,113351.87,16.34,48,GA,EDUCATION,D,2 years,<$25k,CLOSED,0,GammaServicing,2023-12-31,2026-08-27,PENDING,MANUAL_EXCEL,,
LN-08270910-10892,BW-08270910-10892,AUTO,2023-01-23,2026-01-07,28119.6,16390.8,13.45,36,NC,DEBT_CONSOLIDATION,F,10+ years,$25k-$50k,LATE_30,44,BetaServicing,2023-03-24,2026-08-27,PENDING,ORIGINATION_API,,
LN-08270910-10893,BW-08270910-10893,MORTGAGE,2023-08-17,2033-06-25,267832.54,133794.41,11.99,120,PA,HOME_PURCHASE,D,10+ years,$100k+,CURRENT,0,ApexServicing,2023-10-16,2026-08-27,,SERVICER_CSV,,
LN-08270910-10894,BW-08270910-10894,COMMERCIAL,2023-08-31,2025-08-20,268428.7,98673.38,15.21,24,WA,EDUCATION,B,10+ years,<$25k,DEFAULT,151,BetaServicing,2023-10-30,2026-08-27,NULL,MANUAL_EXCEL,,
LN-08270910-10895,BW-08270910-10895,AUTO,2023-02-15,2028-01-20,77398.24,59596.15,11.92,60,WA,BUSINESS_EXPANSION,F,2 years,$25k-$50k,CURRENT,0,BetaServicing,2023-04-16,2026-08-27,VERIFIED,SERVICER_CSV,,
LN-08270910-10896,BW-08270910-10896,COMMERCIAL,2023-02-12,2028-01-17,278269.4,138963.9,5.07,60,NY,EDUCATION,A,1 year,$75k-$100k,LATE_60,77,DeltaServicing,2023-04-13,2026-08-27,PENDING,MANUAL_EXCEL,EXT-RISK-965,
LN-08270910-10897,BW-08270910-10897,COMMERCIAL,2023-12-20,2033-10-28,173736.79,133398.22,15.45,120,WA,DEBT_CONSOLIDATION,F,1 year,<$25k,CURRENT,0,BetaServicing,2024-02-18,2026-08-27,VERIFIED,MANUAL_EXCEL,,VENDOR-TAG-24
LN-08270910-10898,BW-08270910-10898,MORTGAGE,2023-10-09,2027-09-18,222705.73,123513.82,14.81,48,OH,EDUCATION,E,2 years,$75k-$100k,LATE_30,51,ApexServicing,2023-12-08,2026-08-27,PENDING,ORIGINATION_API,EXT-RISK-835,VENDOR-TAG-89
LN-08270910-10899,BW-08270910-10899,MORTGAGE,2023-11-26,2026-11-10,277470.3,231379.29,13.64,36,TX,DEBT_CONSOLIDATION,F,2 years,$75k-$100k,CURRENT,0,ApexServicing,2024-01-25,2026-08-27,VERIFIED,MANUAL_EXCEL,,VENDOR-TAG-38
LN-08270910-10900,BW-08270910-10900,STUDENT,2023-07-04,2053-01-27,146457.02,59953.55,8.25,360,NY,BUSINESS_EXPANSION,E,1 year,$25k-$50k,CURRENT,0,GammaServicing,2023-09-02,2026-08-27,VERIFIED,LOS_ALPHA,,VENDOR-TAG-55
LN-08270910-10901,BW-08270910-10901,MORTGAGE,2023-01-06,2026-12-16,203593.38,102051.9,8.18,48,NY,DEBT_CONSOLIDATION,E,< 1 year,<$25k,CLOSED,0,GammaServicing,2023-03-07,2026-08-27,PENDING,SERVICER_CSV,EXT-RISK-643,
LN-08270910-10902,BW-08270910-10902,COMMERCIAL,2023-02-08,2026-01-23,139875.87,92121.67,5.28,36,WA,DEBT_CONSOLIDATION,D,< 1 year,$75k-$100k,DEFAULT,305,BetaServicing,2023-04-09,2026-08-27,PENDING,SERVICER_CSV,,VENDOR-TAG-13
LN-08270910-10903,BW-08270910-10903,COMMERCIAL,2023-04-02,2028-03-06,287121.15,107103.1,12.79,60,PA,DEBT_CONSOLIDATION,E,5 years,$100k+,CURRENT,0,GammaServicing,2023-06-01,2026-08-27,VERIFIED,MANUAL_EXCEL,EXT-RISK-164,VENDOR-TAG-50
LN-08270910-10904,BW-08270910-10904,COMMERCIAL,2024-05-10,2022-05-10,47900.95,37539.09,12.76,24,OH,AUTO_PURCHASE,D,10+ years,$50k-$75k,DEFAULT,202,ApexServicing,2023-05-09,2026-08-27,PENDING,MANUAL_EXCEL,,
LN-08270910-10905,BW-08270910-10905,STUDENT,2023-03-04,2033-01-10,117607.99,96709.09,11.5,120,GA,AUTO_PURCHASE,D,2 years,$100k+,CLOSED,0,BetaServicing,2023-05-03,2026-08-27,PENDING,MANUAL_EXCEL,,VENDOR-TAG-70
LN-08270910-10906,BW-08270910-10906,AUTO,2024-01-01,2025-12-21,190785.34,46096.62,6.8,24,CA,AUTO_PURCHASE,A,5 years,$100k+,CURRENT,0,DeltaServicing,2024-03-01,2026-08-27,VERIFIED,ORIGINATION_API,,
LN-08270910-10907,BW-08270910-10907,MORTGAGE,2023-12-03,2053-06-28,17528.78,14458.45,13.14,360,IL,BUSINESS_EXPANSION,A,10+ years,$75k-$100k,LATE_90,108,GammaServicing,2024-02-01,2026-08-27,PENDING,LOS_ALPHA,,
LN-08270910-10908,BW-08270910-10908,MORTGAGE,2023-06-08,2033-04-16,185285.68,153719.43,5.18,120,GA,HOME_PURCHASE,D,1 year,$100k+,CURRENT,0,DeltaServicing,2023-08-07,2020-01-01,VERIFIED,ORIGINATION_API,EXT-RISK-234,VENDOR-TAG-39
LN-08270910-10909,BW-08270910-10788,COMMERCIAL,2023-07-17,2052-11-11,88730.75,88918.22,5.34,360,OH,AUTO_PURCHASE,F,2 years,<$25k,LATE_90,104,BetaServicing,2023-06-17,2026-08-27,PENDING,LOS_ALPHA,,VENDOR-TAG-17
LN-08270910-10910,BW-08270910-10910,AUTO,2023-03-01,2028-02-03,78303.39,42751.26,7.51,60,IL,HOME_PURCHASE,F,10+ years,$75k-$100k,CURRENT,0,GammaServicing,2023-04-30,2026-08-27,VERIFIED,ORIGINATION_API,,
LN-08270910-10911,BW-08270910-10911,STUDENT,2023-05-05,2026-04-19,45505.31,28816.8,18.01,36,NY,DEBT_CONSOLIDATION,E,10+ years,$100k+,LATE_60,81,GammaServicing,2023-07-04,2026-08-27,PENDING,ORIGINATION_API,EXT-RISK-185,
LN-08270910-10912,BW-08270910-10912,AUTO,2023-10-11,2026-09-25,204235.07,99055.7,6.75,36,WA,EDUCATION,C,2 years,$50k-$75k,DEFAULT,287,BetaServicing,2023-12-10,2026-08-27,PENDING,ORIGINATION_API,,
LN-08270910-10913,BW-08270910-10913,STUDENT,2023-12-24,2026-12-08,224707.11,119255.44,15.34,36,WA,DEBT_CONSOLIDATION,D,1 year,$100k+,LATE_60,65,GammaServicing,2024-02-22,2026-08-27,PENDING,ORIGINATION_API,,VENDOR-TAG-99
LN-08270910-10914,BW-08270910-10914,STUDENT,2023-06-12,2026-05-27,164974.43,50079.31,16.59,36,NY,AUTO_PURCHASE,C,5 years,$50k-$75k,DEFAULT,133,BetaServicing,2023-08-11,2026-08-27,PENDING,MANUAL_EXCEL,,
,BW-08270910-10915,COMMERCIAL,2023-04-14,2026-03-29,15868.38,5132.56,6.78,36,TX,AUTO_PURCHASE,E,5 years,$100k+,CURRENT,0,ApexServicing,2023-06-13,2026-08-27,VERIFIED,MANUAL_EXCEL,,
LN-08270910-10916,BW-08270910-10916,AUTO,2024-01-01,2033-11-09,71295.46,11318.42,6.52,120,WA,EDUCATION,B,< 1 year,$50k-$75k,LATE_60,69,GammaServicing,2024-03-01,2026-08-27,PENDING,MANUAL_EXCEL,EXT-RISK-434,
LN-08270910-10917,BW-08270910-10873,COMMERCIAL,2023-02-27,2033-04-17,199403.94,22595.74,8.59,120,PA,EDUCATION,B,1 year,$50k-$75k,LATE_60,65,DeltaServicing,2023-08-08,2026-08-27,PENDING,LOS_ALPHA,,
LN-08270910-10918,BW-08270910-10918,MORTGAGE,2024-05-10,2022-05-10,279689.46,220951.32,7.4,360,TX,BUSINESS_EXPANSION,F,1 year,$75k-$100k,LATE_30,36,GammaServicing,2023-06-28,2026-08-27,PENDING,SERVICER_CSV,,
LN-08270910-10919,BW-08270910-10919,STUDENT,2023-07-06,2028-06-09,226947.72,172857.44,11.23,60,NY,EDUCATION,D,5 years,$75k-$100k,CLOSED,0,BetaServicing,2023-09-04,2026-08-27,PENDING,SERVICER_CSV,,VENDOR-TAG-18
LN-08270910-10920,BW-08270910-10920,MORTGAGE,2023-12-21,2033-10-29,26710.38,11832.47,17.36,120,OH,DEBT_CONSOLIDATION,C,5 years,<$25k,CLOSED,0,GammaServicing,2024-02-19,2026-08-27,PENDING,SERVICER_CSV,,
LN-08270910-10921,BW-08270910-10921,STUDENT,2023-07-02,2026-06-16,115561.53,77190.95,17.14,36,FL,DEBT_CONSOLIDATION,A,2 years,$50k-$75k,LATE_30,45,ApexServicing,2023-08-31,2026-08-27,PENDING,MANUAL_EXCEL,,
LN-08270910-10922,BW-08270910-10922,AUTO,2023-07-18,2033-05-26,18088.0,7972.91,120.0,120,OH,BUSINESS_EXPANSION,B,< 1 year,<$25k,DEFAULT,297,BetaServicing,2023-09-16,2026-08-27,PENDING,LOS_ALPHA,,
LN-08270910-10923,BW-08270910-10923,MORTGAGE,2023-04-15,2033-02-21,219462.12,112322.82,16.47,120,TX,EDUCATION,D,10+ years,$50k-$75k,LATE_30,39,DeltaServicing,2023-06-14,2026-08-27,PENDING,LOS_ALPHA,,VENDOR-TAG-42
LN-08270910-10924,BW-08270910-10924,AUTO,2023-01-22,2026-01-06,196594.91,41272.43,9.04,36,NC,DEBT_CONSOLIDATION,D,1 year,<$25k,LATE_30,58,ApexServicing,2023-03-23,2026-08-27,PENDING,SERVICER_CSV,,
LN-08270910-10925,BW-08270910-10925,AUTO,2023-11-22,2053-06-17,74581.83,38885.35,9.07,360,TX,BUSINESS_EXPANSION,F,10+ years,$100k+,CURRENT,0,BetaServicing,2024-01-21,2026-08-27,VERIFIED,ORIGINATION_API,,
LN-08270910-10926,BW-08270910-10926,STUDENT,2023-07-22,2053-02-14,228316.33,171403.73,5.3,360,PA,AUTO_PURCHASE,B,10+ years,$100k+,LATE_90,100,DeltaServicing,2023-09-20,2026-08-27,PENDING,SERVICER_CSV,,VENDOR-TAG-18
LN-08270910-10927,BW-08270910-10927,STUDENT,2023-07-25,2053-02-17,195045.85,102818.46,10.22,360,NY,HOME_PURCHASE,E,5 years,$75k-$100k,LATE_90,93,DeltaServicing,2023-09-23,2026-08-27,PENDING,ORIGINATION_API,,
LN-08270910-10928,BW-08270910-10928,COMMERCIAL,2023-11-30,2028-11-03,109906.63,70105.48,13.92,60,WA,HOME_PURCHASE,F,2 years,$50k-$75k,DEFAULT,169,GammaServicing,2024-01-29,2026-08-27,PENDING,ORIGINATION_API,,VENDOR-TAG-77
LN-08270910-10929,BW-08270910-10929,COMMERCIAL,2023-03-29,2033-02-04,184940.49,103435.49,17.73,120,PA,BUSINESS_EXPANSION,E,1 year,$50k-$75k,LATE_30,30,BetaServicing,2023-05-28,2026-08-27,PENDING,SERVICER_CSV,,
LN-08270910-10930,BW-08270910-10930,COMMERCIAL,2023-09-30,2025-09-19,82123.46,16013.49,12.21,24,OH,EDUCATION,C,< 1 year,$25k-$50k,CURRENT,0,ApexServicing,2023-11-29,2026-08-27,VERIFIED,LOS_ALPHA,,VENDOR-TAG-18
LN-08270910-10931,BW-08270910-10931,PERSONAL,2023-02-27,2033-01-05,17558.29,12500.72,18.15,120,NC,BUSINESS_EXPANSION,D,5 years,$25k-$50k,CLOSED,0,GammaServicing,2023-04-28,2026-08-27,PENDING,LOS_ALPHA,EXT-RISK-933,
LN-08270910-10932,BW-08270910-10932,PERSONAL,2024.05.10,2028-06-17,175208.06,137795.34,16.34,60,NC,BUSINESS_EXPANSION,F,5 years,$75k-$100k,LATE_60,76,BetaServicing,2023-09-12,2026-08-27,PENDING,LOS_ALPHA,,VENDOR-TAG-25
LN-08270910-10933,BW-08270910-10933,MORTGAGE,2023-11-30,2053-06-25,54376.1,26195.24,4.63,360,WA,EDUCATION,E,5 years,$100k+,LATE_60,67,ApexServicing,2024-01-29,2026-08-27,PENDING,ORIGINATION_API,,
,BW-08270910-10934,STUDENT,2023-10-28,2053-05-23,165094.5,136089.46,10.02,360,OH,AUTO_PURCHASE,D,5 years,$100k+,CURRENT,0,GammaServicing,2023-12-27,2026-08-27,VERIFIED,MANUAL_EXCEL,,
LN-08270910-10935,BW-08270910-10935,AUTO,2023-11-09,2025-10-29,266489.13,117324.39,13.0,24,NY,BUSINESS_EXPANSION,D,2 years,$100k+,LATE_60,64,GammaServicing,2024-01-08,2026-08-27,PENDING,SERVICER_CSV,,
LN-08270910-10936,BW-08270910-10936,AUTO,2023-10-04,2053-04-29,226625.43,45000.0,16.13,360,OH,EDUCATION,C,< 1 year,$100k+,CLOSED,334,GammaServicing,2023-12-03,2026-08-27,PENDING,LOS_ALPHA,EXT-RISK-367,
LN-08270910-10937,BW-08270910-10937,AUTO,2023-01-17,2032-11-25,181496.42,35385.67,17.01,120,NC,HOME_PURCHASE,E,10+ years,$100k+,LATE_90,113,BetaServicing,2023-03-18,2026-08-27,PENDING,ORIGINATION_API,,
LN-08270910-10938,BW-08270910-10938,STUDENT,2023-03-10,2026-02-22,33012.62,16304.8,9.31,36,GA,AUTO_PURCHASE,E,5 years,<$25k,DEFAULT,128,DeltaServicing,2023-05-09,2026-08-27,PENDING,ORIGINATION_API,,
LN-08270910-10025,BW-08270910-10939,MORTGAGE,2023-12-21,2053-07-16,151954.57,46271.1,6.51,360,WA,HOME_PURCHASE,E,2 years,$25k-$50k,LATE_90,104,ApexServicing,2024-02-19,2026-08-27,PENDING,LOS_ALPHA,,
LN-08270910-10940,BW-REPEAT-4,STUDENT,2023-07-27,2026-07-11,181104.04,105898.55,6.13,36,OH,BUSINESS_EXPANSION,A,5 years,$25k-$50k,CLOSED,0,GammaServicing,2023-09-25,2026-08-27,PENDING,MANUAL_EXCEL,,
LN-08270910-10941,BW-08270910-10941,AUTO,2023-09-29,2026-09-13,158388.32,132724.22,16.56,36,NY,EDUCATION,B,2 years,$50k-$75k,CLOSED,0,BetaServicing,2023-11-28,2026-08-27,PENDING,LOS_ALPHA,,
LN-08270910-10942,BW-08270910-10942,STUDENT,2023-12-06,2028-11-09,15000.0,28500.0,5.79,60,NY,HOME_PURCHASE,F,2 years,<$25k,DEFAULT,191,BetaServicing,2024-02-04,2026-08-27,PENDING,SERVICER_CSV,,VENDOR-TAG-52
LN-08270910-10943,BW-08270910-10943,AUTO,2023-10-05,2033-08-13,83403.81,43940.99,9.94,120,NY,DEBT_CONSOLIDATION,D,5 years,<$25k,LATE_90,90,DeltaServicing,2023-12-04,2026-08-27,PENDING,LOS_ALPHA,,
LN-08270910-10944,BW-08270910-10944,STUDENT,2023-11-16,2025-11-05,68061.58,15954.47,5.51,24,NY,BUSINESS_EXPANSION,D,10+ years,$75k-$100k,DEFAULT,122,BetaServicing,2024-01-15,2026-08-27,PENDING,SERVICER_CSV,,
LN-08270910-10945,BW-08270910-10945,COMMERCIAL,2023-07-17,2026-07-01,48056.84,29045.34,18.06,36,WA,DEBT_CONSOLIDATION,F,1 year,$25k-$50k,LATE_30,46,DeltaServicing,2023-09-15,2026-08-27,PENDING,MANUAL_EXCEL,,
LN-08270910-10946,BW-08270910-10946,AUTO,2023-09-27,2033-08-05,27564.41,8512.06,17.44,120,FL,DEBT_CONSOLIDATION,D,10+ years,$25k-$50k,LATE_30,33,GammaServicing,2023-11-26,2026-08-27,PENDING,MANUAL_EXCEL,EXT-RISK-508,
LN-08270910-10947,BW-08270910-10947,PERSONAL,2023-01-12,2026-12-22,89391.47,55076.69,15.93,48,TX,EDUCATION,A,< 1 year,<$25k,LATE_90,117,GammaServicing,2023-03-13,2026-08-27,,LOS_ALPHA,,
LN-08270910-10948,BW-08270910-10948,AUTO,2023-10-05,2028-09-08,48417.84,34994.09,14.91,60,FL,DEBT_CONSOLIDATION,C,5 years,$50k-$75k,LATE_90,106,BetaServicing,2023-12-04,2026-08-27,PENDING,SERVICER_CSV,EXT-RISK-780,
LN-08270910-10949,BW-08270910-10949,AUTO,2023-06-22,2028-05-26,184599.81,76619.38,6.2,60,CA,BUSINESS_EXPANSION,B,< 1 year,$50k-$75k,LATE_30,34,ApexServicing,2023-08-21,2026-08-27,PENDING,MANUAL_EXCEL,,VENDOR-TAG-93
LN-08270910-10950,BW-08270910-10950,AUTO,2023-01-22,2027-12-27,65355.76,20883.21,18.45,60,OH,HOME_PURCHASE,C,5 years,<$25k,CURRENT,0,BetaServicing,2023-03-23,2026-08-27,VERIFIED,MANUAL_EXCEL,,VENDOR-TAG-72
LN-08270910-10951,BW-08270910-10951,AUTO,2023-06-22,2026-06-06,109410.86,42921.4,18.18,36,PA,HOME_PURCHASE,C,< 1 year,<$25k,LATE_90,104,GammaServicing,2023-08-21,2020-01-01,PENDING,MANUAL_EXCEL,,
LN-08270910-10952,BW-08270910-10952,PERSONAL,2023-12-18,2027-11-27,151822.72,83181.09,17.86,48,GA,EDUCATION,F,5 years,$100k+,DEFAULT,157,DeltaServicing,2024-02-16,2026-08-27,PENDING,SERVICER_CSV,EXT-RISK-356,
LN-08270910-10953,BW-08270910-10953,PERSONAL,2023-02-05,2032-12-14,221287.87,63050.35,4.55,120,OH,HOME_PURCHASE,F,1 year,<$25k,DEFAULT,339,BetaServicing,2023-04-06,2026-08-27,PENDING,ORIGINATION_API,,
LN-08270910-10954,BW-08270910-10954,MORTGAGE,2023-09-29,2033-08-07,256512.91,72788.28,4.71,120,WA,DEBT_CONSOLIDATION,D,5 years,$25k-$50k,DEFAULT,241,GammaServicing,2023-11-28,2026-08-27,PENDING,SERVICER_CSV,EXT-RISK-390,VENDOR-TAG-28
LN-08270910-10955,BW-08270910-10955,MORTGAGE,2023-12-28,2033-11-05,23883.07,4228.06,16.35,120,PA,HOME_PURCHASE,A,1 year,$100k+,CURRENT,0,ApexServicing,2024-02-26,2026-08-27,VERIFIED,ORIGINATION_API,,
LN-08270910-10956,BW-08270910-10956,COMMERCIAL,2023-01-14,2025-12-29,154152.63,24579.73,12.18,36,WA,AUTO_PURCHASE,A,5 years,$25k-$50k,LATE_90,97,ApexServicing,2023-03-15,2026-08-27,PENDING,ORIGINATION_API,,
LN-08270910-10957,BW-08270910-10957,STUDENT,2023-09-18,2027-08-28,14994.79,4130.47,8.72,48,PA,EDUCATION,B,10+ years,$25k-$50k,DEFAULT,276,GammaServicing,2023-11-17,2026-08-27,PENDING,MANUAL_EXCEL,,
LN-08270910-10958,BW-08270910-10958,AUTO,2023-01-13,2052-08-08,72460.29,37319.24,5.81,360,FL,HOME_PURCHASE,E,5 years,$100k+,DEFAULT,324,ApexServicing,2023-03-14,2026-08-27,PENDING,SERVICER_CSV,,
LN-08270910-10959,BW-08270910-10959,AUTO,2023-05-12,2052-12-05,39257.83,30453.76,12.91,360,NC,EDUCATION,F,5 years,$100k+,LATE_90,101,GammaServicing,2023-07-11,2026-08-27,PENDING,MANUAL_EXCEL,,
LN-08270910-10960,BW-08270910-10960,COMMERCIAL,2024-05-10,2022-05-10,234407.55,84948.44,7.6,360,NY,AUTO_PURCHASE,D,10+ years,<$25k,CURRENT,0,GammaServicing,2023-09-02,2026-08-27,VERIFIED,LOS_ALPHA,,
LN-08270910-10961,BW-08270910-10961,COMMERCIAL,2023-01-31,2032-12-09,232589.25,73823.1,14.73,120,GA,EDUCATION,C,10+ years,<$25k,LATE_90,110,DeltaServicing,2023-04-01,2026-08-27,PENDING,SERVICER_CSV,,
LN-08270910-10962,BW-08270910-10962,STUDENT,2023-11-24,2026-11-08,209684.08,103230.71,10.2,36,GA,BUSINESS_EXPANSION,B,10+ years,<$25k,CLOSED,0,ApexServicing,2024-01-23,2026-08-27,PENDING,SERVICER_CSV,EXT-RISK-457,
LN-08270910-10963,BW-08270910-10963,AUTO,2023-01-05,2052-07-31,30473.62,11743.17,18.44,360,TX,EDUCATION,D,< 1 year,$25k-$50k,LATE_60,64,BetaServicing,2023-03-06,2026-08-27,PENDING,LOS_ALPHA,,
LN-08270910-10964,BW-08270910-10964,AUTO,2023-08-10,2033-06-18,112731.64,49185.39,13.12,120,WA,BUSINESS_EXPANSION,E,2 years,<$25k,CLOSED,0,GammaServicing,2023-10-09,2026-08-27,PENDING,ORIGINATION_API,,
LN-08270910-10965,BW-08270910-10965,MORTGAGE,2023-10-29,2053-05-24,35742.76,18296.41,5.17,360,TX,DEBT_CONSOLIDATION,C,2 years,$25k-$50k,DEFAULT,235,DeltaServicing,2023-12-28,2026-08-27,PENDING,SERVICER_CSV,EXT-RISK-419,
LN-08270910-10966,BW-08270910-10966,COMMERCIAL,2023-09-22,2025-09-11,69139.33,32605.34,16.82,24,TX,BUSINESS_EXPANSION,A,< 1 year,$50k-$75k,DEFAULT,283,GammaServicing,2023-11-21,2026-08-27,PENDING,ORIGINATION_API,,
LN-08270910-10967,BW-08270910-10967,COMMERCIAL,2023-03-20,2052-10-13,110559.61,85444.09,17.6,360,NY,HOME_PURCHASE,F,2 years,$100k+,LATE_60,84,DeltaServicing,2023-05-19,2026-08-27,PENDING,LOS_ALPHA,,
LN-08270910-10968,BW-08270910-10968,PERSONAL,2023-03-28,2028-03-01,64824.3,18500.5,12.66,60,GA,EDUCATION,B,< 1 year,$75k-$100k,CURRENT,0,ApexServicing,2023-05-27,2026-08-27,VERIFIED,SERVICER_CSV,,
LN-08270910-10969,BW-08270910-10969,AUTO,2023-07-12,2025-07-01,36371.79,26306.36,7.9,24,XX,BUSINESS_EXPANSION,F,10+ years,<$25k,LATE_60,87,BetaServicing,2023-09-10,2026-08-27,PENDING,SERVICER_CSV,,
LN-08270910-10970,BW-08270910-10970,COMMERCIAL,2023-01-19,2027-12-24,15000.0,28500.0,8.09,60,PA,HOME_PURCHASE,A,2 years,$25k-$50k,LATE_90,117,GammaServicing,2023-03-20,2026-08-27,PENDING,LOS_ALPHA,,VENDOR-TAG-51
LN-08270910-10971,BW-08270910-10971,STUDENT,2023-08-22,2053-03-17,248623.25,164848.32,4.57,360,IL,AUTO_PURCHASE,E,1 year,<$25k,CURRENT,0,DeltaServicing,2023-10-21,2026-08-27,VERIFIED,LOS_ALPHA,EXT-RISK-239,
LN-08270910-10972,BW-08270910-10972,MORTGAGE,2023-01-14,2026-12-24,186208.91,29095.62,9.68,48,IL,HOME_PURCHASE,C,1 year,<$25k,LATE_60,79,ApexServicing,2023-03-15,2026-08-27,PENDING,MANUAL_EXCEL,,VENDOR-TAG-73
LN-08270910-10973,BW-08270910-10973,STUDENT,2023-11-14,2033-09-22,295259.46,207842.41,17.0,120,GA,HOME_PURCHASE,B,10+ years,$25k-$50k,LATE_90,107,ApexServicing,2024-01-13,2026-08-27,PENDING,ORIGINATION_API,EXT-RISK-829,VENDOR-TAG-88
LN-08270910-10974,BW-08270910-10974,PERSONAL,2023-01-07,2025-12-22,233122.28,144470.56,12.91,36,CA,BUSINESS_EXPANSION,F,5 years,$25k-$50k,CLOSED,0,GammaServicing,2023-03-08,2026-08-27,PENDING,LOS_ALPHA,EXT-RISK-438,
LN-08270910-10975,BW-08270910-10975,COMMERCIAL,2023-10-21,2033-08-29,181180.12,94061.9,11.09,120,TX,BUSINESS_EXPANSION,B,2 years,<$25k,LATE_90,90,BetaServicing,2023-12-20,2026-08-27,PENDING,SERVICER_CSV,EXT-RISK-729,
LN-08270910-10976,BW-08270910-10976,PERSONAL,2023-09-06,2027-08-16,166898.58,45000.0,6.14,48,PA,EDUCATION,A,5 years,$100k+,CLOSED,265,ApexServicing,2023-11-05,2026-08-27,PENDING,LOS_ALPHA,,
LN-08270910-10977,BW-08270910-10977,PERSONAL,2023-07-14,2026-06-28,75523.78,26580.4,8.89,36,NY,BUSINESS_EXPANSION,D,< 1 year,$25k-$50k,LATE_90,115,GammaServicing,2023-09-12,2026-08-27,PENDING,LOS_ALPHA,,
LN-08270910-10978,BW-08270910-10978,MORTGAGE,2024-05-10,2022-05-10,291971.18,45590.67,11.74,24,NY,HOME_PURCHASE,F,< 1 year,<$25k,CLOSED,0,DeltaServicing,2023-10-06,2026-08-27,PENDING,ORIGINATION_API,,
LN-08270910-10979,BW-08270910-10979,AUTO,2023-05-25,2052-12-18,26938.5,6379.14,5.6,360,PA,DEBT_CONSOLIDATION,D,< 1 year,$100k+,CLOSED,0,GammaServicing,2023-07-24,2026-08-27,PENDING,ORIGINATION_API,EXT-RISK-863,VENDOR-TAG-73
LN-08270910-10980,BW-08270910-10980,AUTO,2023-03-06,2025-02-23,241693.26,82826.14,5.75,24,WA,BUSINESS_EXPANSION,A,10+ years,$100k+,DEFAULT,123,GammaServicing,2023-05-05,2026-08-27,PENDING,MANUAL_EXCEL,,VENDOR-TAG-16
LN-08270910-10981,BW-08270910-10981,MORTGAGE,2023-12-02,2028-11-05,257505.96,168739.25,11.6,60,CA,AUTO_PURCHASE,B,1 year,$100k+,CLOSED,0,ApexServicing,2024-01-31,2026-08-27,PENDING,MANUAL_EXCEL,,VENDOR-TAG-17
LN-08270910-10982,BW-08270910-10982,STUDENT,2023-10-12,2053-05-07,261880.56,100003.82,15.05,360,CA,BUSINESS_EXPANSION,C,2 years,$100k+,LATE_60,62,BetaServicing,2023-12-11,2026-08-27,PENDING,LOS_ALPHA,EXT-RISK-589,VENDOR-TAG-56
LN-08270910-10983,BW-08270910-10983,AUTO,2023-11-19,2027-10-29,141571.64,77002.98,13.87,48,GA,AUTO_PURCHASE,F,5 years,$25k-$50k,LATE_90,119,BetaServicing,2024-01-18,2026-08-27,PENDING,ORIGINATION_API,,
LN-08270910-10984,BW-08270910-10984,COMMERCIAL,2023-07-30,2028-07-03,182898.65,45000.0,7.05,60,CA,DEBT_CONSOLIDATION,A,2 years,$50k-$75k,CLOSED,274,BetaServicing,2023-09-28,2026-08-27,PENDING,SERVICER_CSV,,
LN-08270910-10985,BW-08270910-10985,AUTO,2023-03-13,2026-02-25,172302.8,38176.7,5.85,36,GA,HOME_PURCHASE,B,< 1 year,$25k-$50k,CLOSED,0,GammaServicing,2023-05-12,2026-08-27,PENDING,SERVICER_CSV,,
LN-08270910-10986,BW-08270910-10986,PERSONAL,2023-01-15,2052-08-10,48705.69,23377.96,13.92,360,OH,HOME_PURCHASE,F,1 year,$50k-$75k,LATE_90,95,GammaServicing,2023-03-16,2026-08-27,PENDING,ORIGINATION_API,,
LN-08270910-10987,BW-08270910-10987,MORTGAGE,2023-07-03,2026-06-17,23001.6,13022.46,5.65,36,WA,AUTO_PURCHASE,B,1 year,$100k+,CLOSED,0,GammaServicing,2023-09-01,2026-08-27,PENDING,MANUAL_EXCEL,,VENDOR-TAG-12
LN-08270910-10988,BW-08270910-10988,PERSONAL,2023-08-09,2028-07-13,35624.57,11824.02,5.07,60,GA,AUTO_PURCHASE,D,1 year,$75k-$100k,CURRENT,0,ApexServicing,2023-10-08,2026-08-27,VERIFIED,ORIGINATION_API,,
LN-08270910-10989,BW-08270910-10989,AUTO,15/01/2023,2026-08-07,166296.16,27740.09,17.9,36,WA,DEBT_CONSOLIDATION,F,< 1 year,$75k-$100k,LATE_90,113,ApexServicing,2023-10-22,2026-08-27,PENDING,ORIGINATION_API,,
LN-08270910-10990,BW-08270910-10990,PERSONAL,2023-05-21,2052-12-14,158810.71,82135.27,11.27,360,CA,HOME_PURCHASE,E,1 year,$75k-$100k,LATE_60,82,BetaServicing,2023-07-20,2026-08-27,PENDING,ORIGINATION_API,,
LN-08270910-10991,BW-08270910-10991,AUTO,2023-11-27,2028-10-31,15000.0,28500.0,13.19,60,NC,BUSINESS_EXPANSION,B,10+ years,$100k+,DEFAULT,148,BetaServicing,2024-01-26,2026-08-27,PENDING,SERVICER_CSV,,VENDOR-TAG-45
LN-08270910-10992,BW-08270910-10992,STUDENT,2023-05-12,2027-04-21,212620.8,176361.57,5.86,48,WA,BUSINESS_EXPANSION,C,< 1 year,<$25k,DEFAULT,262,DeltaServicing,2023-07-11,2026-08-27,PENDING,LOS_ALPHA,,
LN-08270910-10993,BW-08270910-10993,PERSONAL,2023-05-03,2025-04-22,23009.26,6615.52,13.67,24,IL,AUTO_PURCHASE,C,10+ years,$25k-$50k,LATE_60,81,BetaServicing,2023-07-02,2026-08-27,PENDING,SERVICER_CSV,,VENDOR-TAG-94
LN-08270910-10994,BW-08270910-10994,STUDENT,2023-06-18,2027-05-28,15000.0,28500.0,5.87,48,NY,HOME_PURCHASE,F,1 year,$100k+,LATE_90,112,DeltaServicing,2023-08-17,2026-08-27,PENDING,ORIGINATION_API,,
,BW-08270910-10995,MORTGAGE,2023-04-10,2025-03-30,33902.81,22227.21,11.51,24,WA,EDUCATION,F,5 years,$25k-$50k,LATE_90,110,ApexServicing,2023-06-09,2026-08-27,PENDING,ORIGINATION_API,,
LN-08270910-10996,BW-08270910-10996,AUTO,2023-03-19,2052-10-12,116115.15,34118.08,8.98,360,GA,BUSINESS_EXPANSION,D,1 year,<$25k,LATE_30,32,DeltaServicing,2023-05-18,2026-08-27,PENDING,LOS_ALPHA,,
LN-08270910-10997,BW-08270910-10997,MORTGAGE,2023-04-16,2025-04-05,256173.15,140903.41,6.95,24,NY,DEBT_CONSOLIDATION,D,10+ years,$25k-$50k,DEFAULT,173,BetaServicing,2023-06-15,2026-08-27,PENDING,ORIGINATION_API,,
LN-08270910-10998,BW-08270910-10998,PERSONAL,2023-11-10,2027-10-20,74746.83,57901.93,18.09,48,PA,HOME_PURCHASE,E,5 years,<$25k,LATE_60,76,GammaServicing,2024-01-09,2026-08-27,PENDING,SERVICER_CSV,,
LN-08270910-10999,BW-08270910-10999,STUDENT,2023-01-12,2027-12-17,159916.45,110416.41,11.11,60,PA,HOME_PURCHASE,C,1 year,$50k-$75k,LATE_60,15,GammaServicing,2023-03-13,2026-08-27,PENDING,MANUAL_EXCEL,,
LN-08270910-11000,BW-08270910-11000,COMMERCIAL,2023-01-20,2032-11-28,120448.51,64146.99,12.85,120,CA,DEBT_CONSOLIDATION,A,5 years,$25k-$50k,LATE_30,35,ApexServicing,2023-03-21,2026-08-27,PENDING,LOS_ALPHA,,
LN-08270910-11001,BW-08270910-11001,MORTGAGE,2023-05-30,2033-04-07,85774.36,47126.65,9.24,120,FL,AUTO_PURCHASE,C,2 years,$50k-$75k,CLOSED,0,GammaServicing,2023-07-29,2026-08-27,PENDING,ORIGINATION_API,,
LN-08270910-11002,BW-08270910-11002,AUTO,2023-11-12,2026-10-27,35269.07,16222.89,13.16,36,FL,DEBT_CONSOLIDATION,D,2 years,$50k-$75k,CLOSED,0,DeltaServicing,2024-01-11,2026-08-27,PENDING,ORIGINATION_API,,
LN-08270910-11003,BW-08270910-11003,AUTO,2023-11-03,2026-10-18,190633.37,28595.95,12.95,36,FL,BUSINESS_EXPANSION,C,1 year,$100k+,CLOSED,0,DeltaServicing,2024-01-02,2026-08-27,PENDING,LOS_ALPHA,,
LN-08270910-11004,BW-08270910-11004,AUTO,2023-09-23,2028-08-27,17180.17,14555.67,14.68,60,NC,EDUCATION,D,1 year,$75k-$100k,CLOSED,0,DeltaServicing,2023-11-22,2026-08-27,PENDING,ORIGINATION_API,,VENDOR-TAG-29
LN-08270910-11005,BW-08270910-11005,COMMERCIAL,2023-05-06,2052-11-29,15000.0,28500.0,5.06,360,NC,BUSINESS_EXPANSION,B,2 years,<$25k,CLOSED,0,ApexServicing,2023-07-05,2026-08-27,PENDING,SERVICER_CSV,,
LN-08270910-10411,BW-08270910-11006,AUTO,2023-05-26,2027-05-05,181999.21,45066.37,10.11,48,IL,EDUCATION,E,5 years,$50k-$75k,LATE_90,102,BetaServicing,2023-07-25,2026-08-27,PENDING,SERVICER_CSV,EXT-RISK-651,VENDOR-TAG-87
LN-08270910-11007,BW-08270910-11007,STUDENT,2023-05-23,2026-05-07,57069.29,12279.77,13.09,36,WA,HOME_PURCHASE,B,2 years,$50k-$75k,DEFAULT,131,GammaServicing,2023-07-22,2026-08-27,PENDING,SERVICER_CSV,EXT-RISK-485,
LN-08270910-11008,BW-08270910-11008,COMMERCIAL,2023-07-13,2033-05-21,63074.28,18909.68,15.17,120,TX,DEBT_CONSOLIDATION,E,10+ years,$25k-$50k,LATE_60,84,BetaServicing,2023-09-11,2026-08-27,PENDING,SERVICER_CSV,,
LN-08270910-11009,BW-08270910-11009,COMMERCIAL,2023-04-01,2026-03-16,99882.52,34795.7,8.11,36,PA,EDUCATION,F,1 year,$50k-$75k,LATE_90,103,DeltaServicing,2023-05-31,2026-08-27,PENDING,MANUAL_EXCEL,,
LN-08270910-11010,BW-08270910-11010,STUDENT,2023-05-17,2025-05-06,92962.07,27234.01,5.68,24,NC,AUTO_PURCHASE,B,10+ years,$100k+,LATE_90,117,BetaServicing,2023-07-16,2026-08-27,PENDING,MANUAL_EXCEL,EXT-RISK-326,
LN-08270910-11011,BW-08270910-11011,COMMERCIAL,2023-04-05,2026-03-20,260254.91,158710.61,14.69,36,CA,AUTO_PURCHASE,D,1 year,<$25k,LATE_90,90,DeltaServicing,2023-06-04,2026-08-27,PENDING,MANUAL_EXCEL,EXT-RISK-428,VENDOR-TAG-33
LN-08270910-11012,BW-08270910-10591,PERSONAL,2023-02-02,2026-04-18,13328.49,34699.83,9.88,36,FL,BUSINESS_EXPANSION,D,10+ years,$100k+,DEFAULT,354,ApexServicing,2023-07-03,2026-08-27,PENDING,SERVICER_CSV,,
LN-08270910-11013,BW-08270910-11013,PERSONAL,2023-08-27,2026-08-11,99053.09,75525.65,13.86,36,TX,DEBT_CONSOLIDATION,C,5 years,$25k-$50k,LATE_90,104,GammaServicing,2023-10-26,2026-08-27,PENDING,MANUAL_EXCEL,,
LN-08270910-11014,BW-08270910-11014,PERSONAL,2023-07-14,2027-06-23,71618.74,52053.12,13.75,48,NC,AUTO_PURCHASE,F,10+ years,$50k-$75k,LATE_60,68,BetaServicing,2023-09-12,2026-08-27,PENDING,SERVICER_CSV,,
LN-08270910-11015,BW-08270910-11015,STUDENT,2023-11-29,2028-11-02,94637.91,45000.0,15.42,60,PA,EDUCATION,B,2 years,$25k-$50k,CLOSED,0,GammaServicing,2024-01-28,2026-08-27,VERIFIED,SERVICER_CSV,,
LN-08270910-11016,BW-08270910-11016,AUTO,2023-03-11,2025-02-28,25366.2,18070.78,14.35,24,WA,EDUCATION,C,2 years,<$25k,LATE_90,112,BetaServicing,2023-05-10,2026-08-27,PENDING,LOS_ALPHA,,
LN-08270910-11017,BW-08270910-11017,PERSONAL,2023-09-08,2027-08-18,253375.7,190980.37,16.54,48,CA,DEBT_CONSOLIDATION,D,2 years,$100k+,CURRENT,0,BetaServicing,2023-11-07,2026-08-27,VERIFIED,MANUAL_EXCEL,,
LN-08270910-11018,BW-08270910-11018,AUTO,2023-10-21,2026-10-05,78336.71,43281.55,4.96,36,PA,BUSINESS_EXPANSION,F,1 year,<$25k,LATE_30,30,GammaServicing,2023-12-20,2026-08-27,PENDING,SERVICER_CSV,,
LN-08270910-11019,BW-08270910-11019,STUDENT,2023-08-19,2027-07-29,18622.62,15447.42,7.7,48,PA,DEBT_CONSOLIDATION,C,10+ years,<$25k,DEFAULT,263,ApexServicing,2023-10-18,2026-08-27,PENDING,ORIGINATION_API,,
LN-08270910-11020,BW-08270910-11020,AUTO,2023-07-14,2026-06-28,169328.77,50481.27,8.88,36,GA,BUSINESS_EXPANSION,E,1 year,$75k-$100k,CURRENT,0,GammaServicing,2023-09-12,2026-08-27,VERIFIED,MANUAL_EXCEL,,
LN-08270910-11021,BW-08270910-11021,STUDENT,2023-04-28,2033-03-06,63015.41,9942.67,16.34,120,OH,DEBT_CONSOLIDATION,A,1 year,<$25k,LATE_90,113,BetaServicing,2023-06-27,2026-08-27,PENDING,LOS_ALPHA,,
LN-08270910-11022,BW-08270910-11022,STUDENT,2023-03-19,2027-02-26,112981.98,39947.5,11.52,48,NY,AUTO_PURCHASE,A,< 1 year,<$25k,CLOSED,0,DeltaServicing,2023-05-18,2026-08-27,PENDING,LOS_ALPHA,,
LN-08270910-11023,BW-08270910-11023,STUDENT,2023-03-18,2028-02-20,238581.31,141665.47,6.56,60,TX,AUTO_PURCHASE,C,< 1 year,<$25k,LATE_30,50,DeltaServicing,2023-05-17,2026-08-27,PENDING,LOS_ALPHA,EXT-RISK-770,
LN-08270910-11024,BW-08270910-11024,COMMERCIAL,2023-01-04,2025-12-19,68787.94,56882.41,15.94,36,CA,EDUCATION,F,10+ years,$100k+,CLOSED,0,BetaServicing,2023-03-05,2026-08-27,,MANUAL_EXCEL,,
LN-08270910-11025,BW-08270910-11025,AUTO,2023-01-23,2026-01-07,101069.25,31416.61,9.82,36,NC,EDUCATION,E,1 year,$100k+,CURRENT,0,DeltaServicing,2023-03-24,2026-08-27,VERIFIED,SERVICER_CSV,,
LN-08270910-11026,BW-08270910-11026,AUTO,2023-02-13,2032-12-22,50194.34,24348.41,17.36,120,WA,BUSINESS_EXPANSION,E,10+ years,$100k+,LATE_30,49,DeltaServicing,2023-04-14,2020-01-01,PENDING,ORIGINATION_API,,
LN-08270910-11027,BW-08270910-11027,PERSONAL,15/01/2023,2025-10-07,208412.36,88500.36,11.16,24,IL,EDUCATION,E,2 years,$75k-$100k,CLOSED,0,BetaServicing,2023-12-17,2026-08-27,PENDING,MANUAL_EXCEL,EXT-RISK-344,VENDOR-TAG-28
LN-08270910-11028,BW-08270910-11028,AUTO,2023-05-03,2028-04-06,87408.92,48939.07,17.27,60,CA,BUSINESS_EXPANSION,C,< 1 year,<$25k,LATE_30,30,BetaServicing,2023-07-02,2026-08-27,PENDING,MANUAL_EXCEL,,VENDOR-TAG-92
LN-08270910-11029,BW-08270910-11029,STUDENT,2023-11-18,2026-11-02,183676.54,49494.28,16.62,36,PA,DEBT_CONSOLIDATION,A,10+ years,$25k-$50k,DEFAULT,318,ApexServicing,2024-01-17,2026-08-27,PENDING,LOS_ALPHA,EXT-RISK-291,
LN-08270910-11030,BW-08270910-11030,COMMERCIAL,2023-10-03,2028-09-06,281042.17,229303.91,7.41,60,IL,BUSINESS_EXPANSION,C,< 1 year,$25k-$50k,LATE_30,43,DeltaServicing,2023-12-02,2026-08-27,PENDING,ORIGINATION_API,,
LN-08270910-11031,BW-08270910-11031,STUDENT,2024-05-10,2022-05-10,109631.72,25084.63,8.88,36,TX,DEBT_CONSOLIDATION,F,< 1 year,$50k-$75k,CURRENT,0,BetaServicing,2023-08-13,2026-08-27,VERIFIED,SERVICER_CSV,EXT-RISK-626,
LN-08270910-11032,BW-08270910-11032,AUTO,2023-08-15,2027-07-25,133928.55,53402.59,18.43,48,IL,BUSINESS_EXPANSION,C,< 1 year,<$25k,DEFAULT,319,BetaServicing,2023-10-14,2026-08-27,PENDING,ORIGINATION_API,,VENDOR-TAG-12
LN-08270910-10133,BW-08270910-11033,COMMERCIAL,2023-09-21,2028-08-25,141621.37,92256.88,11.3,60,PA,HOME_PURCHASE,E,5 years,<$25k,LATE_30,58,BetaServicing,2023-11-20,2026-08-27,PENDING,MANUAL_EXCEL,,
LN-08270910-11034,BW-08270910-11034,AUTO,2023-01-10,2024-12-30,138205.72,30798.24,12.16,24,GA,DEBT_CONSOLIDATION,F,2 years,$100k+,LATE_90,104,BetaServicing,2023-03-11,2026-08-27,PENDING,ORIGINATION_API,EXT-RISK-860,VENDOR-TAG-41
LN-08270910-10893,BW-08270910-11035,COMMERCIAL,2023-10-13,2033-08-21,215174.5,147963.49,9.99,120,NY,BUSINESS_EXPANSION,F,5 years,$50k-$75k,LATE_30,31,ApexServicing,2023-12-12,2026-08-27,PENDING,LOS_ALPHA,,
,BW-08270910-11036,STUDENT,2023-02-13,2027-01-23,192543.99,125780.77,11.33,48,IL,BUSINESS_EXPANSION,D,5 years,$50k-$75k,LATE_60,71,GammaServicing,2023-04-14,2026-08-27,PENDING,ORIGINATION_API,,
LN-08270910-11037,BW-08270910-11037,AUTO,2023-06-05,2025-05-25,163034.09,89666.45,13.27,24,OH,HOME_PURCHASE,F,5 years,$25k-$50k,LATE_90,114,DeltaServicing,2023-08-04,2026-08-27,PENDING,LOS_ALPHA,,
LN-08270910-11038,BW-08270910-11038,MORTGAGE,2023-08-17,2033-06-25,141295.96,106242.3,16.02,120,FL,EDUCATION,A,2 years,$100k+,CURRENT,0,ApexServicing,2023-10-16,2026-08-27,VERIFIED,LOS_ALPHA,,VENDOR-TAG-12
LN-08270910-11039,BW-08270910-11039,AUTO,2023-01-21,2027-12-26,228190.34,53016.0,12.43,60,FL,EDUCATION,F,5 years,$75k-$100k,LATE_90,119,GammaServicing,2023-03-22,2026-08-27,PENDING,MANUAL_EXCEL,,
LN-08270910-11040,BW-08270910-11040,STUDENT,2023-05-01,2026-04-15,29087.73,9366.31,8.99,36,PA,DEBT_CONSOLIDATION,B,5 years,$75k-$100k,LATE_30,32,DeltaServicing,2023-06-30,2026-08-27,PENDING,LOS_ALPHA,,
LN-08270910-11041,BW-08270910-11041,MORTGAGE,2023-09-21,2027-08-31,272322.45,82923.4,9.7,48,FL,EDUCATION,C,10+ years,$75k-$100k,CURRENT,90,ApexServicing,2023-11-20,2026-08-27,PENDING,LOS_ALPHA,,VENDOR-TAG-33
LN-08270910-11042,BW-08270910-11042,AUTO,2023-06-03,2052-12-27,25076.14,9666.53,6.29,360,PA,DEBT_CONSOLIDATION,D,< 1 year,$25k-$50k,LATE_30,58,ApexServicing,2023-08-02,2026-08-27,PENDING,MANUAL_EXCEL,,VENDOR-TAG-20
LN-08270910-11043,BW-08270910-11043,AUTO,2023-09-18,2025-09-07,247418.6,134527.1,8.11,24,GA,HOME_PURCHASE,E,2 years,$75k-$100k,DEFAULT,154,GammaServicing,2023-11-17,2026-08-27,PENDING,SERVICER_CSV,,
LN-08270910-11044,BW-08270910-11044,COMMERCIAL,2023-12-18,2028-11-21,39913.53,12596.24,7.77,60,PA,HOME_PURCHASE,F,2 years,$50k-$75k,LATE_30,57,DeltaServicing,2024-02-16,2026-08-27,PENDING,ORIGINATION_API,,
LN-08270910-11045,BW-08270910-11045,PERSONAL,2023-02-19,2025-02-08,58555.2,32864.4,10.11,24,NY,AUTO_PURCHASE,F,2 years,$25k-$50k,LATE_30,44,GammaServicing,2023-04-20,2026-08-27,PENDING,SERVICER_CSV,,
LN-08270910-11046,BW-08270910-11046,MORTGAGE,2023-05-26,2025-05-15,225707.27,143621.59,16.79,24,NY,BUSINESS_EXPANSION,F,5 years,<$25k,LATE_30,33,DeltaServicing,2023-07-25,2026-08-27,PENDING,MANUAL_EXCEL,EXT-RISK-242,
LN-08270910-11047,BW-08270910-11047,STUDENT,2023-01-10,2032-11-18,78359.06,33217.49,5.54,120,XX1,BUSINESS_EXPANSION,C,< 1 year,$75k-$100k,CURRENT,0,BetaServicing,2023-03-11,2026-08-27,VERIFIED,LOS_ALPHA,,VENDOR-TAG-39
LN-08270910-11048,BW-08270910-11048,COMMERCIAL,2023-09-04,2053-03-30,209185.7,144863.23,11.22,360,OH,AUTO_PURCHASE,A,10+ years,$50k-$75k,DEFAULT,330,ApexServicing,2023-11-03,2026-08-27,,SERVICER_CSV,,VENDOR-TAG-94
LN-08270910-11049,BW-08270910-11049,STUDENT,2023-05-27,2027-05-06,298564.24,212497.57,17.16,48,OH,AUTO_PURCHASE,C,10+ years,$75k-$100k,LATE_60,76,DeltaServicing,2023-07-26,2026-08-27,PENDING,MANUAL_EXCEL,,
LN-08270910-11050,BW-08270910-11050,STUDENT,2024-05-10,2022-05-10,68649.38,21337.79,9.06,120,FL,HOME_PURCHASE,A,1 year,<$25k,CURRENT,0,BetaServicing,2023-03-11,2026-08-27,VERIFIED,SERVICER_CSV,,
LN-08270910-11051,BW-08270910-11051,COMMERCIAL,2023-08-27,2028-07-31,100402.95,53780.49,16.82,60,TX,AUTO_PURCHASE,A,< 1 year,$100k+,CLOSED,0,ApexServicing,2023-10-26,2026-08-27,PENDING,SERVICER_CSV,,VENDOR-TAG-68
LN-08270910-11052,BW-08270910-11052,PERSONAL,2023-04-09,2052-11-02,57399.25,22239.9,17.35,360,WA,AUTO_PURCHASE,B,1 year,$75k-$100k,LATE_60,67,BetaServicing,2023-06-08,2026-08-27,PENDING,SERVICER_CSV,,
LN-08270910-11053,BW-08270910-11053,STUDENT,2023-11-06,2025-10-26,127226.5,23454.18,10.84,24,WA,AUTO_PURCHASE,B,1 year,$100k+,LATE_60,79,BetaServicing,2024-01-05,2026-08-27,PENDING,ORIGINATION_API,,
LN-08270910-11054,BW-08270910-11054,STUDENT,2023-07-24,2033-06-01,189414.42,36689.72,12.2,120,WA,BUSINESS_EXPANSION,E,10+ years,$50k-$75k,LATE_60,71,DeltaServicing,2023-09-22,2026-08-27,PENDING,ORIGINATION_API,,
LN-08270910-11055,BW-08270910-11055,MORTGAGE,2023-10-05,2025-09-24,163042.65,35305.81,14.8,24,GA,EDUCATION,E,< 1 year,$100k+,DEFAULT,351,BetaServicing,2023-12-04,2026-08-27,PENDING,LOS_ALPHA,,VENDOR-TAG-62
LN-08270910-11056,BW-08270910-11056,PERSONAL,2023-08-04,2027-07-14,226710.17,73247.04,8.55,48,FL,BUSINESS_EXPANSION,B,2 years,$50k-$75k,LATE_90,98,ApexServicing,2023-10-03,2026-08-27,PENDING,MANUAL_EXCEL,,
LN-08270910-11057,BW-08270910-11057,COMMERCIAL,2023-08-07,2053-03-02,116597.13,81423.75,16.67,360,TX,HOME_PURCHASE,C,< 1 year,$100k+,DEFAULT,345,GammaServicing,2023-10-06,2026-08-27,PENDING,LOS_ALPHA,,
LN-08270910-11058,BW-08270910-11058,MORTGAGE,2023-08-20,2027-07-30,54974.64,18985.06,8.13,48,FL,DEBT_CONSOLIDATION,C,5 years,$50k-$75k,CLOSED,0,BetaServicing,2023-10-19,2026-08-27,PENDING,ORIGINATION_API,,
,BW-08270910-11059,COMMERCIAL,2023-04-02,2026-03-17,179488.24,65159.44,8.56,36,TX,AUTO_PURCHASE,F,5 years,$100k+,LATE_30,42,BetaServicing,2023-06-01,2026-08-27,PENDING,SERVICER_CSV,,
LN-08270910-11060,BW-08270910-11060,PERSONAL,2023-03-13,2028-02-15,289332.75,63814.88,13.85,60,WA,BUSINESS_EXPANSION,A,< 1 year,$25k-$50k,LATE_60,72,ApexServicing,2023-05-12,2026-08-27,PENDING,ORIGINATION_API,,
LN-08270910-11061,BW-08270910-11061,STUDENT,2023-04-04,2027-03-14,140952.61,105740.59,15.1,48,OH,AUTO_PURCHASE,C,1 year,$75k-$100k,LATE_90,112,GammaServicing,2023-06-03,2026-08-27,PENDING,LOS_ALPHA,,
LN-08270910-11062,BW-08270910-11062,AUTO,2023-01-25,2025-01-14,95772.69,35706.98,7.55,24,NC,EDUCATION,C,10+ years,$50k-$75k,LATE_30,44,BetaServicing,2023-03-26,2026-08-27,,SERVICER_CSV,,
LN-08270910-11063,BW-08270910-11063,STUDENT,2023-05-28,2025-05-17,46312.77,28271.74,16.18,24,NY,HOME_PURCHASE,F,1 year,<$25k,LATE_60,64,BetaServicing,2023-07-27,2026-08-27,PENDING,MANUAL_EXCEL,,VENDOR-TAG-20
LN-08270910-11064,BW-08270910-11064,PERSONAL,2023-12-18,2053-07-13,197710.03,130547.79,15.87,360,FL,AUTO_PURCHASE,C,< 1 year,<$25k,LATE_90,30,ApexServicing,2024-02-16,2026-08-27,PENDING,SERVICER_CSV,,
LN-08270910-11065,BW-08270910-11065,STUDENT,2023-11-24,2028-10-28,153537.27,52094.38,5.77,60,PA,HOME_PURCHASE,C,10+ years,$25k-$50k,DEFAULT,327,DeltaServicing,2024-01-23,2026-08-27,PENDING,LOS_ALPHA,,VENDOR-TAG-39
LN-08270910-11066,BW-08270910-11066,AUTO,2023-04-11,2027-03-21,68773.45,18317.54,17.43,48,ZZ,AUTO_PURCHASE,B,1 year,$25k-$50k,DEFAULT,245,ApexServicing,2023-06-10,2026-08-27,PENDING,SERVICER_CSV,EXT-RISK-494,VENDOR-TAG-55
LN-08270910-11067,BW-08270910-11067,MORTGAGE,2023-03-05,2027-02-12,223137.56,146865.05,15.32,48,IL,EDUCATION,A,1 year,$75k-$100k,DEFAULT,140,DeltaServicing,2023-05-04,2026-08-27,,LOS_ALPHA,EXT-RISK-151,VENDOR-TAG-96
LN-08270910-11068,BW-08270910-11068,MORTGAGE,2023-06-25,2025-06-14,229545.1,36954.46,4.62,24,PA,AUTO_PURCHASE,C,2 years,$75k-$100k,LATE_30,56,ApexServicing,2023-08-24,2026-08-27,PENDING,MANUAL_EXCEL,,
LN-08270910-11069,BW-08270910-11069,STUDENT,2023-04-07,2025-03-27,197898.17,64299.56,12.18,24,FL,EDUCATION,A,1 year,$50k-$75k,LATE_60,86,BetaServicing,2023-06-06,2026-08-27,PENDING,SERVICER_CSV,,
LN-08270910-11070,BW-08270910-11070,COMMERCIAL,2023-03-03,2033-01-09,209733.81,94654.25,5.01,120,NC,DEBT_CONSOLIDATION,A,< 1 year,<$25k,CLOSED,0,BetaServicing,2023-05-02,2026-08-27,PENDING,LOS_ALPHA,,VENDOR-TAG-45
LN-08270910-11071,BW-08270910-11071,COMMERCIAL,2023-09-08,2025-08-28,270341.87,166794.11,11.62,24,CA,BUSINESS_EXPANSION,B,1 year,$50k-$75k,LATE_90,117,ApexServicing,2023-11-07,2026-08-27,PENDING,ORIGINATION_API,,
LN-08270910-11072,BW-08270910-11072,AUTO,2023-06-01,2027-05-11,29409.84,14789.13,9.2,48,FL,DEBT_CONSOLIDATION,F,10+ years,$100k+,CURRENT,0,GammaServicing,2023-07-31,2026-08-27,VERIFIED,MANUAL_EXCEL,,
LN-08270910-11073,BW-08270910-11073,STUDENT,2023-06-20,2026-06-04,217344.17,97553.79,6.61,36,WA,HOME_PURCHASE,C,2 years,$100k+,DEFAULT,339,ApexServicing,2023-08-19,2026-08-27,PENDING,MANUAL_EXCEL,,
LN-08270910-11074,BW-08270910-11074,STUDENT,2023-06-02,2026-05-17,132400.2,28930.11,4.89,36,NY,EDUCATION,F,< 1 year,<$25k,LATE_60,86,GammaServicing,2023-08-01,2026-08-27,PENDING,MANUAL_EXCEL,,
LN-08270910-11075,BW-08270910-11075,AUTO,2023-11-06,2028-10-10,252077.63,54722.55,6.54,60,TX,EDUCATION,A,1 year,$25k-$50k,LATE_60,69,ApexServicing,2024-01-05,2026-08-27,PENDING,SERVICER_CSV,,VENDOR-TAG-32
LN-08270910-11076,BW-08270910-11076,STUDENT,2023-11-03,2033-09-11,268922.38,210000.35,13.36,120,CA,BUSINESS_EXPANSION,D,1 year,$75k-$100k,DEFAULT,207,BetaServicing,2024-01-02,2026-08-27,PENDING,SERVICER_CSV,,
LN-08270910-11077,BW-08270910-11077,AUTO,2023-10-22,2027-10-01,43219.67,18810.3,9.55,48,NY,HOME_PURCHASE,E,5 years,$100k+,DEFAULT,306,BetaServicing,2023-12-21,2026-08-27,PENDING,LOS_ALPHA,EXT-RISK-687,
LN-08270910-11078,BW-08270910-11078,STUDENT,2023-06-07,2052-12-31,132562.35,57906.59,15.62,360,CA,EDUCATION,F,5 years,$25k-$50k,CURRENT,0,DeltaServicing,2023-08-06,2026-08-27,VERIFIED,SERVICER_CSV,,VENDOR-TAG-47
LN-08270910-11079,BW-08270910-11079,PERSONAL,2023-05-29,2027-05-08,210320.87,143450.49,12.32,48,PA,DEBT_CONSOLIDATION,D,2 years,$75k-$100k,DEFAULT,258,GammaServicing,2023-07-28,2026-08-27,PENDING,ORIGINATION_API,,
LN-08270910-11080,BW-08270910-11080,AUTO,2023-03-20,2033-01-26,157278.19,72517.27,14.12,120,WA,DEBT_CONSOLIDATION,B,5 years,$25k-$50k,LATE_60,71,DeltaServicing,2023-05-19,2026-08-27,PENDING,LOS_ALPHA,,
LN-08270910-11081,BW-08270910-10008,AUTO,2023-07-31,2026-01-26,215155.55,28704.91,17.01,36,FL,BUSINESS_EXPANSION,E,< 1 year,$100k+,LATE_60,62,ApexServicing,2023-04-12,2026-08-27,PENDING,ORIGINATION_API,,VENDOR-TAG-89
LN-08270910-11082,BW-08270910-11082,COMMERCIAL,2023-06-30,2033-05-08,269011.7,126980.92,12.9,120,GA,AUTO_PURCHASE,E,5 years,$75k-$100k,LATE_60,86,DeltaServicing,2023-08-29,2026-08-27,PENDING,ORIGINATION_API,,
LN-08270910-11083,BW-08270910-11083,MORTGAGE,2023-02-09,2052-09-04,249213.92,116424.29,16.68,360,NY,AUTO_PURCHASE,A,5 years,$100k+,LATE_60,86,DeltaServicing,2023-04-10,2026-08-27,PENDING,MANUAL_EXCEL,EXT-RISK-806,
LN-08270910-11084,BW-08270910-11084,PERSONAL,2023-12-28,2033-11-05,81337.41,49384.45,5.93,120,NY,DEBT_CONSOLIDATION,B,2 years,$100k+,LATE_90,94,ApexServicing,2024-02-26,2026-08-27,PENDING,SERVICER_CSV,,
LN-08270910-11085,BW-08270910-11085,STUDENT,05-10-2024,2028-06-25,166132.03,61298.46,17.08,60,CA,BUSINESS_EXPANSION,B,< 1 year,$75k-$100k,CURRENT,0,BetaServicing,2023-09-20,2026-08-27,VERIFIED,SERVICER_CSV,,
LN-08270910-11086,BW-08270910-11086,COMMERCIAL,2023-01-17,2027-12-22,181025.27,135574.84,18.16,60,NY,BUSINESS_EXPANSION,A,10+ years,$100k+,LATE_60,71,BetaServicing,2023-03-18,2026-08-27,PENDING,ORIGINATION_API,,VENDOR-TAG-23
LN-08270910-11087,BW-08270910-11087,PERSONAL,2023-07-30,2027-07-09,208745.69,80373.03,5.25,48,NY,EDUCATION,A,2 years,$25k-$50k,DEFAULT,193,ApexServicing,2023-09-28,2026-08-27,PENDING,SERVICER_CSV,EXT-RISK-356,
LN-08270910-11088,BW-08270910-11088,PERSONAL,2023-11-16,2053-06-11,96661.06,50541.62,8.09,360,CA,HOME_PURCHASE,F,2 years,<$25k,CURRENT,0,DeltaServicing,2024-01-15,2026-08-27,VERIFIED,ORIGINATION_API,,VENDOR-TAG-17
LN-08270910-11089,BW-08270910-11089,PERSONAL,2023-04-02,2033-02-08,297857.27,93050.27,9.63,120,GA,AUTO_PURCHASE,A,1 year,<$25k,CURRENT,0,ApexServicing,2023-06-01,2026-08-27,VERIFIED,MANUAL_EXCEL,EXT-RISK-275,VENDOR-TAG-36
LN-08270910-11090,BW-08270910-11090,AUTO,2023-02-17,2028-01-22,264156.59,208281.54,14.36,60,NC,AUTO_PURCHASE,C,2 years,$50k-$75k,LATE_60,61,GammaServicing,2023-04-18,2026-08-27,PENDING,SERVICER_CSV,,
LN-08270910-11091,BW-08270910-11091,AUTO,2023-06-21,2028-05-25,160675.08,32239.7,10.74,60,NY,BUSINESS_EXPANSION,A,< 1 year,<$25k,CLOSED,0,BetaServicing,2023-08-20,2026-08-27,PENDING,ORIGINATION_API,,
LN-08270910-11092,BW-08270910-11092,MORTGAGE,2023-01-31,2028-01-05,142618.44,103379.21,4.65,60,PA,BUSINESS_EXPANSION,B,5 years,<$25k,CURRENT,0,DeltaServicing,2023-04-01,2026-08-27,VERIFIED,LOS_ALPHA,,
LN-08270910-11093,BW-08270910-11093,COMMERCIAL,2023-08-29,2028-08-02,240189.06,50392.7,9.25,60,TX,BUSINESS_EXPANSION,B,< 1 year,$100k+,CLOSED,0,ApexServicing,2023-10-28,2026-08-27,PENDING,SERVICER_CSV,,
LN-08270910-11094,BW-REPEAT-4,MORTGAGE,2023-02-27,2027-02-06,93352.91,25779.93,11.33,48,PA,AUTO_PURCHASE,F,10+ years,$75k-$100k,CLOSED,0,DeltaServicing,2023-04-28,2026-08-27,PENDING,MANUAL_EXCEL,EXT-RISK-442,
LN-08270910-11095,BW-08270910-11095,COMMERCIAL,2023-09-09,2053-04-04,275326.7,187029.14,8.08,360,NC,EDUCATION,F,5 years,<$25k,CURRENT,0,ApexServicing,2023-11-08,2026-08-27,VERIFIED,SERVICER_CSV,EXT-RISK-598,
LN-08270910-11096,BW-08270910-11096,PERSONAL,2023-02-01,2025-01-21,157885.35,48687.48,4.75,24,TX,BUSINESS_EXPANSION,A,1 year,$25k-$50k,LATE_60,85,DeltaServicing,2023-04-02,2020-01-01,PENDING,LOS_ALPHA,EXT-RISK-308,
LN-08270910-11097,BW-08270910-11097,STUDENT,2023-11-18,2033-09-26,230301.38,18500.5,13.18,120,PA,DEBT_CONSOLIDATION,E,10+ years,$25k-$50k,CURRENT,41,DeltaServicing,2024-01-17,2026-08-27,PENDING,LOS_ALPHA,,VENDOR-TAG-20
LN-08270910-11098,BW-08270910-11098,PERSONAL,2024.05.10,2026-03-13,262161.14,129058.81,5.54,36,NY,DEBT_CONSOLIDATION,F,10+ years,$50k-$75k,DEFAULT,209,BetaServicing,2023-05-28,2026-08-27,PENDING,SERVICER_CSV,EXT-RISK-370,
LN-08270910-11099,BW-08270910-11099,AUTO,2024-05-10,2022-05-10,81769.51,59826.91,15.29,360,NY,AUTO_PURCHASE,A,5 years,$75k-$100k,LATE_90,114,DeltaServicing,2023-06-16,2026-08-27,PENDING,MANUAL_EXCEL,EXT-RISK-458,VENDOR-TAG-30
LN-08270910-11100,BW-08270910-11100,PERSONAL,2023-11-04,2053-05-30,163260.67,49554.1,10.97,360,NY,DEBT_CONSOLIDATION,B,2 years,$75k-$100k,LATE_90,93,DeltaServicing,2024-01-03,2026-08-27,PENDING,LOS_ALPHA,,
LN-08270910-11101,BW-08270910-11101,PERSONAL,2023-01-25,2027-01-04,-288805.01,82360.89,14.29,48,NC,BUSINESS_EXPANSION,D,2 years,$75k-$100k,LATE_60,79,GammaServicing,2023-03-26,2026-08-27,PENDING,SERVICER_CSV,,
LN-08270910-11102,BW-08270910-11102,COMMERCIAL,2023-08-14,2053-03-09,280950.81,216297.36,5.04,360,NC,HOME_PURCHASE,A,1 year,$75k-$100k,DEFAULT,182,BetaServicing,2023-10-13,2026-08-27,PENDING,SERVICER_CSV,,
LN-08270910-11103,BW-08270910-11103,COMMERCIAL,2023-01-11,2027-12-16,127487.94,94171.67,11.13,60,WA,DEBT_CONSOLIDATION,D,10+ years,$50k-$75k,LATE_90,102,ApexServicing,2023-03-12,2026-08-27,PENDING,ORIGINATION_API,,
LN-08270910-10963,BW-08270910-11104,STUDENT,2023-06-09,2028-05-13,121076.14,55998.51,5.41,60,NC,DEBT_CONSOLIDATION,F,10+ years,$50k-$75k,DEFAULT,308,GammaServicing,2023-08-08,2026-08-27,PENDING,SERVICER_CSV,,
LN-08270910-11105,BW-08270910-11105,AUTO,2023-09-05,2028-08-09,83610.02,40940.93,12.16,60,FL,HOME_PURCHASE,F,2 years,<$25k,LATE_30,52,DeltaServicing,2023-11-04,2026-08-27,PENDING,SERVICER_CSV,,
LN-08270910-11106,BW-08270910-11106,MORTGAGE,2023-01-28,2026-01-12,198405.86,33700.64,7.54,36,NC,BUSINESS_EXPANSION,A,1 year,$25k-$50k,LATE_60,63,ApexServicing,2023-03-29,2026-08-27,PENDING,SERVICER_CSV,EXT-RISK-984,
LN-08270910-11107,BW-08270910-11107,AUTO,2023-05-29,2027-05-08,93580.06,77758.24,14.05,48,IL,EDUCATION,B,< 1 year,$25k-$50k,LATE_90,101,ApexServicing,2023-07-28,2026-08-27,PENDING,MANUAL_EXCEL,,VENDOR-TAG-44
LN-08270910-11108,BW-08270910-11108,COMMERCIAL,2023-01-31,2032-12-09,212033.92,177015.62,18.05,120,CA,HOME_PURCHASE,B,< 1 year,<$25k,DEFAULT,158,ApexServicing,2023-04-01,2026-08-27,PENDING,SERVICER_CSV,,
LN-08270910-11109,BW-08270910-11109,STUDENT,2023-12-04,2025-11-23,96446.45,33100.56,17.89,24,IL,HOME_PURCHASE,B,10+ years,$50k-$75k,LATE_30,39,GammaServicing,2024-02-02,2020-01-01,PENDING,MANUAL_EXCEL,EXT-RISK-818,
LN-08270910-11110,BW-08270910-11110,COMMERCIAL,2023-08-24,2033-07-02,10896.24,6023.32,11.15,120,CA,AUTO_PURCHASE,D,10+ years,$25k-$50k,LATE_30,46,GammaServicing,2023-10-23,2020-01-01,PENDING,SERVICER_CSV,,
LN-08270910-11111,BW-08270910-11111,MORTGAGE,2023-06-25,2027-06-04,195602.27,64046.15,11.44,48,CA,EDUCATION,F,10+ years,$75k-$100k,CLOSED,0,DeltaServicing,2023-08-24,2026-08-27,PENDING,SERVICER_CSV,,
LN-08270910-11112,BW-08270910-11112,PERSONAL,2023-05-30,2026-05-14,27883.94,5359.21,11.58,36,NY,EDUCATION,B,10+ years,$25k-$50k,CURRENT,0,BetaServicing,2023-07-29,2026-08-27,VERIFIED,LOS_ALPHA,,
LN-08270910-10414,BW-08270910-11113,STUDENT,2023-12-06,2025-11-25,16981.1,4572.18,7.07,24,NC,HOME_PURCHASE,B,< 1 year,$25k-$50k,CLOSED,0,GammaServicing,2024-02-04,2026-08-27,PENDING,MANUAL_EXCEL,,
LN-08270910-11114,BW-08270910-11114,MORTGAGE,2023-10-17,2053-05-12,241411.8,104030.76,11.33,360,CA,BUSINESS_EXPANSION,C,10+ years,$75k-$100k,CURRENT,0,BetaServicing,2023-12-16,2026-08-27,MISSING,ORIGINATION_API,,
LN-08270910-11115,BW-08270910-11115,STUDENT,2023-01-12,2026-12-22,87505.5,18500.5,15.26,48,NY,AUTO_PURCHASE,B,< 1 year,<$25k,CURRENT,72,GammaServicing,2023-03-13,2026-08-27,PENDING,LOS_ALPHA,,
LN-08270910-11116,BW-08270910-11116,PERSONAL,2023-12-17,2027-11-26,198614.86,93841.32,6.48,48,CA,BUSINESS_EXPANSION,B,1 year,$100k+,CURRENT,0,ApexServicing,2024-02-15,2026-08-27,VERIFIED,SERVICER_CSV,,
LN-08270910-11117,BW-08270910-11117,COMMERCIAL,2023-03-22,2028-02-24,273576.35,219235.36,17.51,60,WA,HOME_PURCHASE,E,10+ years,$100k+,LATE_60,84,DeltaServicing,2023-05-21,2026-08-27,PENDING,MANUAL_EXCEL,EXT-RISK-745,VENDOR-TAG-99
LN-08270910-11118,BW-08270910-11118,PERSONAL,2023-01-18,2026-12-28,100647.96,79188.82,15.64,48,WA,AUTO_PURCHASE,A,< 1 year,$75k-$100k,LATE_60,66,BetaServicing,2023-03-19,2026-08-27,PENDING,SERVICER_CSV,,
LN-08270910-11119,BW-08270910-11119,AUTO,2023-06-24,2027-06-03,260733.45,91421.5,9.27,48,GA,HOME_PURCHASE,B,< 1 year,<$25k,DEFAULT,162,DeltaServicing,2023-08-23,2020-01-01,PENDING,SERVICER_CSV,EXT-RISK-733,VENDOR-TAG-30
LN-08270910-11120,BW-08270910-11120,MORTGAGE,2023-03-28,2026-03-12,64194.19,40569.4,8.57,36,OH,DEBT_CONSOLIDATION,C,2 years,<$25k,LATE_90,108,DeltaServicing,2023-05-27,2026-08-27,PENDING,LOS_ALPHA,,
LN-08270910-11121,BW-08270910-11121,STUDENT,2023-10-23,2053-05-18,84122.65,55959.64,10.55,360,WA,AUTO_PURCHASE,E,< 1 year,<$25k,LATE_90,114,BetaServicing,2023-12-22,2026-08-27,PENDING,ORIGINATION_API,EXT-RISK-919,
LN-08270910-11122,BW-08270910-11122,STUDENT,2023-07-29,2026-07-13,217324.45,114881.71,9.95,36,GA,AUTO_PURCHASE,C,< 1 year,$25k-$50k,LATE_60,78,GammaServicing,2023-09-27,2026-08-27,PENDING,ORIGINATION_API,,VENDOR-TAG-93
LN-08270910-11123,BW-08270910-11123,PERSONAL,2023-09-02,2053-03-28,215807.77,62637.27,15.69,360,NC,EDUCATION,F,< 1 year,<$25k,LATE_60,81,BetaServicing,2023-11-01,2026-08-27,PENDING,SERVICER_CSV,EXT-RISK-315,VENDOR-TAG-96
LN-08270910-11124,BW-08270910-11124,AUTO,2023-02-08,2028-01-13,218450.44,64446.28,6.32,60,CA,DEBT_CONSOLIDATION,F,10+ years,$25k-$50k,CURRENT,0,ApexServicing,2023-04-09,2026-08-27,VERIFIED,LOS_ALPHA,,
LN-08270910-11125,BW-08270910-11125,PERSONAL,2023-04-24,2027-04-03,49586.95,31825.88,13.28,48,FL,HOME_PURCHASE,A,1 year,$25k-$50k,DEFAULT,354,GammaServicing,2023-06-23,2026-08-27,PENDING,ORIGINATION_API,,VENDOR-TAG-90
LN-08270910-11126,BW-08270910-11126,AUTO,2023-11-08,2033-09-16,214324.92,18500.5,8.81,120,OH,DEBT_CONSOLIDATION,C,5 years,$100k+,CURRENT,0,ApexServicing,2024-01-07,2026-08-27,PENDING,SERVICER_CSV,,
LN-08270910-11127,BW-08270910-11127,PERSONAL,2023-05-24,2052-12-17,14279.37,11265.51,11.44,360,GA,BUSINESS_EXPANSION,D,1 year,$75k-$100k,DEFAULT,158,ApexServicing,2023-07-23,2026-08-27,PENDING,ORIGINATION_API,,
LN-08270910-11128,BW-08270910-11128,STUDENT,2023-10-31,2027-10-10,77260.21,15157.56,17.43,48,IL,HOME_PURCHASE,E,10+ years,$100k+,LATE_30,42,ApexServicing,2023-12-30,2026-08-27,PENDING,ORIGINATION_API,EXT-RISK-284,
LN-08270910-11129,BW-08270910-11129,PERSONAL,2023-04-20,2028-03-24,236847.72,106389.39,16.37,60,IL,EDUCATION,C,10+ years,$25k-$50k,LATE_60,84,ApexServicing,2023-06-19,2026-08-27,PENDING,MANUAL_EXCEL,EXT-RISK-342,
LN-08270910-11130,BW-08270910-11130,MORTGAGE,2023-09-09,2025-08-29,278977.98,185070.61,14.43,24,NY,BUSINESS_EXPANSION,C,2 years,$100k+,LATE_60,88,BetaServicing,2023-11-08,2026-08-27,PENDING,SERVICER_CSV,,
LN-08270910-11131,BW-08270910-11131,MORTGAGE,2023-05-02,2052-11-25,289449.34,59879.89,6.72,360,NY,AUTO_PURCHASE,B,10+ years,$100k+,LATE_60,73,GammaServicing,2023-07-01,2026-08-27,PENDING,ORIGINATION_API,EXT-RISK-280,
LN-08270910-11132,BW-08270910-11132,STUDENT,2023-05-16,2025-05-05,125506.36,29545.7,10.22,24,TX,AUTO_PURCHASE,D,1 year,$50k-$75k,LATE_90,101,ApexServicing,2023-07-15,2026-08-27,PENDING,SERVICER_CSV,EXT-RISK-208,
LN-08270910-11133,BW-08270910-11133,PERSONAL,2023-02-23,2026-02-07,60920.35,41972.47,13.05,36,NC,BUSINESS_EXPANSION,B,5 years,$100k+,LATE_30,30,DeltaServicing,2023-04-24,2026-08-27,PENDING,ORIGINATION_API,,
LN-08270910-11134,BW-08270910-11134,AUTO,2023-05-25,2027-05-04,230264.93,37983.09,12.8,48,GA,AUTO_PURCHASE,F,5 years,<$25k,LATE_30,57,GammaServicing,2023-07-24,2026-08-27,PENDING,SERVICER_CSV,,
LN-08270910-11135,BW-08270910-11135,STUDENT,2023-04-07,2052-10-31,267641.57,146066.9,-5.0,360,TX,DEBT_CONSOLIDATION,D,5 years,$100k+,LATE_60,82,ApexServicing,2023-06-06,2026-08-27,PENDING,MANUAL_EXCEL,,
LN-08270910-11136,BW-08270910-11136,AUTO,2023-08-04,2033-06-12,128668.69,84557.89,5.02,120,NC,HOME_PURCHASE,B,1 year,$25k-$50k,LATE_60,80,ApexServicing,2023-10-03,2026-08-27,PENDING,MANUAL_EXCEL,,
,BW-08270910-11137,COMMERCIAL,2023-05-31,2052-12-24,12724.28,5194.49,8.49,360,PA,HOME_PURCHASE,F,2 years,$50k-$75k,DEFAULT,175,DeltaServicing,2023-07-30,2026-08-27,PENDING,SERVICER_CSV,,
LN-08270910-11138,BW-08270910-10914,AUTO,2023-06-12,2025-02-05,164974.43,18026.69,16.67,24,CA,DEBT_CONSOLIDATION,B,2 years,$100k+,LATE_90,93,DeltaServicing,2023-04-17,2026-08-27,PENDING,SERVICER_CSV,,
LN-08270910-11139,BW-08270910-11139,MORTGAGE,2023-04-18,2027-03-28,223649.75,135155.75,13.99,48,WA,EDUCATION,A,1 year,$75k-$100k,LATE_60,76,BetaServicing,2023-06-17,2026-08-27,PENDING,SERVICER_CSV,EXT-RISK-635,
LN-08270910-11140,BW-08270910-11140,STUDENT,2023-07-21,2033-05-29,24748.17,7692.56,18.22,120,OH,EDUCATION,B,5 years,$75k-$100k,LATE_60,81,GammaServicing,2023-09-19,2026-08-27,PENDING,LOS_ALPHA,,
LN-08270910-11141,BW-08270910-11141,STUDENT,2023-06-13,2028-05-17,82230.89,62546.86,7.99,60,FL,AUTO_PURCHASE,D,1 year,<$25k,LATE_60,74,GammaServicing,2023-08-12,2026-08-27,PENDING,ORIGINATION_API,,VENDOR-TAG-69
LN-08270910-11142,BW-08270910-11142,STUDENT,2023-06-08,2025-05-28,48758.77,21027.0,6.75,24,TX,EDUCATION,A,2 years,<$25k,CLOSED,0,ApexServicing,2023-08-07,2026-08-27,PENDING,MANUAL_EXCEL,,
LN-08270910-11143,BW-08270910-11143,PERSONAL,2023-08-26,2053-03-21,128439.45,99835.52,15.88,360,PA,DEBT_CONSOLIDATION,C,< 1 year,$50k-$75k,CLOSED,0,ApexServicing,2023-10-25,2026-08-27,PENDING,SERVICER_CSV,,
LN-08270910-11144,BW-08270910-11144,AUTO,2023-11-01,2028-10-05,32396.99,13155.62,5.58,60,FL,BUSINESS_EXPANSION,E,2 years,$75k-$100k,CURRENT,0,ApexServicing,2023-12-31,2026-08-27,VERIFIED,MANUAL_EXCEL,,VENDOR-TAG-80
LN-08270910-11145,BW-08270910-11145,COMMERCIAL,2023-11-12,2028-10-16,31866.54,18500.5,5.45,60,CA,EDUCATION,D,1 year,$50k-$75k,CURRENT,96,DeltaServicing,2024-01-11,2026-08-27,PENDING,ORIGINATION_API,EXT-RISK-570,
LN-08270910-11146,BW-08270910-11146,MORTGAGE,2023-11-23,2028-10-27,111042.66,73311.52,7.69,60,IL,BUSINESS_EXPANSION,C,< 1 year,$50k-$75k,CURRENT,0,DeltaServicing,2024-01-22,2026-08-27,VERIFIED,MANUAL_EXCEL,,
LN-08270910-11147,BW-08270910-11147,AUTO,2023-07-10,2033-05-18,91352.44,44684.24,12.43,120,OH,BUSINESS_EXPANSION,B,< 1 year,$25k-$50k,DEFAULT,152,ApexServicing,2023-09-08,2026-08-27,PENDING,ORIGINATION_API,,
LN-08270910-11148,BW-08270910-11148,STUDENT,2023-05-04,2052-11-27,246470.13,69403.77,18.48,360,NC,DEBT_CONSOLIDATION,B,< 1 year,$100k+,CURRENT,0,DeltaServicing,2023-07-03,2026-08-27,VERIFIED,SERVICER_CSV,,VENDOR-TAG-85
LN-08270910-11149,BW-08270910-11149,AUTO,2023-09-07,2053-04-02,66249.77,47873.83,12.19,360,OH,BUSINESS_EXPANSION,B,5 years,$100k+,CURRENT,0,BetaServicing,2023-11-06,2020-01-01,VERIFIED,SERVICER_CSV,EXT-RISK-902,VENDOR-TAG-50
LN-08270910-11150,BW-08270910-11150,AUTO,2023-06-22,2028-05-26,81278.97,26143.38,7.72,60,NC,AUTO_PURCHASE,C,2 years,<$25k,CLOSED,0,DeltaServicing,2023-08-21,2026-08-27,PENDING,SERVICER_CSV,,
LN-08270910-11151,BW-08270910-11151,PERSONAL,2023-07-01,2033-05-09,123386.55,63356.02,6.3,120,TX,EDUCATION,F,10+ years,$100k+,DEFAULT,349,ApexServicing,2023-08-30,2026-08-27,PENDING,MANUAL_EXCEL,,
LN-08270910-11152,BW-08270910-11152,STUDENT,2023-08-28,2028-08-01,65773.5,24294.44,13.5,60,IL,BUSINESS_EXPANSION,B,2 years,<$25k,LATE_30,32,GammaServicing,2023-10-27,2026-08-27,PENDING,SERVICER_CSV,,
LN-08270910-11153,BW-08270910-11153,MORTGAGE,2023-09-23,2027-09-02,115707.04,59026.75,18.27,48,TX,BUSINESS_EXPANSION,F,< 1 year,$25k-$50k,LATE_90,102,DeltaServicing,2023-11-22,2026-08-27,PENDING,SERVICER_CSV,,
LN-08270910-11154,BW-08270910-11154,STUDENT,2023-02-07,2027-01-17,62642.49,14291.0,120.0,48,CA,EDUCATION,F,1 year,$25k-$50k,LATE_30,33,ApexServicing,2023-04-08,2026-08-27,PENDING,MANUAL_EXCEL,,
,BW-08270910-11155,PERSONAL,2023-01-26,2025-01-15,61638.69,48495.53,12.83,24,OH,EDUCATION,A,1 year,$100k+,LATE_30,58,DeltaServicing,2023-03-27,2026-08-27,PENDING,MANUAL_EXCEL,EXT-RISK-842,VENDOR-TAG-88
LN-08270910-11156,BW-08270910-11156,COMMERCIAL,2023-01-16,2025-12-31,95056.13,17319.57,15.6,36,FL,BUSINESS_EXPANSION,D,1 year,$50k-$75k,LATE_60,73,DeltaServicing,2023-03-17,2026-08-27,PENDING,ORIGINATION_API,,
LN-08270910-11157,BW-REPEAT-1,MORTGAGE,2023-09-24,2033-08-02,18247.14,13822.62,14.06,120,GA,DEBT_CONSOLIDATION,B,10+ years,$100k+,DEFAULT,136,ApexServicing,2023-11-23,2026-08-27,PENDING,MANUAL_EXCEL,,VENDOR-TAG-18
LN-08270910-11158,BW-08270910-11158,COMMERCIAL,2023-05-19,2052-12-12,-160834.15,39066.05,17.84,360,OH,BUSINESS_EXPANSION,A,5 years,$100k+,LATE_60,72,DeltaServicing,2023-07-18,2026-08-27,PENDING,ORIGINATION_API,,VENDOR-TAG-55
LN-08270910-11159,BW-08270910-11159,PERSONAL,2023-11-07,2028-10-11,38836.41,21183.95,6.86,60,IL,BUSINESS_EXPANSION,E,< 1 year,$100k+,LATE_30,53,DeltaServicing,2024-01-06,2026-08-27,PENDING,MANUAL_EXCEL,,VENDOR-TAG-36
LN-08270910-11160,BW-08270910-11160,PERSONAL,2023-12-30,2028-12-03,73785.97,52356.53,5.75,60,NY,HOME_PURCHASE,E,2 years,$100k+,DEFAULT,326,ApexServicing,2024-02-28,2026-08-27,PENDING,MANUAL_EXCEL,EXT-RISK-435,VENDOR-TAG-47
LN-08270910-11161,BW-08270910-11161,AUTO,2023-06-23,2028-05-27,287533.67,122062.17,4.72,60,NY,HOME_PURCHASE,B,1 year,<$25k,LATE_60,75,BetaServicing,2023-08-22,2026-08-27,PENDING,MANUAL_EXCEL,,
LN-08270910-11162,BW-08270910-11162,MORTGAGE,2023-10-25,2026-10-09,35616.04,20426.02,17.61,36,FL,DEBT_CONSOLIDATION,E,5 years,<$25k,DEFAULT,350,GammaServicing,2023-12-24,2026-08-27,PENDING,SERVICER_CSV,,
LN-08270910-11163,BW-08270910-11163,COMMERCIAL,2023-05-25,2033-04-02,63848.49,14549.4,11.59,120,IL,AUTO_PURCHASE,D,5 years,$50k-$75k,DEFAULT,203,BetaServicing,2023-07-24,2026-08-27,PENDING,LOS_ALPHA,,
LN-08270910-11164,BW-REPEAT-2,COMMERCIAL,2023-08-18,2053-03-13,36318.17,21756.71,14.58,360,NC,EDUCATION,E,< 1 year,$50k-$75k,LATE_30,38,DeltaServicing,2023-10-17,2026-08-27,PENDING,SERVICER_CSV,,
LN-08270910-11165,BW-08270910-11165,AUTO,2023-04-27,2052-11-20,72314.43,17201.85,5.36,360,IL,AUTO_PURCHASE,E,10+ years,$50k-$75k,LATE_90,99,GammaServicing,2023-06-26,2026-08-27,PENDING,SERVICER_CSV,,
LN-08270910-11166,BW-08270910-11166,AUTO,2023-05-07,2052-11-30,187370.45,150861.86,12.81,360,FL,EDUCATION,F,1 year,<$25k,LATE_30,53,DeltaServicing,2023-07-06,2026-08-27,PENDING,LOS_ALPHA,,VENDOR-TAG-50
LN-08270910-11167,BW-08270910-11167,COMMERCIAL,2023-05-31,2033-04-08,175987.77,87862.28,12.19,120,PA,BUSINESS_EXPANSION,C,1 year,$25k-$50k,LATE_60,75,ApexServicing,2023-07-30,2026-08-27,PENDING,ORIGINATION_API,,
LN-08270910-11168,BW-08270910-11168,COMMERCIAL,INVALID_DATE,2027-03-28,37305.68,9804.15,5.8,48,PA,DEBT_CONSOLIDATION,C,5 years,$100k+,LATE_60,72,BetaServicing,2023-06-17,2026-08-27,PENDING,LOS_ALPHA,,
LN-08270910-11169,BW-08270910-11169,MORTGAGE,2023-03-30,2052-10-23,235075.34,105124.8,8.82,360,GA,DEBT_CONSOLIDATION,E,< 1 year,<$25k,CLOSED,0,DeltaServicing,2023-05-29,2026-08-27,PENDING,LOS_ALPHA,,
LN-08270910-11170,BW-08270910-11170,MORTGAGE,2023-05-30,2033-04-07,32854.08,11793.19,12.09,120,TX,DEBT_CONSOLIDATION,E,1 year,$25k-$50k,DEFAULT,278,ApexServicing,2023-07-29,2026-08-27,PENDING,MANUAL_EXCEL,,VENDOR-TAG-23
LN-08270910-11171,BW-08270910-11171,PERSONAL,2024-05-10,2022-05-10,46672.51,18803.0,15.87,60,FL,HOME_PURCHASE,E,5 years,$75k-$100k,LATE_60,85,ApexServicing,2023-12-02,2026-08-27,PENDING,SERVICER_CSV,,
LN-08270910-11172,BW-08270910-11172,MORTGAGE,2023-03-14,2026-02-26,229876.12,57561.88,7.59,36,WA,HOME_PURCHASE,B,1 year,$75k-$100k,LATE_90,102,DeltaServicing,2023-05-13,2026-08-27,PENDING,SERVICER_CSV,,
LN-08270910-11173,BW-08270910-11173,COMMERCIAL,2023-11-25,2025-11-14,131833.64,24652.42,12.23,24,TX,DEBT_CONSOLIDATION,D,1 year,$25k-$50k,LATE_30,56,DeltaServicing,2024-01-24,2026-08-27,PENDING,SERVICER_CSV,,
LN-08270910-11174,BW-08270910-11174,COMMERCIAL,2023-03-28,2052-10-21,264448.66,99447.81,8.82,360,TX,HOME_PURCHASE,D,10+ years,$25k-$50k,DEFAULT,213,DeltaServicing,2023-05-27,2020-01-01,PENDING,LOS_ALPHA,,VENDOR-TAG-67
LN-08270910-11175,BW-08270910-11175,MORTGAGE,2023-01-07,2052-08-02,146155.09,93535.42,13.63,360,NC,BUSINESS_EXPANSION,A,2 years,$75k-$100k,DEFAULT,278,ApexServicing,2023-03-08,2026-08-27,PENDING,MANUAL_EXCEL,EXT-RISK-478,
LN-08270910-11176,BW-08270910-11176,AUTO,05-10-2024,2026-05-13,77743.85,64711.98,5.96,36,PA,EDUCATION,D,5 years,$100k+,DEFAULT,159,DeltaServicing,2023-07-28,2026-08-27,PENDING,SERVICER_CSV,EXT-RISK-581,VENDOR-TAG-46
LN-08270910-11177,BW-08270910-11177,COMMERCIAL,2023-02-25,2052-09-20,232897.48,115745.05,18.05,360,TX,EDUCATION,E,2 years,$100k+,LATE_30,46,ApexServicing,2023-04-26,2026-08-27,PENDING,LOS_ALPHA,,
LN-08270910-11178,BW-08270910-11178,PERSONAL,2023-11-12,2026-10-27,64602.14,19717.56,14.93,36,GA,EDUCATION,B,< 1 year,<$25k,LATE_30,33,ApexServicing,2024-01-11,2026-08-27,PENDING,MANUAL_EXCEL,,
LN-08270910-11179,BW-08270910-11179,COMMERCIAL,2023-03-06,2027-02-13,58862.08,9520.45,16.59,48,WA,HOME_PURCHASE,C,2 years,$100k+,LATE_60,79,ApexServicing,2023-05-05,2026-08-27,PENDING,LOS_ALPHA,EXT-RISK-173,
LN-08270910-11180,BW-08270910-11180,PERSONAL,2023-04-14,2026-03-29,-27917.83,10116.51,12.97,36,NC,AUTO_PURCHASE,A,10+ years,$100k+,CLOSED,0,ApexServicing,2023-06-13,2026-08-27,PENDING,ORIGINATION_API,,
LN-08270910-11181,BW-08270910-11181,STUDENT,15/01/2023,2027-07-16,32043.3,25563.61,15.06,48,WA,AUTO_PURCHASE,B,5 years,$50k-$75k,DEFAULT,235,GammaServicing,2023-10-05,2026-08-27,PENDING,ORIGINATION_API,EXT-RISK-238,VENDOR-TAG-99
LN-08270910-11182,BW-08270910-11182,MORTGAGE,2023-11-26,2028-10-30,208505.63,49643.54,5.08,60,GA,HOME_PURCHASE,D,< 1 year,$50k-$75k,LATE_60,83,ApexServicing,2024-01-25,2026-08-27,PENDING,LOS_ALPHA,,
LN-08270910-11183,BW-08270910-11183,AUTO,2023-09-10,2053-04-05,178885.01,133904.54,5.93,360,CA,AUTO_PURCHASE,D,10+ years,$25k-$50k,CURRENT,0,BetaServicing,2023-11-09,2026-08-27,VERIFIED,SERVICER_CSV,,
LN-08270910-11184,BW-08270910-11184,MORTGAGE,2023-04-03,2052-10-27,56397.72,23363.01,17.33,360,OH,AUTO_PURCHASE,E,10+ years,$75k-$100k,LATE_30,45,BetaServicing,2023-06-02,2026-08-27,PENDING,LOS_ALPHA,,
LN-08270910-11185,BW-08270910-11185,STUDENT,2023-01-09,2025-12-24,173048.72,31428.4,12.76,36,FL,BUSINESS_EXPANSION,B,< 1 year,$100k+,LATE_30,36,DeltaServicing,2023-03-10,2026-08-27,PENDING,LOS_ALPHA,,
LN-08270910-11186,BW-08270910-11186,PERSONAL,2023-11-05,2028-10-09,185286.07,154326.35,5.99,60,FL,DEBT_CONSOLIDATION,A,5 years,$100k+,LATE_60,74,GammaServicing,2024-01-04,2026-08-27,PENDING,MANUAL_EXCEL,,
LN-08270910-10747,BW-08270910-11187,MORTGAGE,2023-02-13,2025-02-02,256843.14,54930.14,8.63,24,PA,BUSINESS_EXPANSION,C,5 years,$100k+,LATE_90,98,BetaServicing,2023-04-14,2026-08-27,PENDING,ORIGINATION_API,EXT-RISK-874,VENDOR-TAG-73
LN-08270910-11188,BW-08270910-11188,STUDENT,2023-06-09,2026-05-24,213180.93,113642.58,16.06,36,NY,HOME_PURCHASE,B,1 year,$100k+,CLOSED,0,ApexServicing,2023-08-08,2026-08-27,PENDING,MANUAL_EXCEL,,
LN-08270910-11189,BW-08270910-11189,COMMERCIAL,2023-07-29,2028-07-02,233459.32,90549.39,16.94,60,GA,HOME_PURCHASE,D,1 year,<$25k,DEFAULT,154,BetaServicing,2023-09-27,2026-08-27,PENDING,MANUAL_EXCEL,EXT-RISK-275,VENDOR-TAG-87
LN-08270910-11190,BW-08270910-11190,MORTGAGE,2023-08-15,2025-08-04,292928.1,242488.38,10.95,24,IL,DEBT_CONSOLIDATION,F,< 1 year,$50k-$75k,LATE_30,50,DeltaServicing,2023-10-14,2026-08-27,PENDING,ORIGINATION_API,,
LN-08270910-11191,BW-08270910-11191,MORTGAGE,2023-05-20,2028-04-23,90260.49,42668.13,5.72,60,NY,HOME_PURCHASE,C,5 years,$25k-$50k,LATE_90,102,BetaServicing,2023-07-19,2026-08-27,PENDING,MANUAL_EXCEL,,
LN-08270910-11192,BW-08270910-11192,PERSONAL,2023-02-12,2032-12-21,88248.29,48310.54,12.58,120,OH,EDUCATION,A,10+ years,$75k-$100k,LATE_60,88,DeltaServicing,2023-04-13,2026-08-27,PENDING,LOS_ALPHA,,VENDOR-TAG-18
LN-08270910-11193,BW-08270910-11193,PERSONAL,2023-08-26,2053-03-21,55859.61,18500.5,11.17,360,OH,BUSINESS_EXPANSION,A,2 years,$25k-$50k,CURRENT,0,ApexServicing,2023-10-25,2026-08-27,PENDING,SERVICER_CSV,,
LN-08270910-11194,BW-08270910-10199,COMMERCIAL,2023-07-08,2027-03-10,85712.32,58324.35,13.97,48,TX,BUSINESS_EXPANSION,C,2 years,$25k-$50k,LATE_60,75,ApexServicing,2023-05-30,2026-08-27,PENDING,SERVICER_CSV,,
LN-08270910-11195,BW-REPEAT-3,COMMERCIAL,2023-08-04,2033-06-12,95678.25,63556.74,10.86,120,FL,EDUCATION,B,< 1 year,$75k-$100k,LATE_30,31,ApexServicing,2023-10-03,2026-08-27,PENDING,ORIGINATION_API,,
LN-08270910-11196,BW-08270910-11196,COMMERCIAL,2023-03-27,2052-10-20,268257.05,168549.29,14.7,360,WA,EDUCATION,B,5 years,$50k-$75k,CLOSED,0,GammaServicing,2023-05-26,2026-08-27,PENDING,SERVICER_CSV,,
LN-08270910-11197,BW-08270910-11197,COMMERCIAL,2023-08-12,2053-03-07,26253.08,5160.41,8.09,360,OH,HOME_PURCHASE,B,5 years,$75k-$100k,CURRENT,0,DeltaServicing,2023-10-11,2026-08-27,VERIFIED,SERVICER_CSV,,
LN-08270910-11198,BW-08270910-11198,AUTO,2023-01-24,2025-01-13,187536.29,153989.56,11.81,24,TX,EDUCATION,E,1 year,<$25k,CLOSED,0,GammaServicing,2023-03-25,2026-08-27,PENDING,MANUAL_EXCEL,,
LN-08270910-11199,BW-08270910-11199,STUDENT,2023-09-30,2027-09-09,179163.47,97133.65,11.1,48,OH,EDUCATION,B,< 1 year,$75k-$100k,CLOSED,0,ApexServicing,2023-11-29,2026-08-27,PENDING,MANUAL_EXCEL,,
LN-08270910-11200,BW-08270910-11200,AUTO,2023-08-28,2025-08-17,74444.8,35023.12,10.44,24,IL,BUSINESS_EXPANSION,D,10+ years,$50k-$75k,CLOSED,0,ApexServicing,2023-10-27,2026-08-27,PENDING,ORIGINATION_API,,
LN-08270910-11201,BW-08270910-11201,COMMERCIAL,2023-04-18,2027-03-28,195114.43,113187.27,15.59,48,TX,BUSINESS_EXPANSION,A,1 year,<$25k,DEFAULT,134,DeltaServicing,2023-06-17,2026-08-27,PENDING,LOS_ALPHA,,
LN-08270910-11202,BW-08270910-11202,COMMERCIAL,2023-06-01,2028-05-05,237658.94,173003.46,18.19,60,GA,AUTO_PURCHASE,F,< 1 year,$100k+,LATE_60,64,ApexServicing,2023-07-31,2020-01-01,PENDING,LOS_ALPHA,,
LN-08270910-11203,BW-08270910-11203,PERSONAL,2023-10-08,2028-09-11,54288.45,23376.31,9.68,60,GA,DEBT_CONSOLIDATION,A,5 years,$25k-$50k,LATE_90,91,BetaServicing,2023-12-07,2026-08-27,PENDING,MANUAL_EXCEL,,
LN-08270910-11204,BW-08270910-11204,PERSONAL,2023-03-11,2027-02-18,296254.78,92321.48,8.63,48,NC,HOME_PURCHASE,D,5 years,<$25k,CLOSED,0,BetaServicing,2023-05-10,2026-08-27,PENDING,ORIGINATION_API,,
LN-08270910-11205,BW-08270910-11205,PERSONAL,2023-01-12,2027-12-17,128537.89,45000.0,7.35,60,NY,BUSINESS_EXPANSION,A,1 year,$75k-$100k,CLOSED,89,DeltaServicing,2023-03-13,2026-08-27,PENDING,MANUAL_EXCEL,,
LN-08270910-11206,BW-08270910-11206,COMMERCIAL,2023-02-23,2028-01-28,174877.9,142416.06,13.6,60,CA,BUSINESS_EXPANSION,E,< 1 year,$100k+,LATE_30,40,BetaServicing,2023-04-24,2026-08-27,PENDING,SERVICER_CSV,,
LN-08270910-11207,BW-08270910-11207,MORTGAGE,2023-11-24,2026-11-08,173063.45,145034.75,12.55,36,NC,BUSINESS_EXPANSION,A,2 years,$75k-$100k,CURRENT,0,DeltaServicing,2024-01-23,2026-08-27,VERIFIED,ORIGINATION_API,,
LN-08270910-11208,BW-08270910-11208,STUDENT,2023-08-19,2028-07-23,44048.05,10720.15,18.24,60,GA,BUSINESS_EXPANSION,E,< 1 year,<$25k,LATE_90,98,DeltaServicing,2023-10-18,2026-08-27,PENDING,SERVICER_CSV,,
LN-08270910-11209,BW-08270910-10167,AUTO,2023-06-14,2033-03-21,235687.71,117245.96,8.96,120,NC,DEBT_CONSOLIDATION,C,10+ years,<$25k,LATE_90,112,DeltaServicing,2023-07-12,2026-08-27,PENDING,SERVICER_CSV,,VENDOR-TAG-93
LN-08270910-11210,BW-08270910-11210,COMMERCIAL,2023-11-08,2026-10-23,31578.88,19665.67,15.59,36,FL,BUSINESS_EXPANSION,B,10+ years,$25k-$50k,DEFAULT,140,DeltaServicing,2024-01-07,2026-08-27,PENDING,ORIGINATION_API,,
LN-08270910-11211,BW-08270910-11211,STUDENT,2023-11-17,2026-11-01,57061.68,8890.49,14.69,36,NY,HOME_PURCHASE,B,1 year,$75k-$100k,CLOSED,0,BetaServicing,2024-01-16,2026-08-27,PENDING,ORIGINATION_API,,
LN-08270910-11212,BW-08270910-11212,STUDENT,2023-07-21,2053-02-13,25056.72,12801.29,13.36,360,WA,DEBT_CONSOLIDATION,D,< 1 year,$75k-$100k,CURRENT,0,BetaServicing,2023-09-19,2026-08-27,VERIFIED,ORIGINATION_API,,
LN-08270910-11213,BW-08270910-11213,AUTO,2023-10-07,2027-09-16,237847.93,186412.25,15.84,48,OH,EDUCATION,D,10+ years,$50k-$75k,LATE_90,114,DeltaServicing,2023-12-06,2026-08-27,PENDING,SERVICER_CSV,EXT-RISK-476,
LN-08270910-11214,BW-08270910-11214,AUTO,2023-01-19,2052-08-14,282705.42,73008.73,12.33,360,IL,AUTO_PURCHASE,F,< 1 year,$75k-$100k,LATE_30,57,ApexServicing,2023-03-20,2026-08-27,PENDING,ORIGINATION_API,,
LN-08270910-11215,BW-08270910-11215,MORTGAGE,2023-07-18,2027-06-27,71710.12,57621.38,15.9,48,WA,DEBT_CONSOLIDATION,E,< 1 year,$50k-$75k,DEFAULT,277,BetaServicing,2023-09-16,2026-08-27,PENDING,LOS_ALPHA,EXT-RISK-455,
LN-08270910-10847,BW-08270910-11216,PERSONAL,2023-02-24,2027-02-03,204378.85,62061.81,5.32,48,IL,HOME_PURCHASE,E,2 years,$50k-$75k,CURRENT,0,BetaServicing,2023-04-25,2026-08-27,VERIFIED,ORIGINATION_API,,
LN-08270910-11217,BW-08270910-11217,PERSONAL,2023-12-10,2028-11-13,256993.29,95227.8,11.36,60,CA,DEBT_CONSOLIDATION,F,2 years,$50k-$75k,CLOSED,0,BetaServicing,2024-02-08,2026-08-27,PENDING,LOS_ALPHA,,
LN-08270910-11218,BW-08270910-11218,PERSONAL,2023-03-29,2033-02-04,175891.66,45518.64,11.05,120,GA,EDUCATION,B,10+ years,<$25k,LATE_30,32,ApexServicing,2023-05-28,2026-08-27,PENDING,MANUAL_EXCEL,EXT-RISK-399,
LN-08270910-11219,BW-08270910-11219,STUDENT,2024.05.10,2026-03-10,97575.87,55051.63,8.27,36,TX,DEBT_CONSOLIDATION,B,1 year,$100k+,DEFAULT,311,BetaServicing,2023-05-25,2026-08-27,PENDING,LOS_ALPHA,EXT-RISK-994,
LN-08270910-11220,BW-08270910-11220,PERSONAL,2023-03-18,2052-10-11,273799.39,51514.75,10.35,360,NC,DEBT_CONSOLIDATION,D,10+ years,$75k-$100k,LATE_90,115,ApexServicing,2023-05-17,2026-08-27,PENDING,MANUAL_EXCEL,,
LN-08270910-11221,BW-08270910-11221,PERSONAL,2023-11-14,2025-11-03,10501.34,1734.25,18.21,24,NC,HOME_PURCHASE,D,5 years,<$25k,DEFAULT,170,ApexServicing,2024-01-13,2026-08-27,PENDING,SERVICER_CSV,,
LN-08270910-11222,BW-08270910-11222,MORTGAGE,2023-05-15,2027-04-24,16422.89,4971.17,6.62,48,GA,EDUCATION,A,10+ years,$50k-$75k,CURRENT,0,DeltaServicing,2023-07-14,2026-08-27,VERIFIED,MANUAL_EXCEL,,
LN-08270910-11223,BW-08270910-11223,PERSONAL,2023-02-22,2052-09-17,109345.46,55845.08,9.68,360,NC,DEBT_CONSOLIDATION,A,< 1 year,$100k+,CLOSED,0,ApexServicing,2023-04-23,2026-08-27,PENDING,MANUAL_EXCEL,,VENDOR-TAG-90
LN-08270910-11224,BW-08270910-11224,AUTO,2023-08-16,2028-07-20,232014.78,175224.21,16.82,60,TX,BUSINESS_EXPANSION,D,1 year,$100k+,LATE_60,84,GammaServicing,2023-10-15,2026-08-27,PENDING,ORIGINATION_API,EXT-RISK-240,
LN-08270910-11225,BW-08270910-11225,COMMERCIAL,2023-02-09,2027-01-19,44232.91,20425.32,9.66,48,PA,HOME_PURCHASE,A,5 years,$75k-$100k,CLOSED,0,ApexServicing,2023-04-10,2026-08-27,PENDING,LOS_ALPHA,,
LN-08270910-11226,BW-08270910-11226,AUTO,2023-10-13,2053-05-08,77612.25,40237.21,9.11,360,GA,BUSINESS_EXPANSION,D,2 years,$75k-$100k,LATE_90,90,ApexServicing,2023-12-12,2026-08-27,PENDING,SERVICER_CSV,EXT-RISK-982,
LN-08270910-11227,BW-08270910-11134,MORTGAGE,2023-05-25,2053-03-06,230264.93,96019.77,11.62,360,PA,HOME_PURCHASE,D,< 1 year,$25k-$50k,CURRENT,0,BetaServicing,2023-10-10,2026-08-27,VERIFIED,ORIGINATION_API,,
LN-08270910-11228,BW-08270910-11228,AUTO,2023-03-08,2033-01-14,259635.91,71952.64,7.4,120,FL,EDUCATION,A,2 years,$50k-$75k,CLOSED,0,BetaServicing,2023-05-07,2026-08-27,PENDING,ORIGINATION_API,EXT-RISK-346,
LN-08270910-11229,BW-08270910-11229,AUTO,2023-12-25,2025-12-14,255119.65,142389.78,14.97,24,NC,BUSINESS_EXPANSION,F,5 years,$50k-$75k,DEFAULT,340,DeltaServicing,2024-02-23,2026-08-27,PENDING,SERVICER_CSV,,
LN-08270910-11230,BW-08270910-11230,COMMERCIAL,2023-12-21,2053-07-16,204960.86,125993.93,45.0,360,GA,EDUCATION,A,2 years,$75k-$100k,LATE_60,67,DeltaServicing,2024-02-19,2026-08-27,PENDING,LOS_ALPHA,,
LN-08270910-11231,BW-08270910-11231,COMMERCIAL,2023-07-19,2033-05-27,156439.1,132204.81,16.04,120,NY,HOME_PURCHASE,C,5 years,<$25k,LATE_30,46,DeltaServicing,2023-09-17,2026-08-27,PENDING,MANUAL_EXCEL,,
LN-08270910-11232,BW-08270910-11232,PERSONAL,2023-02-21,2025-02-10,71715.5,48524.32,8.01,24,PA,DEBT_CONSOLIDATION,F,10+ years,<$25k,LATE_90,109,DeltaServicing,2023-04-22,2026-08-27,PENDING,ORIGINATION_API,,
LN-08270910-11233,BW-08270910-11233,COMMERCIAL,2023-11-13,2053-06-08,216942.95,171854.16,13.81,360,WA,AUTO_PURCHASE,F,1 year,$50k-$75k,LATE_60,69,BetaServicing,2024-01-12,2026-08-27,PENDING,LOS_ALPHA,EXT-RISK-472,
LN-08270910-11234,BW-08270910-11234,STUDENT,2023-05-27,2026-05-11,85882.87,40187.6,6.15,36,WA,BUSINESS_EXPANSION,E,10+ years,<$25k,LATE_60,63,BetaServicing,2023-07-26,2026-08-27,PENDING,MANUAL_EXCEL,,
LN-08270910-11235,BW-08270910-11235,AUTO,2023-02-25,2026-02-09,221722.48,161218.59,5.59,36,XX1,EDUCATION,B,10+ years,<$25k,DEFAULT,298,BetaServicing,2023-04-26,2026-08-27,PENDING,ORIGINATION_API,EXT-RISK-285,
LN-08270910-11236,BW-08270910-11236,AUTO,2023-11-21,2027-10-31,62275.17,34170.9,12.66,48,NC,HOME_PURCHASE,B,1 year,$75k-$100k,LATE_30,55,GammaServicing,2024-01-20,2026-08-27,PENDING,ORIGINATION_API,,
LN-08270910-11237,BW-08270910-11237,COMMERCIAL,2023-09-05,2027-08-15,86341.5,15052.23,6.4,48,NC,EDUCATION,C,10+ years,$50k-$75k,LATE_60,74,ApexServicing,2023-11-04,2026-08-27,PENDING,SERVICER_CSV,,
LN-08270910-11238,BW-08270910-11238,STUDENT,2023-04-25,2033-03-03,243050.23,77519.03,8.46,120,GA,AUTO_PURCHASE,C,5 years,$50k-$75k,LATE_30,48,GammaServicing,2023-06-24,2026-08-27,PENDING,ORIGINATION_API,,
LN-08270910-11239,BW-08270910-11239,STUDENT,2023-01-19,2052-08-14,47718.94,23201.79,7.3,360,TX,BUSINESS_EXPANSION,A,2 years,<$25k,CLOSED,0,DeltaServicing,2023-03-20,2026-08-27,PENDING,MANUAL_EXCEL,,
LN-08270910-11240,BW-REPEAT-1,AUTO,2023-07-26,2053-02-18,46704.05,11298.51,4.93,360,WA,EDUCATION,A,< 1 year,$100k+,CURRENT,0,ApexServicing,2023-09-24,2026-08-27,VERIFIED,ORIGINATION_API,EXT-RISK-742,VENDOR-TAG-62
LN-08270910-11241,BW-08270910-11241,COMMERCIAL,2023-07-11,2053-02-03,18658.23,7223.06,10.98,360,CA,HOME_PURCHASE,C,< 1 year,$75k-$100k,CLOSED,0,BetaServicing,2023-09-09,2026-08-27,PENDING,LOS_ALPHA,,VENDOR-TAG-69
LN-08270910-11242,BW-08270910-11242,COMMERCIAL,2023-08-12,2028-07-16,253596.04,45000.0,14.14,60,GA,DEBT_CONSOLIDATION,C,< 1 year,$25k-$50k,CLOSED,38,BetaServicing,2023-10-11,2026-08-27,PENDING,LOS_ALPHA,,
LN-08270910-11243,BW-08270910-11243,PERSONAL,2023-09-18,2033-07-27,37075.68,28553.98,16.84,120,IL,DEBT_CONSOLIDATION,E,10+ years,$25k-$50k,DEFAULT,178,GammaServicing,2023-11-17,2026-08-27,PENDING,ORIGINATION_API,,VENDOR-TAG-97
LN-08270910-11244,BW-08270910-11244,AUTO,2023-12-07,2027-11-16,157971.29,42108.05,18.41,48,WA,DEBT_CONSOLIDATION,B,< 1 year,$25k-$50k,LATE_30,58,ApexServicing,2024-02-05,2026-08-27,PENDING,ORIGINATION_API,EXT-RISK-211,VENDOR-TAG-78
LN-08270910-11245,BW-08270910-11245,STUDENT,2023-03-06,2026-02-18,61481.46,14693.77,13.7,36,NY,AUTO_PURCHASE,F,5 years,$100k+,CURRENT,0,GammaServicing,2023-05-05,2026-08-27,VERIFIED,MANUAL_EXCEL,EXT-RISK-605,
LN-08270910-11246,BW-08270910-11246,COMMERCIAL,2023-04-28,2028-04-01,72799.42,26585.96,5.03,60,NC,HOME_PURCHASE,B,10+ years,$75k-$100k,CLOSED,0,DeltaServicing,2023-06-27,2026-08-27,PENDING,MANUAL_EXCEL,,
LN-08270910-11247,BW-08270910-11247,COMMERCIAL,2023-12-04,2025-11-23,87448.79,24521.98,16.3,24,WA,HOME_PURCHASE,B,10+ years,$75k-$100k,LATE_30,45,BetaServicing,2024-02-02,2026-08-27,PENDING,SERVICER_CSV,,
LN-08270910-11248,BW-08270910-11248,COMMERCIAL,2023-02-07,2025-01-27,43051.22,31643.47,16.43,24,FL,HOME_PURCHASE,F,10+ years,<$25k,CLOSED,0,ApexServicing,2023-04-08,2026-08-27,PENDING,SERVICER_CSV,,VENDOR-TAG-31
LN-08270910-11249,BW-08270910-11249,STUDENT,2023-11-26,2027-11-05,161526.74,81431.26,17.24,48,TX,HOME_PURCHASE,C,2 years,$50k-$75k,DEFAULT,0,ApexServicing,2024-01-25,2026-08-27,PENDING,MANUAL_EXCEL,EXT-RISK-101,VENDOR-TAG-76
LN-08270910-11250,BW-08270910-11250,COMMERCIAL,2023-01-12,2052-08-07,217258.04,93928.64,5.14,360,GA,BUSINESS_EXPANSION,F,1 year,$100k+,DEFAULT,342,DeltaServicing,2023-03-13,2026-08-27,PENDING,MANUAL_EXCEL,,
LN-08270910-11251,BW-08270910-11251,MORTGAGE,2023-10-08,2027-09-17,110469.12,46562.88,17.28,48,CA,DEBT_CONSOLIDATION,E,5 years,$25k-$50k,LATE_30,39,GammaServicing,2023-12-07,2026-08-27,PENDING,ORIGINATION_API,,
LN-08270910-11252,BW-08270910-11252,STUDENT,2023-12-22,2033-10-30,81965.62,18500.5,9.32,120,TX,BUSINESS_EXPANSION,D,5 years,$100k+,CURRENT,75,GammaServicing,2024-02-20,2026-08-27,PENDING,ORIGINATION_API,EXT-RISK-518,VENDOR-TAG-84
LN-08270910-11253,BW-08270910-11253,STUDENT,2023-01-12,2025-01-01,43611.24,34006.57,7.79,24,OH,AUTO_PURCHASE,B,< 1 year,$50k-$75k,LATE_60,75,DeltaServicing,2023-03-13,2026-08-27,PENDING,SERVICER_CSV,EXT-RISK-651,
LN-08270910-11254,BW-08270910-11254,STUDENT,2023-08-28,2027-08-07,200838.08,63753.3,13.7,48,PA,EDUCATION,B,5 years,$50k-$75k,CLOSED,0,DeltaServicing,2023-10-27,2026-08-27,PENDING,ORIGINATION_API,,
LN-08270910-11255,BW-08270910-11255,AUTO,2023-09-17,2033-07-26,278332.42,231748.95,9.32,120,OH,EDUCATION,C,2 years,$75k-$100k,CLOSED,0,DeltaServicing,2023-11-16,2026-08-27,NULL,LOS_ALPHA,,VENDOR-TAG-31
LN-08270910-11256,BW-08270910-11256,AUTO,2023-08-19,2025-08-08,254179.05,107996.58,7.81,24,FL,AUTO_PURCHASE,F,5 years,$100k+,LATE_60,69,BetaServicing,2023-10-18,2026-08-27,PENDING,LOS_ALPHA,,
LN-08270910-11257,BW-08270910-11257,COMMERCIAL,2023-11-25,2053-06-20,127973.42,90357.66,17.14,360,WA,DEBT_CONSOLIDATION,D,2 years,$75k-$100k,CURRENT,0,DeltaServicing,2024-01-24,2026-08-27,VERIFIED,MANUAL_EXCEL,EXT-RISK-777,
LN-08270910-11258,BW-08270910-11258,COMMERCIAL,2023-03-17,2025-03-06,197764.01,60213.92,4.54,24,OH,AUTO_PURCHASE,B,5 years,$25k-$50k,LATE_90,119,BetaServicing,2023-05-16,2026-08-27,PENDING,LOS_ALPHA,EXT-RISK-556,VENDOR-TAG-29
LN-08270910-11259,BW-08270910-11259,MORTGAGE,2024-13-45,2027-08-30,61788.14,39613.52,16.59,48,CA,EDUCATION,B,5 years,$25k-$50k,DEFAULT,127,ApexServicing,2023-11-19,2026-08-27,PENDING,ORIGINATION_API,,VENDOR-TAG-95
LN-08270910-11260,BW-08270910-11260,PERSONAL,2023-09-01,2053-03-27,-44831.71,25848.01,9.29,360,OH,DEBT_CONSOLIDATION,F,< 1 year,$25k-$50k,CLOSED,0,GammaServicing,2023-10-31,2026-08-27,PENDING,MANUAL_EXCEL,,
LN-08270910-11261,BW-08270910-11261,AUTO,2023-05-17,2033-03-25,233858.4,132957.25,5.33,120,OH,BUSINESS_EXPANSION,F,1 year,$100k+,DEFAULT,261,DeltaServicing,2023-07-16,2026-08-27,PENDING,MANUAL_EXCEL,,
LN-08270910-11262,BW-08270910-11262,COMMERCIAL,2023-06-01,2025-05-21,114878.07,47869.46,10.34,24,IL,HOME_PURCHASE,E,2 years,$75k-$100k,CLOSED,0,ApexServicing,2023-07-31,2026-08-27,PENDING,MANUAL_EXCEL,,
LN-08270910-11263,BW-08270910-11263,STUDENT,2023-02-26,2025-02-15,71213.14,26584.29,10.66,24,OH,HOME_PURCHASE,B,2 years,$25k-$50k,CLOSED,0,DeltaServicing,2023-04-27,2026-08-27,PENDING,LOS_ALPHA,,
LN-08270910-11264,BW-08270910-11264,MORTGAGE,2023-09-27,2033-08-05,179768.23,131600.44,5.66,120,NY,BUSINESS_EXPANSION,D,< 1 year,<$25k,CURRENT,0,ApexServicing,2023-11-26,2026-08-27,VERIFIED,ORIGINATION_API,,
LN-08270910-11265,BW-08270910-11265,MORTGAGE,2023-09-04,2028-08-08,222596.7,37489.86,-5.0,60,NC,HOME_PURCHASE,A,5 years,<$25k,LATE_60,75,BetaServicing,2023-11-03,2026-08-27,PENDING,LOS_ALPHA,,
LN-08270910-11266,BW-08270910-11266,STUDENT,2023-08-16,2027-07-26,229381.12,92353.76,13.68,48,FL,EDUCATION,F,1 year,<$25k,CLOSED,0,DeltaServicing,2023-10-15,2026-08-27,PENDING,ORIGINATION_API,,
,BW-08270910-11267,PERSONAL,2023-02-25,2028-01-30,56662.79,11259.73,8.57,60,FL,BUSINESS_EXPANSION,E,< 1 year,$100k+,LATE_60,79,DeltaServicing,2023-04-26,2026-08-27,PENDING,MANUAL_EXCEL,EXT-RISK-694,
LN-08270910-11226,BW-08270910-11268,MORTGAGE,2023-11-12,2033-09-20,59666.59,30105.17,11.27,120,WA,HOME_PURCHASE,F,1 year,$25k-$50k,LATE_30,47,DeltaServicing,2024-01-11,2026-08-27,PENDING,LOS_ALPHA,,VENDOR-TAG-25
LN-08270910-11269,BW-08270910-11269,MORTGAGE,2023-06-29,2033-05-07,15384.18,11676.84,18.48,120,FL,DEBT_CONSOLIDATION,A,< 1 year,$50k-$75k,DEFAULT,330,DeltaServicing,2023-08-28,2026-08-27,PENDING,ORIGINATION_API,EXT-RISK-397,
,BW-08270910-11270,MORTGAGE,2023-04-05,2033-02-11,222544.01,48331.69,11.85,120,PA,BUSINESS_EXPANSION,C,1 year,$25k-$50k,LATE_30,45,GammaServicing,2023-06-04,2026-08-27,PENDING,LOS_ALPHA,,
LN-08270910-11271,BW-08270910-11271,COMMERCIAL,2023-07-17,2027-06-26,249834.36,57967.79,12.53,48,GA,EDUCATION,A,10+ years,$100k+,DEFAULT,263,ApexServicing,2023-09-15,2026-08-27,PENDING,LOS_ALPHA,,
LN-08270910-11272,BW-08270910-11272,MORTGAGE,2023-11-11,2033-09-19,36992.37,20337.24,15.62,120,TX,DEBT_CONSOLIDATION,A,5 years,$50k-$75k,LATE_60,79,DeltaServicing,2024-01-10,2026-08-27,PENDING,MANUAL_EXCEL,,VENDOR-TAG-17
LN-08270910-11273,BW-08270910-11273,AUTO,2023-09-21,2027-08-31,157066.53,77114.57,13.53,48,FL,DEBT_CONSOLIDATION,F,5 years,$100k+,LATE_60,64,GammaServicing,2023-11-20,2026-08-27,PENDING,SERVICER_CSV,,
LN-08270910-11274,BW-08270910-11274,MORTGAGE,2023-05-05,2033-03-13,236371.37,41876.78,5.72,120,GA,HOME_PURCHASE,A,2 years,$50k-$75k,LATE_30,59,ApexServicing,2023-07-04,2026-08-27,PENDING,ORIGINATION_API,EXT-RISK-919,VENDOR-TAG-62
LN-08270910-11275,BW-08270910-11275,AUTO,2023-10-02,2053-04-27,205251.37,129905.2,7.7,360,IL,DEBT_CONSOLIDATION,D,1 year,$25k-$50k,CLOSED,0,DeltaServicing,2023-12-01,2026-08-27,PENDING,SERVICER_CSV,,VENDOR-TAG-84
LN-08270910-11276,BW-08270910-11276,PERSONAL,15/01/2023,2033-02-27,186835.06,147772.68,8.03,120,PA,HOME_PURCHASE,D,2 years,$50k-$75k,LATE_90,118,ApexServicing,2023-06-20,2026-08-27,PENDING,ORIGINATION_API,EXT-RISK-278,
LN-08270910-11277,BW-08270910-11277,COMMERCIAL,2023-09-03,2025-08-23,224085.2,116163.09,9.43,24,CA,BUSINESS_EXPANSION,E,2 years,$50k-$75k,LATE_60,80,ApexServicing,2023-11-02,2026-08-27,PENDING,LOS_ALPHA,EXT-RISK-523,VENDOR-TAG-68
LN-08270910-11278,BW-08270910-11278,MORTGAGE,2023-08-01,2053-02-24,176204.52,98224.72,15.24,360,FL,AUTO_PURCHASE,F,1 year,$75k-$100k,LATE_60,73,ApexServicing,2023-09-30,2026-08-27,PENDING,MANUAL_EXCEL,,
LN-08270910-11279,BW-08270910-11279,STUDENT,2023-11-19,2053-06-14,119834.64,80107.67,13.03,360,IL,HOME_PURCHASE,E,2 years,$100k+,LATE_90,102,BetaServicing,2024-01-18,2026-08-27,PENDING,LOS_ALPHA,,
LN-08270910-11280,BW-08270910-11280,STUDENT,2023-06-16,2026-05-31,41956.71,8864.59,13.04,36,FL,BUSINESS_EXPANSION,A,5 years,$75k-$100k,LATE_60,70,BetaServicing,2023-08-15,2026-08-27,PENDING,ORIGINATION_API,,
LN-08270910-11281,BW-08270910-11281,STUDENT,2023-09-30,2033-08-08,141035.87,61745.89,16.44,120,WA,BUSINESS_EXPANSION,A,2 years,$25k-$50k,LATE_60,83,ApexServicing,2023-11-29,2020-01-01,PENDING,SERVICER_CSV,EXT-RISK-519,
,BW-08270910-11282,MORTGAGE,2023-04-18,2028-03-22,297057.44,147836.66,16.02,60,OH,HOME_PURCHASE,A,2 years,<$25k,LATE_60,69,ApexServicing,2023-06-17,2026-08-27,PENDING,LOS_ALPHA,,VENDOR-TAG-58
LN-08270910-11283,BW-08270910-11283,STUDENT,2023-05-30,2026-05-14,34515.02,12039.21,18.43,36,CA,HOME_PURCHASE,C,< 1 year,$25k-$50k,LATE_60,75,BetaServicing,2023-07-29,2026-08-27,PENDING,ORIGINATION_API,,
LN-08270910-11284,BW-08270910-11284,COMMERCIAL,2023-05-09,2028-04-12,109992.39,65542.28,16.61,60,WA,BUSINESS_EXPANSION,A,2 years,<$25k,LATE_90,113,DeltaServicing,2023-07-08,2026-08-27,PENDING,MANUAL_EXCEL,,VENDOR-TAG-44
LN-08270910-11285,BW-08270910-11285,AUTO,2023-08-30,2026-08-14,65473.63,33494.15,12.58,36,IL,DEBT_CONSOLIDATION,B,5 years,<$25k,DEFAULT,246,ApexServicing,2023-10-29,2026-08-27,PENDING,SERVICER_CSV,EXT-RISK-847,
LN-08270910-11286,BW-08270910-11286,COMMERCIAL,2023-04-27,2052-11-20,238766.18,141236.03,9.58,360,TX,EDUCATION,D,< 1 year,$100k+,LATE_90,93,DeltaServicing,2023-06-26,2026-08-27,PENDING,ORIGINATION_API,,VENDOR-TAG-73
LN-08270910-11287,BW-08270910-11287,MORTGAGE,2023-09-09,2025-08-29,43560.42,10190.42,15.66,24,IL,AUTO_PURCHASE,F,1 year,$25k-$50k,LATE_90,105,GammaServicing,2023-11-08,2026-08-27,PENDING,LOS_ALPHA,EXT-RISK-243,
LN-08270910-11288,BW-08270910-11288,COMMERCIAL,2023-12-17,2025-12-06,109683.61,77873.78,15.48,24,NY,HOME_PURCHASE,E,10+ years,$75k-$100k,CLOSED,0,BetaServicing,2024-02-15,2026-08-27,PENDING,LOS_ALPHA,,VENDOR-TAG-99
LN-08270910-11289,BW-08270910-11289,MORTGAGE,2023-10-02,2028-09-05,201960.9,121122.44,9.96,60,GA,EDUCATION,E,10+ years,$75k-$100k,CLOSED,0,BetaServicing,2023-12-01,2026-08-27,PENDING,SERVICER_CSV,,
LN-08270910-11290,BW-08270910-11290,STUDENT,2023-04-18,2028-03-22,112632.76,88018.28,5.74,60,NC,DEBT_CONSOLIDATION,A,10+ years,$25k-$50k,CURRENT,0,ApexServicing,2023-06-17,2026-08-27,VERIFIED,LOS_ALPHA,,
LN-08270910-11291,BW-08270910-11291,PERSONAL,2023-05-26,2025-05-15,137051.51,82897.3,13.07,24,GA,EDUCATION,E,< 1 year,$75k-$100k,LATE_30,42,ApexServicing,2023-07-25,2026-08-27,NULL,LOS_ALPHA,EXT-RISK-999,
LN-08270910-11292,BW-REPEAT-3,PERSONAL,2023-12-04,2025-11-23,65242.33,16520.4,4.66,24,TX,BUSINESS_EXPANSION,C,< 1 year,$75k-$100k,CURRENT,0,BetaServicing,2024-02-02,2026-08-27,VERIFIED,LOS_ALPHA,EXT-RISK-267,
LN-08270910-11293,BW-08270910-11293,STUDENT,2023-04-23,2026-04-07,53546.99,40705.0,17.22,36,NC,DEBT_CONSOLIDATION,C,2 years,<$25k,LATE_30,33,GammaServicing,2023-06-22,2026-08-27,PENDING,LOS_ALPHA,EXT-RISK-346,
LN-08270910-11294,BW-08270910-11294,MORTGAGE,2023-09-20,2053-04-15,-213552.26,93220.51,15.18,360,OH,EDUCATION,C,5 years,<$25k,DEFAULT,260,DeltaServicing,2023-11-19,2026-08-27,PENDING,SERVICER_CSV,,
LN-08270910-11295,BW-08270910-11295,PERSONAL,2023-09-03,2033-07-12,33922.31,13701.64,5.87,120,FL,EDUCATION,F,< 1 year,<$25k,LATE_60,72,GammaServicing,2023-11-02,2026-08-27,PENDING,MANUAL_EXCEL,,VENDOR-TAG-84
LN-08270910-11296,BW-08270910-11296,PERSONAL,2023-06-10,2025-05-30,198782.62,145894.96,10.7,24,OH,EDUCATION,B,2 years,$75k-$100k,LATE_90,93,DeltaServicing,2023-08-09,2026-08-27,PENDING,SERVICER_CSV,,
LN-08270910-11297,BW-08270910-11297,COMMERCIAL,2023-06-17,2025-06-06,138989.38,68563.56,8.77,24,TX,AUTO_PURCHASE,F,10+ years,$50k-$75k,LATE_90,111,BetaServicing,2023-08-16,2026-08-27,PENDING,ORIGINATION_API,,
LN-08270910-11298,BW-08270910-10589,MORTGAGE,2023-08-03,2025-01-15,-84255.99,34058.17,9.74,24,GA,AUTO_PURCHASE,A,5 years,<$25k,LATE_90,119,DeltaServicing,2023-03-27,2026-08-27,PENDING,ORIGINATION_API,,
LN-08270910-11299,BW-08270910-11299,PERSONAL,2023-01-29,2025-01-18,229842.73,171056.06,12.96,24,PA,AUTO_PURCHASE,B,1 year,$100k+,CLOSED,0,GammaServicing,2023-03-30,2026-08-27,PENDING,SERVICER_CSV,,VENDOR-TAG-93
LN-08270910-11300,BW-08270910-11300,MORTGAGE,2023-04-10,2052-11-03,191165.2,138418.32,14.79,360,CA,DEBT_CONSOLIDATION,C,5 years,$50k-$75k,DEFAULT,300,BetaServicing,2023-06-09,2026-08-27,PENDING,MANUAL_EXCEL,,VENDOR-TAG-99
LN-08270910-11301,BW-08270910-11301,AUTO,2023-02-09,2025-01-29,45944.8,25936.81,15.03,24,NC,EDUCATION,C,< 1 year,$75k-$100k,LATE_90,95,ApexServicing,2023-04-10,2026-08-27,PENDING,SERVICER_CSV,,
LN-08270910-11302,BW-08270910-11302,PERSONAL,2023-07-06,2053-01-29,172157.48,107686.65,8.07,360,OH,HOME_PURCHASE,C,< 1 year,<$25k,LATE_90,92,DeltaServicing,2023-09-04,2026-08-27,PENDING,MANUAL_EXCEL,,VENDOR-TAG-87
LN-08270910-11303,BW-REPEAT-4,PERSONAL,2023-12-19,2028-11-22,76690.7,57331.66,9.35,60,IL,BUSINESS_EXPANSION,C,1 year,$75k-$100k,LATE_30,52,ApexServicing,2024-02-17,2026-08-27,PENDING,SERVICER_CSV,,
LN-08270910-11304,BW-08270910-11304,PERSONAL,2023-12-01,2026-11-15,17012.4,3380.09,8.46,36,NC,HOME_PURCHASE,C,1 year,<$25k,LATE_90,114,DeltaServicing,2024-01-30,2026-08-27,NULL,SERVICER_CSV,,
LN-08270910-11305,BW-08270910-11305,COMMERCIAL,2023-07-26,2026-07-10,186019.49,39338.25,12.91,36,WA,DEBT_CONSOLIDATION,D,10+ years,$50k-$75k,LATE_60,73,GammaServicing,2023-09-24,2026-08-27,PENDING,ORIGINATION_API,,
LN-08270910-11306,BW-08270910-11306,STUDENT,2023-07-03,2033-05-11,126893.12,19647.14,11.87,120,TX,AUTO_PURCHASE,E,1 year,$25k-$50k,DEFAULT,174,ApexServicing,2023-09-01,2026-08-27,PENDING,SERVICER_CSV,,
LN-08270910-11307,BW-08270910-11307,COMMERCIAL,2023-02-15,2052-09-10,37666.6,20775.09,8.32,360,NC,BUSINESS_EXPANSION,C,1 year,$100k+,LATE_90,98,DeltaServicing,2023-04-16,2026-08-27,PENDING,ORIGINATION_API,,
LN-08270910-11308,BW-08270910-11308,STUDENT,2023-01-30,2025-01-19,15000.0,28500.0,18.01,24,WA,HOME_PURCHASE,D,10+ years,$50k-$75k,CLOSED,0,DeltaServicing,2023-03-31,2026-08-27,PENDING,LOS_ALPHA,,
LN-08270910-11309,BW-08270910-11309,COMMERCIAL,2023-05-17,2033-03-25,293422.86,131898.49,15.42,120,CA,BUSINESS_EXPANSION,F,< 1 year,$75k-$100k,DEFAULT,154,GammaServicing,2023-07-16,2026-08-27,PENDING,SERVICER_CSV,EXT-RISK-353,VENDOR-TAG-25
,BW-08270910-11310,MORTGAGE,2023-08-04,2027-07-14,275440.41,205081.23,16.07,48,TX,EDUCATION,E,10+ years,<$25k,LATE_60,73,DeltaServicing,2023-10-03,2026-08-27,PENDING,LOS_ALPHA,,
LN-08270910-11311,BW-08270910-11311,PERSONAL,2023-06-29,2025-06-18,166972.48,45000.0,17.96,24,WA,EDUCATION,F,1 year,$75k-$100k,CLOSED,105,DeltaServicing,2023-08-28,2026-08-27,PENDING,MANUAL_EXCEL,,VENDOR-TAG-94
LN-08270910-11312,BW-08270910-11312,PERSONAL,2023-07-07,2025-06-26,145106.61,72864.2,12.51,24,NC,DEBT_CONSOLIDATION,A,10+ years,<$25k,CLOSED,0,GammaServicing,2023-09-05,2026-08-27,PENDING,ORIGINATION_API,,
LN-08270910-11313,BW-08270910-11313,STUDENT,2023-01-05,2032-11-13,240333.81,150073.61,5.26,120,TX,DEBT_CONSOLIDATION,A,2 years,$25k-$50k,CLOSED,0,BetaServicing,2023-03-06,2026-08-27,PENDING,ORIGINATION_API,,VENDOR-TAG-23
LN-08270910-11314,BW-08270910-11314,AUTO,2023-11-23,2028-10-27,142096.37,32488.34,9.6,60,IL,HOME_PURCHASE,D,10+ years,$75k-$100k,LATE_30,54,ApexServicing,2024-01-22,2026-08-27,PENDING,ORIGINATION_API,,
LN-08270910-11315,BW-08270910-11315,MORTGAGE,2023-12-09,2033-10-17,43518.02,22927.44,15.27,120,FL,EDUCATION,F,< 1 year,<$25k,CURRENT,0,DeltaServicing,2024-02-07,2026-08-27,VERIFIED,SERVICER_CSV,EXT-RISK-166,
LN-08270910-11316,BW-08270910-11316,MORTGAGE,2023-05-08,2033-03-16,15000.0,28500.0,15.65,120,WA,AUTO_PURCHASE,C,5 years,$50k-$75k,DEFAULT,148,BetaServicing,2023-07-07,2026-08-27,PENDING,LOS_ALPHA,,
LN-08270910-11317,BW-08270910-10598,PERSONAL,INVALID_DATE,2028-04-04,198778.9,24299.24,11.48,60,NC,AUTO_PURCHASE,E,< 1 year,<$25k,LATE_90,112,BetaServicing,2023-06-30,2026-08-27,PENDING,ORIGINATION_API,,
LN-08270910-11318,BW-08270910-11318,STUDENT,2023-09-15,2053-04-10,166214.85,45000.0,5.4,360,NY,HOME_PURCHASE,E,< 1 year,$100k+,CLOSED,0,GammaServicing,2023-11-14,2026-08-27,VERIFIED,SERVICER_CSV,,
LN-08270910-11319,BW-08270910-11319,PERSONAL,2023-10-11,2025-09-30,141870.06,41205.51,11.83,24,WA,BUSINESS_EXPANSION,C,1 year,<$25k,CURRENT,0,BetaServicing,2023-12-10,2026-08-27,VERIFIED,SERVICER_CSV,,
LN-08270910-11320,BW-08270910-11320,STUDENT,2023-09-26,2027-09-05,42508.35,7578.49,9.56,48,GA,EDUCATION,F,2 years,<$25k,LATE_60,69,BetaServicing,2023-11-25,2026-08-27,PENDING,MANUAL_EXCEL,,
LN-08270910-11321,BW-08270910-11321,STUDENT,2023-10-25,2026-10-09,293196.05,187913.32,6.99,36,OH,AUTO_PURCHASE,F,1 year,$25k-$50k,LATE_90,103,GammaServicing,2023-12-24,2026-08-27,PENDING,MANUAL_EXCEL,,
LN-08270910-11322,BW-08270910-11322,COMMERCIAL,2023-11-30,2026-11-14,229236.51,146492.82,17.89,36,CA,BUSINESS_EXPANSION,E,5 years,$75k-$100k,CLOSED,0,BetaServicing,2024-01-29,2026-08-27,PENDING,ORIGINATION_API,,
LN-08270910-11323,BW-08270910-11323,MORTGAGE,2023-09-23,2028-08-27,151760.99,72267.98,12.98,60,XX1,BUSINESS_EXPANSION,A,< 1 year,$25k-$50k,DEFAULT,122,ApexServicing,2023-11-22,2026-08-27,PENDING,LOS_ALPHA,,VENDOR-TAG-28
LN-08270910-11324,BW-08270910-11324,COMMERCIAL,2023-03-31,2026-03-15,57568.88,43247.11,16.9,36,NC,HOME_PURCHASE,A,1 year,$50k-$75k,CLOSED,0,DeltaServicing,2023-05-30,2026-08-27,PENDING,LOS_ALPHA,,VENDOR-TAG-18
LN-08270910-11325,BW-08270910-11325,AUTO,2023-11-23,2026-11-07,117217.31,92448.98,16.77,36,NC,DEBT_CONSOLIDATION,F,1 year,$25k-$50k,CURRENT,0,DeltaServicing,2024-01-22,2026-08-27,VERIFIED,SERVICER_CSV,,VENDOR-TAG-77
LN-08270910-11326,BW-08270910-11326,PERSONAL,2023-10-23,2027-10-02,245609.9,149511.88,15.48,48,IL,HOME_PURCHASE,A,1 year,$25k-$50k,CLOSED,0,ApexServicing,2023-12-22,2026-08-27,PENDING,MANUAL_EXCEL,EXT-RISK-840,VENDOR-TAG-33
LN-08270910-11327,BW-08270910-11327,AUTO,2023-09-07,2025-08-27,232741.47,49399.36,17.66,24,TX,DEBT_CONSOLIDATION,F,2 years,<$25k,CURRENT,0,DeltaServicing,2023-11-06,2020-01-01,VERIFIED,LOS_ALPHA,,
LN-08270910-11172,BW-08270910-11328,AUTO,2023-10-14,2028-09-17,15476.02,3106.69,10.92,60,FL,AUTO_PURCHASE,D,2 years,<$25k,CURRENT,0,DeltaServicing,2023-12-13,2026-08-27,VERIFIED,ORIGINATION_API,,
LN-08270910-11329,BW-08270910-11329,COMMERCIAL,2023-07-15,2033-05-23,76536.67,31332.76,12.02,120,CA,AUTO_PURCHASE,B,2 years,$100k+,LATE_30,36,ApexServicing,2023-09-13,2026-08-27,PENDING,ORIGINATION_API,EXT-RISK-267,
LN-08270910-11330,BW-08270910-11330,MORTGAGE,2023-08-24,2025-08-13,136806.1,21205.35,13.55,24,GA,DEBT_CONSOLIDATION,A,2 years,$75k-$100k,CLOSED,0,ApexServicing,2023-10-23,2026-08-27,PENDING,SERVICER_CSV,,
LN-08270910-11331,BW-08270910-11331,MORTGAGE,2023-05-23,2033-03-31,202997.26,70201.41,10.61,120,NC,HOME_PURCHASE,D,5 years,$100k+,LATE_60,76,GammaServicing,2023-07-22,2026-08-27,PENDING,SERVICER_CSV,,
LN-08270910-11332,BW-08270910-11332,AUTO,2023-03-11,2028-02-13,278443.44,162208.94,5.28,60,NC,DEBT_CONSOLIDATION,B,5 years,$75k-$100k,LATE_90,113,DeltaServicing,2023-05-10,2026-08-27,PENDING,MANUAL_EXCEL,,VENDOR-TAG-14
LN-08270910-11333,BW-08270910-11333,COMMERCIAL,2024-05-10,2022-05-10,253625.37,40764.8,6.45,120,GA,AUTO_PURCHASE,D,2 years,<$25k,CURRENT,0,DeltaServicing,2023-09-29,2026-08-27,VERIFIED,LOS_ALPHA,,
LN-08270910-11334,BW-08270910-11334,MORTGAGE,2023-12-03,2027-11-12,228213.47,188421.59,10.17,48,WA,AUTO_PURCHASE,F,2 years,<$25k,LATE_30,44,GammaServicing,2024-02-01,2026-08-27,PENDING,LOS_ALPHA,,
LN-08270910-11335,BW-08270910-11335,STUDENT,2023-08-18,2028-07-22,106103.6,37114.21,6.08,60,NC,DEBT_CONSOLIDATION,A,1 year,$50k-$75k,LATE_60,60,ApexServicing,2023-10-17,2026-08-27,PENDING,MANUAL_EXCEL,,
LN-08270910-11336,BW-08270910-11336,MORTGAGE,INVALID_DATE,2033-04-10,73297.93,60630.39,16.37,120,CA,EDUCATION,F,2 years,$75k-$100k,LATE_60,69,ApexServicing,2023-08-01,2026-08-27,PENDING,ORIGINATION_API,,
LN-08270910-11337,BW-08270910-11337,PERSONAL,2023-04-29,2027-04-08,211470.16,18500.5,17.5,48,GA,EDUCATION,F,2 years,$75k-$100k,CURRENT,0,BetaServicing,2023-06-28,2026-08-27,PENDING,MANUAL_EXCEL,,
LN-08270910-11338,BW-08270910-11338,MORTGAGE,2023-09-04,2026-08-19,138875.76,55307.12,16.51,36,NC,DEBT_CONSOLIDATION,B,5 years,$25k-$50k,DEFAULT,326,GammaServicing,2023-11-03,2026-08-27,PENDING,MANUAL_EXCEL,,
LN-08270910-11339,BW-08270910-11339,PERSONAL,2023-02-04,2026-01-19,219297.51,59555.46,5.22,36,OH,AUTO_PURCHASE,E,< 1 year,$50k-$75k,LATE_30,32,BetaServicing,2023-04-05,2026-08-27,PENDING,ORIGINATION_API,,
LN-08270910-11340,BW-08270910-11340,COMMERCIAL,2023-10-14,2053-05-09,133303.31,80561.65,8.89,360,NY,HOME_PURCHASE,F,10+ years,$100k+,CURRENT,0,GammaServicing,2023-12-13,2026-08-27,VERIFIED,MANUAL_EXCEL,EXT-RISK-246,
LN-08270910-11341,BW-08270910-11341,AUTO,2023-07-11,2033-05-19,194950.89,97827.35,13.97,120,TX,HOME_PURCHASE,C,1 year,$100k+,DEFAULT,346,DeltaServicing,2023-09-09,2026-08-27,PENDING,LOS_ALPHA,,
LN-08270910-11342,BW-08270910-11342,AUTO,2023-03-24,2028-02-26,299877.68,198007.7,15.08,60,TX,BUSINESS_EXPANSION,C,< 1 year,<$25k,CLOSED,0,BetaServicing,2023-05-23,2026-08-27,PENDING,LOS_ALPHA,,VENDOR-TAG-22
LN-08270910-11343,BW-08270910-11343,COMMERCIAL,2023-10-16,2025-10-05,274550.11,208569.86,120.0,24,OH,HOME_PURCHASE,C,2 years,$75k-$100k,LATE_90,119,DeltaServicing,2023-12-15,2026-08-27,PENDING,MANUAL_EXCEL,,
LN-08270910-11344,BW-08270910-11344,AUTO,2023-12-18,2053-07-13,291650.79,45000.0,10.72,360,TX,DEBT_CONSOLIDATION,F,10+ years,$100k+,CLOSED,88,ApexServicing,2024-02-16,2026-08-27,PENDING,MANUAL_EXCEL,,VENDOR-TAG-82
LN-08270910-11345,BW-08270910-11345,PERSONAL,2023-09-25,2028-08-29,265920.96,175221.19,8.77,60,NY,BUSINESS_EXPANSION,A,5 years,$100k+,LATE_60,85,BetaServicing,2023-11-24,2026-08-27,PENDING,LOS_ALPHA,,
LN-08270910-11346,BW-08270910-11346,PERSONAL,2023-01-27,2052-08-22,230948.29,149853.14,16.44,360,FL,HOME_PURCHASE,F,10+ years,$25k-$50k,LATE_60,62,GammaServicing,2023-03-28,2026-08-27,PENDING,LOS_ALPHA,,VENDOR-TAG-53
LN-08270910-11347,BW-08270910-11347,PERSONAL,2023-12-25,2053-07-20,27848.69,17029.84,10.12,360,GA,BUSINESS_EXPANSION,F,1 year,$50k-$75k,CLOSED,0,ApexServicing,2024-02-23,2026-08-27,PENDING,SERVICER_CSV,,VENDOR-TAG-49
LN-08270910-11348,BW-08270910-11348,AUTO,2023-07-20,2027-06-29,287676.57,174262.33,11.88,48,NY,DEBT_CONSOLIDATION,C,10+ years,$100k+,DEFAULT,271,GammaServicing,2023-09-18,2026-08-27,PENDING,ORIGINATION_API,,VENDOR-TAG-75
LN-08270910-11349,BW-08270910-11349,COMMERCIAL,2024-05-10,2022-05-10,64876.43,39780.23,10.79,120,CA,AUTO_PURCHASE,D,5 years,$100k+,LATE_30,46,ApexServicing,2024-02-05,2026-08-27,PENDING,ORIGINATION_API,,
LN-08270910-11350,BW-08270910-11350,STUDENT,2023-06-29,2025-06-18,108482.25,45000.0,16.51,24,OH,BUSINESS_EXPANSION,B,1 year,<$25k,CLOSED,0,BetaServicing,2023-08-28,2026-08-27,VERIFIED,MANUAL_EXCEL,,
LN-08270910-11351,BW-08270910-11351,STUDENT,2023-08-29,2053-03-24,150139.4,29081.0,14.99,360,FL,HOME_PURCHASE,F,1 year,$25k-$50k,LATE_90,100,GammaServicing,2023-10-28,2026-08-27,PENDING,ORIGINATION_API,,
LN-08270910-11352,BW-08270910-11352,STUDENT,2023-12-18,2025-12-07,75036.88,18500.5,11.48,24,WA,EDUCATION,B,5 years,$50k-$75k,CURRENT,52,BetaServicing,2024-02-16,2026-08-27,PENDING,SERVICER_CSV,,
LN-08270910-11353,BW-08270910-11353,COMMERCIAL,2023-08-21,2027-07-31,278886.78,209109.28,15.3,48,OH,EDUCATION,E,2 years,$25k-$50k,CLOSED,0,DeltaServicing,2023-10-20,2026-08-27,PENDING,SERVICER_CSV,,
LN-08270910-11354,BW-08270910-11354,MORTGAGE,2023-07-01,2053-01-24,82735.28,66100.76,17.13,360,FL,BUSINESS_EXPANSION,B,< 1 year,$50k-$75k,LATE_30,40,DeltaServicing,2023-08-30,2026-08-27,PENDING,MANUAL_EXCEL,,
LN-08270910-11355,BW-08270910-11355,COMMERCIAL,2023-07-06,2028-06-09,234457.22,51892.98,9.5,60,99,AUTO_PURCHASE,F,< 1 year,$75k-$100k,LATE_30,46,GammaServicing,2023-09-04,2026-08-27,PENDING,SERVICER_CSV,EXT-RISK-371,
LN-08270910-11356,BW-08270910-11356,PERSONAL,2023-09-21,2025-09-10,159186.9,99438.47,7.06,24,OH,HOME_PURCHASE,C,5 years,$75k-$100k,LATE_60,89,DeltaServicing,2023-11-20,2026-08-27,PENDING,MANUAL_EXCEL,,VENDOR-TAG-40
LN-08270910-11357,BW-08270910-11357,MORTGAGE,2023-08-01,2028-07-05,214412.99,126767.72,11.28,60,FL,BUSINESS_EXPANSION,E,< 1 year,$25k-$50k,DEFAULT,305,DeltaServicing,2023-09-30,2026-08-27,PENDING,MANUAL_EXCEL,,
LN-08270910-11358,BW-08270910-11358,AUTO,2023-12-21,2026-12-05,75461.22,29475.71,-5.0,36,GA,AUTO_PURCHASE,F,2 years,<$25k,CLOSED,0,GammaServicing,2024-02-19,2026-08-27,PENDING,SERVICER_CSV,,
LN-08270910-11359,BW-08270910-11359,PERSONAL,2023-07-09,2027-06-18,253949.42,180764.21,6.11,48,GA,EDUCATION,B,10+ years,<$25k,LATE_60,72,BetaServicing,2023-09-07,2026-08-27,NULL,MANUAL_EXCEL,,
LN-08270910-11360,BW-08270910-11360,AUTO,2023-09-20,2028-08-24,46462.08,27752.48,8.43,60,FL,BUSINESS_EXPANSION,D,< 1 year,$50k-$75k,LATE_60,70,DeltaServicing,2023-11-19,2026-08-27,PENDING,MANUAL_EXCEL,,VENDOR-TAG-45
LN-08270910-11361,BW-08270910-11361,PERSONAL,2023-11-01,2053-05-27,246270.83,45000.0,15.33,360,CA,AUTO_PURCHASE,E,10+ years,$75k-$100k,CLOSED,227,ApexServicing,2023-12-31,2026-08-27,PENDING,SERVICER_CSV,,
LN-08270910-11362,BW-08270910-11362,AUTO,2023-05-10,2026-04-24,150415.4,55284.55,15.77,36,OH,HOME_PURCHASE,D,2 years,$25k-$50k,LATE_30,40,GammaServicing,2023-07-09,2026-08-27,PENDING,LOS_ALPHA,,
LN-08270910-11363,BW-08270910-11363,PERSONAL,2023-05-11,2052-12-04,163010.89,45000.0,10.32,360,IL,BUSINESS_EXPANSION,B,< 1 year,$100k+,CLOSED,98,GammaServicing,2023-07-10,2026-08-27,PENDING,ORIGINATION_API,,
LN-08270910-11364,BW-08270910-11364,COMMERCIAL,2023-10-18,2026-10-02,245013.77,134043.81,7.88,36,WA,BUSINESS_EXPANSION,A,< 1 year,$50k-$75k,LATE_90,94,BetaServicing,2023-12-17,2026-08-27,PENDING,LOS_ALPHA,,
LN-08270910-11365,BW-08270910-11365,COMMERCIAL,2023-03-16,2033-01-22,45607.62,29335.77,5.83,120,FL,HOME_PURCHASE,B,2 years,$25k-$50k,DEFAULT,0,ApexServicing,2023-05-15,2026-08-27,PENDING,LOS_ALPHA,,
LN-08270910-11366,BW-08270910-11366,STUDENT,2023-02-16,2032-12-25,15000.0,28500.0,16.73,120,OH,AUTO_PURCHASE,C,5 years,$75k-$100k,CURRENT,0,GammaServicing,2023-04-17,2026-08-27,VERIFIED,ORIGINATION_API,,
LN-08270910-11367,BW-08270910-11367,AUTO,2023-11-30,2025-11-19,127061.22,91073.28,5.94,24,CA,AUTO_PURCHASE,B,2 years,$25k-$50k,DEFAULT,200,ApexServicing,2024-01-29,2026-08-27,PENDING,SERVICER_CSV,EXT-RISK-366,
LN-08270910-11368,BW-08270910-11368,STUDENT,2023-02-07,2025-01-27,109550.96,45000.0,16.49,24,TX,AUTO_PURCHASE,E,< 1 year,$100k+,CLOSED,47,ApexServicing,2023-04-08,2026-08-27,PENDING,ORIGINATION_API,EXT-RISK-610,VENDOR-TAG-97
LN-08270910-11369,BW-08270910-11369,MORTGAGE,2023-06-21,2028-05-25,15735.0,4366.11,16.94,60,IL,BUSINESS_EXPANSION,C,2 years,$25k-$50k,CURRENT,0,GammaServicing,2023-08-20,2026-08-27,MISSING,ORIGINATION_API,,
LN-08270910-11370,BW-08270910-11370,COMMERCIAL,2023-02-12,2052-09-07,125343.89,84512.04,13.07,360,NY,AUTO_PURCHASE,F,10+ years,$50k-$75k,LATE_60,83,GammaServicing,2023-04-13,2026-08-27,PENDING,MANUAL_EXCEL,,
LN-08270910-11371,BW-08270910-11371,AUTO,2023-06-08,2025-05-28,89394.38,63172.31,9.58,24,IL,DEBT_CONSOLIDATION,B,2 years,<$25k,CURRENT,0,BetaServicing,2023-08-07,2026-08-27,VERIFIED,ORIGINATION_API,EXT-RISK-480,
LN-08270910-11372,BW-08270910-11372,COMMERCIAL,2023-02-20,2032-12-29,49822.59,19825.32,9.65,120,CA,HOME_PURCHASE,A,< 1 year,$75k-$100k,CLOSED,0,GammaServicing,2023-04-21,2026-08-27,PENDING,SERVICER_CSV,EXT-RISK-811,
LN-08270910-11373,BW-08270910-11373,PERSONAL,2023-02-16,2028-01-21,251698.16,45000.0,12.81,60,FL,BUSINESS_EXPANSION,F,10+ years,$75k-$100k,CLOSED,0,DeltaServicing,2023-04-17,2026-08-27,VERIFIED,MANUAL_EXCEL,,
LN-08270910-11374,BW-08270910-11374,COMMERCIAL,2023-06-24,2025-06-13,13391.87,5217.81,15.27,24,OH,EDUCATION,E,1 year,<$25k,CURRENT,0,BetaServicing,2023-08-23,2026-08-27,VERIFIED,MANUAL_EXCEL,,
LN-08270910-11375,BW-08270910-11375,AUTO,2023-12-23,2025-12-12,139840.14,45000.0,8.11,24,PA,EDUCATION,E,< 1 year,$75k-$100k,CLOSED,0,BetaServicing,2024-02-21,2026-08-27,PENDING,SERVICER_CSV,,
LN-08270910-11376,BW-08270910-10870,PERSONAL,2023-09-16,2027-03-13,209519.37,85109.16,15.87,48,GA,DEBT_CONSOLIDATION,F,5 years,$50k-$75k,CURRENT,0,ApexServicing,2023-06-02,2026-08-27,VERIFIED,SERVICER_CSV,,
LN-08270910-11377,BW-08270910-11377,PERSONAL,2023-01-29,2052-08-24,78203.13,52040.66,8.49,360,GA,BUSINESS_EXPANSION,A,< 1 year,$100k+,DEFAULT,187,DeltaServicing,2023-03-30,2026-08-27,PENDING,MANUAL_EXCEL,EXT-RISK-355,
LN-08270910-11378,BW-08270910-11378,MORTGAGE,2023-09-06,2025-08-26,222651.65,18500.5,6.37,24,TX,BUSINESS_EXPANSION,D,1 year,$25k-$50k,CURRENT,51,BetaServicing,2023-11-05,2026-08-27,PENDING,ORIGINATION_API,,
LN-08270910-11379,BW-08270910-11379,COMMERCIAL,2023-04-08,2052-11-01,86561.26,36392.34,14.27,360,FL,HOME_PURCHASE,A,5 years,$25k-$50k,CLOSED,0,DeltaServicing,2023-06-07,2026-08-27,PENDING,SERVICER_CSV,,
LN-08270910-11380,BW-08270910-11380,STUDENT,2023-04-21,2025-04-10,211922.67,97026.96,13.12,24,OH,HOME_PURCHASE,D,< 1 year,$25k-$50k,CURRENT,0,DeltaServicing,2023-06-20,2026-08-27,VERIFIED,LOS_ALPHA,EXT-RISK-824,
LN-08270910-11381,BW-08270910-11381,PERSONAL,2023-12-30,2053-07-25,236276.04,135562.68,5.56,360,NY,AUTO_PURCHASE,B,1 year,<$25k,LATE_30,38,GammaServicing,2024-02-28,2026-08-27,PENDING,ORIGINATION_API,EXT-RISK-524,
LN-08270910-11382,BW-08270910-11382,STUDENT,2023-03-29,2027-03-08,192883.92,115108.47,11.22,48,CA,EDUCATION,D,2 years,$100k+,LATE_90,96,ApexServicing,2023-05-28,2026-08-27,PENDING,ORIGINATION_API,,
LN-08270910-11383,BW-08270910-11383,MORTGAGE,2023-07-30,2028-07-03,51209.92,24555.08,9.87,60,GA,BUSINESS_EXPANSION,A,10+ years,$75k-$100k,LATE_60,70,BetaServicing,2023-09-28,2026-08-27,PENDING,LOS_ALPHA,,
LN-08270910-11384,BW-08270910-11384,MORTGAGE,2023-09-29,2027-09-08,202493.55,36562.37,15.61,48,GA,BUSINESS_EXPANSION,B,5 years,$100k+,DEFAULT,123,BetaServicing,2023-11-28,2026-08-27,,SERVICER_CSV,,
LN-08270910-11385,BW-08270910-11385,STUDENT,2023-01-14,2026-12-24,-166310.45,104909.72,10.97,48,NC,HOME_PURCHASE,E,5 years,$75k-$100k,LATE_30,36,ApexServicing,2023-03-15,2026-08-27,PENDING,SERVICER_CSV,,
LN-08270910-11386,BW-08270910-11386,AUTO,2023-02-18,2032-12-27,46769.35,14941.77,12.24,120,WA,EDUCATION,E,< 1 year,$100k+,DEFAULT,149,BetaServicing,2023-04-19,2026-08-27,PENDING,ORIGINATION_API,,
LN-08270910-11387,BW-08270910-11387,COMMERCIAL,2023-02-12,2052-09-07,209395.71,118158.36,14.97,360,WA,BUSINESS_EXPANSION,E,10+ years,<$25k,CLOSED,0,GammaServicing,2023-04-13,2026-08-27,PENDING,LOS_ALPHA,,VENDOR-TAG-81
LN-08270910-11388,BW-08270910-11388,PERSONAL,2023-03-02,2052-09-25,299215.99,92392.78,6.73,360,PA,EDUCATION,D,5 years,$50k-$75k,CURRENT,0,GammaServicing,2023-05-01,2026-08-27,VERIFIED,MANUAL_EXCEL,,
LN-08270910-11389,BW-08270910-11389,AUTO,2023-04-20,2027-03-30,234745.47,171696.37,16.85,48,IL,EDUCATION,C,1 year,<$25k,LATE_90,90,BetaServicing,2023-06-19,2026-08-27,PENDING,LOS_ALPHA,,
LN-08270910-11390,BW-REPEAT-1,PERSONAL,2023-12-26,2028-11-29,13534.72,5193.81,8.21,60,GA,DEBT_CONSOLIDATION,F,5 years,$50k-$75k,CLOSED,0,GammaServicing,2024-02-24,2026-08-27,PENDING,ORIGINATION_API,,
LN-08270910-11391,BW-08270910-11391,MORTGAGE,2023-03-17,2027-02-24,117306.11,70817.4,17.05,48,GA,AUTO_PURCHASE,E,< 1 year,$75k-$100k,LATE_60,81,DeltaServicing,2023-05-16,2026-08-27,PENDING,SERVICER_CSV,,
LN-08270910-11392,BW-08270910-11392,PERSONAL,2023-06-30,2025-06-19,227239.32,99125.28,9.27,24,FL,AUTO_PURCHASE,C,5 years,<$25k,CURRENT,0,BetaServicing,2023-08-29,2026-08-27,VERIFIED,SERVICER_CSV,EXT-RISK-639,
LN-08270910-11393,BW-08270910-11393,PERSONAL,2023-11-12,2033-09-20,175981.54,87781.12,10.3,120,GA,DEBT_CONSOLIDATION,F,10+ years,$100k+,LATE_30,56,ApexServicing,2024-01-11,2026-08-27,PENDING,MANUAL_EXCEL,,
LN-08270910-11394,BW-08270910-11394,MORTGAGE,2023-07-28,2025-07-17,227510.21,96476.89,13.72,24,IL,AUTO_PURCHASE,A,10+ years,$75k-$100k,DEFAULT,307,GammaServicing,2023-09-26,2026-08-27,PENDING,LOS_ALPHA,EXT-RISK-338,
LN-08270910-11395,BW-08270910-11395,COMMERCIAL,2023-07-25,2033-06-02,228724.37,102564.31,10.11,120,IL,EDUCATION,B,5 years,<$25k,DEFAULT,183,GammaServicing,2023-09-23,2026-08-27,PENDING,ORIGINATION_API,,
LN-08270910-11396,BW-08270910-11396,AUTO,2023-12-28,2025-12-17,115480.91,89012.28,6.99,24,TX,BUSINESS_EXPANSION,E,1 year,$50k-$75k,LATE_30,32,DeltaServicing,2024-02-26,2026-08-27,PENDING,MANUAL_EXCEL,,
LN-08270910-11397,BW-08270910-11397,COMMERCIAL,2023-04-03,2026-03-18,70485.02,13590.35,12.94,36,IL,HOME_PURCHASE,D,1 year,$50k-$75k,LATE_90,117,GammaServicing,2023-06-02,2026-08-27,MISSING,MANUAL_EXCEL,EXT-RISK-199,
LN-08270910-11398,BW-08270910-11398,AUTO,2023-01-02,2052-07-28,135155.75,46484.41,10.87,360,NY,AUTO_PURCHASE,F,1 year,$25k-$50k,LATE_30,57,DeltaServicing,2023-03-03,2026-08-27,PENDING,SERVICER_CSV,,
LN-08270910-11399,BW-08270910-11399,COMMERCIAL,2023-12-24,2053-07-19,259003.64,111892.25,12.39,360,PA,HOME_PURCHASE,A,2 years,$100k+,CLOSED,0,BetaServicing,2024-02-22,2026-08-27,PENDING,ORIGINATION_API,,
LN-08270910-11400,BW-08270910-11400,PERSONAL,2023-10-16,2026-09-30,134514.48,109241.43,12.15,36,IL,BUSINESS_EXPANSION,A,2 years,<$25k,LATE_60,61,GammaServicing,2023-12-15,2026-08-27,PENDING,ORIGINATION_API,EXT-RISK-821,
LN-08270910-11401,BW-08270910-11401,COMMERCIAL,2023-07-03,2028-06-06,241643.61,140568.85,10.31,60,TX,DEBT_CONSOLIDATION,B,< 1 year,<$25k,CLOSED,0,ApexServicing,2023-09-01,2026-08-27,PENDING,SERVICER_CSV,,
LN-08270910-11402,BW-08270910-11402,MORTGAGE,2023-08-05,2028-07-09,197340.92,57787.8,5.38,60,OH,BUSINESS_EXPANSION,A,< 1 year,$100k+,LATE_90,93,DeltaServicing,2023-10-04,2026-08-27,PENDING,MANUAL_EXCEL,,
LN-08270910-11403,BW-08270910-11403,MORTGAGE,2023-01-08,2024-12-28,184337.08,44206.28,16.17,24,NC,AUTO_PURCHASE,A,5 years,<$25k,LATE_90,96,BetaServicing,2023-03-09,2026-08-27,PENDING,ORIGINATION_API,,VENDOR-TAG-23
LN-08270910-11404,BW-08270910-11404,PERSONAL,2023-02-23,2027-02-02,56457.08,36354.73,10.03,48,CA,BUSINESS_EXPANSION,B,10+ years,$50k-$75k,LATE_30,35,DeltaServicing,2023-04-24,2026-08-27,PENDING,SERVICER_CSV,EXT-RISK-858,
LN-08270910-11405,BW-08270910-11405,PERSONAL,2023-08-05,2025-07-25,174862.05,18500.5,7.0,24,NC,AUTO_PURCHASE,D,10+ years,$25k-$50k,CURRENT,97,BetaServicing,2023-10-04,2026-08-27,PENDING,LOS_ALPHA,,
LN-08270910-11406,BW-08270910-11406,STUDENT,2023-07-09,2027-06-18,150727.52,106136.25,7.8,48,FL,DEBT_CONSOLIDATION,C,2 years,$25k-$50k,LATE_60,77,BetaServicing,2023-09-07,2026-08-27,PENDING,LOS_ALPHA,,
LN-08270910-11407,BW-08270910-11407,PERSONAL,2023-03-29,2033-02-04,121653.28,90425.86,6.41,120,NC,DEBT_CONSOLIDATION,C,< 1 year,<$25k,LATE_90,92,GammaServicing,2023-05-28,2026-08-27,PENDING,SERVICER_CSV,EXT-RISK-639,VENDOR-TAG-25
LN-08270910-11408,BW-08270910-11408,AUTO,2023-04-20,2027-03-30,53874.17,36742.43,11.87,48,NC,DEBT_CONSOLIDATION,E,10+ years,$100k+,CURRENT,0,GammaServicing,2023-06-19,2026-08-27,VERIFIED,MANUAL_EXCEL,,
LN-08270910-11409,BW-08270910-11409,COMMERCIAL,2023-09-25,2025-09-14,36134.59,9236.01,4.76,24,FL,HOME_PURCHASE,E,1 year,$25k-$50k,LATE_90,92,DeltaServicing,2023-11-24,2026-08-27,PENDING,MANUAL_EXCEL,,VENDOR-TAG-56
LN-08270910-11410,BW-08270910-11410,COMMERCIAL,2023-11-25,2025-11-14,141111.12,53850.21,11.72,24,GA,AUTO_PURCHASE,A,10+ years,$50k-$75k,LATE_30,46,DeltaServicing,2024-01-24,2026-08-27,PENDING,SERVICER_CSV,,
LN-08270910-11411,BW-08270910-11411,PERSONAL,2023-01-20,2025-01-09,75594.21,15532.18,17.91,24,IL,BUSINESS_EXPANSION,D,1 year,$25k-$50k,CLOSED,0,ApexServicing,2023-03-21,2026-08-27,PENDING,LOS_ALPHA,,
LN-08270910-11412,BW-REPEAT-4,PERSONAL,2023-10-15,2033-08-23,128150.99,21344.79,5.05,120,OH,EDUCATION,B,< 1 year,$75k-$100k,LATE_30,46,GammaServicing,2023-12-14,2026-08-27,PENDING,SERVICER_CSV,,
LN-08270910-11413,BW-08270910-11413,AUTO,2023-01-22,2032-11-30,212584.34,18500.5,15.48,120,WA,EDUCATION,A,< 1 year,$75k-$100k,CURRENT,48,DeltaServicing,2023-03-23,2026-08-27,PENDING,MANUAL_EXCEL,,
LN-08270910-11414,BW-08270910-11414,COMMERCIAL,2023-07-05,2025-06-24,299109.25,242001.92,8.58,24,CA,HOME_PURCHASE,C,10+ years,$25k-$50k,DEFAULT,339,DeltaServicing,2023-09-03,2026-08-27,PENDING,SERVICER_CSV,EXT-RISK-388,
LN-08270910-11415,BW-08270910-11415,MORTGAGE,2023-01-09,2024-12-29,144532.46,96495.2,11.11,24,CA,BUSINESS_EXPANSION,D,1 year,$100k+,LATE_90,90,BetaServicing,2023-03-10,2026-08-27,PENDING,SERVICER_CSV,,VENDOR-TAG-22
LN-08270910-11342,BW-08270910-11416,PERSONAL,2023-01-05,2025-12-20,187784.43,34939.11,12.42,36,TX,BUSINESS_EXPANSION,A,10+ years,$75k-$100k,CLOSED,0,ApexServicing,2023-03-06,2026-08-27,PENDING,SERVICER_CSV,EXT-RISK-387,
LN-08270910-11417,BW-08270910-11417,MORTGAGE,2023-05-07,2028-04-10,279846.56,45000.0,13.43,60,FL,EDUCATION,C,2 years,$50k-$75k,CLOSED,251,BetaServicing,2023-07-06,2026-08-27,PENDING,SERVICER_CSV,,
LN-08270910-11418,BW-08270910-11418,AUTO,2023-09-08,2033-07-17,261620.72,124961.75,11.29,120,PA,HOME_PURCHASE,A,5 years,$25k-$50k,LATE_90,93,BetaServicing,2023-11-07,2026-08-27,PENDING,LOS_ALPHA,,
LN-08270910-11419,BW-08270910-11419,MORTGAGE,2023-06-13,2028-05-17,204597.14,87070.4,18.05,60,NY,HOME_PURCHASE,A,10+ years,$75k-$100k,CURRENT,0,ApexServicing,2023-08-12,2026-08-27,VERIFIED,ORIGINATION_API,,
LN-08270910-11420,BW-08270910-11420,MORTGAGE,2023-06-08,2025-05-28,174296.82,72096.78,8.97,24,OH,HOME_PURCHASE,E,2 years,$50k-$75k,CURRENT,0,BetaServicing,2023-08-07,2026-08-27,VERIFIED,ORIGINATION_API,EXT-RISK-893,
LN-08270910-11421,BW-08270910-11421,MORTGAGE,2023-03-20,2027-02-27,160101.28,110509.26,6.41,48,NC,HOME_PURCHASE,B,2 years,<$25k,CURRENT,45,DeltaServicing,2023-05-19,2026-08-27,PENDING,LOS_ALPHA,,
LN-08270910-11422,BW-08270910-11422,AUTO,2023-01-09,2025-12-24,271744.28,45000.0,7.6,36,TX,HOME_PURCHASE,F,10+ years,<$25k,CLOSED,119,DeltaServicing,2023-03-10,2026-08-27,PENDING,SERVICER_CSV,,
LN-08270910-11423,BW-08270910-11423,MORTGAGE,2023-05-11,2025-04-30,47611.04,19437.33,11.75,24,NC,EDUCATION,D,1 year,$25k-$50k,LATE_90,94,GammaServicing,2023-07-10,2026-08-27,PENDING,MANUAL_EXCEL,,
LN-08270910-11424,BW-08270910-11424,STUDENT,2023-05-30,2028-05-03,293873.98,110293.62,6.82,60,NY,BUSINESS_EXPANSION,B,1 year,$50k-$75k,LATE_60,75,DeltaServicing,2023-07-29,2026-08-27,PENDING,SERVICER_CSV,EXT-RISK-579,
LN-08270910-11087,BW-08270910-11425,PERSONAL,2023-06-20,2033-04-28,153254.21,71387.75,5.7,120,OH,AUTO_PURCHASE,B,2 years,$50k-$75k,CURRENT,0,ApexServicing,2023-08-19,2026-08-27,VERIFIED,ORIGINATION_API,,
LN-08270910-11426,BW-REPEAT-1,STUDENT,2023-02-07,2032-12-16,280015.46,120924.28,16.66,120,FL,HOME_PURCHASE,D,5 years,$50k-$75k,DEFAULT,199,ApexServicing,2023-04-08,2026-08-27,PENDING,LOS_ALPHA,,
LN-08270910-11427,BW-08270910-11427,COMMERCIAL,2023-09-28,2027-09-07,49762.83,7523.85,13.42,48,FL,HOME_PURCHASE,A,1 year,$25k-$50k,CLOSED,0,GammaServicing,2023-11-27,2026-08-27,PENDING,SERVICER_CSV,,VENDOR-TAG-62
LN-08270910-11428,BW-08270910-11428,STUDENT,2023-07-29,2033-06-06,95698.62,61330.52,7.26,120,OH,BUSINESS_EXPANSION,A,2 years,<$25k,LATE_60,80,GammaServicing,2023-09-27,2026-08-27,PENDING,MANUAL_EXCEL,,VENDOR-TAG-99
LN-08270910-11429,BW-08270910-11429,STUDENT,2023-09-10,2028-08-14,64117.13,49553.58,5.76,60,IL,HOME_PURCHASE,C,5 years,$75k-$100k,LATE_30,41,GammaServicing,2023-11-09,2026-08-27,PENDING,SERVICER_CSV,,
LN-08270910-11430,BW-08270910-11430,COMMERCIAL,2023-12-24,2033-11-01,298149.48,102742.03,6.64,120,NY,AUTO_PURCHASE,C,5 years,$75k-$100k,CLOSED,0,GammaServicing,2024-02-22,2026-08-27,PENDING,ORIGINATION_API,,
LN-08270910-11431,BW-08270910-11431,STUDENT,2023-11-04,2033-09-12,70207.47,36571.06,5.1,120,OH,HOME_PURCHASE,E,5 years,$50k-$75k,CURRENT,0,DeltaServicing,2024-01-03,2026-08-27,VERIFIED,ORIGINATION_API,,VENDOR-TAG-31
LN-08270910-11432,BW-08270910-11432,PERSONAL,2023-02-01,2027-01-11,155763.81,115803.87,15.22,48,CA,BUSINESS_EXPANSION,C,10+ years,<$25k,LATE_60,0,GammaServicing,2023-04-02,2026-08-27,PENDING,MANUAL_EXCEL,,
LN-08270910-11433,BW-08270910-11433,AUTO,2023-12-01,2033-10-09,299007.49,82940.13,8.02,120,IL,AUTO_PURCHASE,C,10+ years,$100k+,CLOSED,0,BetaServicing,2024-01-30,2026-08-27,PENDING,SERVICER_CSV,,
LN-08270910-11434,BW-08270910-11434,AUTO,2023-03-29,2025-03-18,83518.61,18500.5,14.26,24,WA,BUSINESS_EXPANSION,F,5 years,$75k-$100k,CURRENT,0,GammaServicing,2023-05-28,2026-08-27,PENDING,MANUAL_EXCEL,,VENDOR-TAG-16
LN-08270910-11435,BW-08270910-11435,STUDENT,2023-09-24,2033-08-02,294492.14,130352.73,9.78,120,OH,DEBT_CONSOLIDATION,B,< 1 year,$75k-$100k,LATE_30,52,GammaServicing,2023-11-23,2026-08-27,PENDING,LOS_ALPHA,,
LN-08270910-11436,BW-08270910-11436,COMMERCIAL,2023-11-13,2027-10-23,259499.26,205413.32,15.71,48,GA,EDUCATION,E,2 years,$25k-$50k,LATE_30,55,ApexServicing,2024-01-12,2026-08-27,PENDING,SERVICER_CSV,,
LN-08270910-11437,BW-08270910-11437,STUDENT,2023-08-02,2033-06-10,120205.22,93085.88,11.19,120,XX1,AUTO_PURCHASE,F,5 years,$75k-$100k,LATE_90,105,ApexServicing,2023-10-01,2026-08-27,PENDING,LOS_ALPHA,,
LN-08270910-11438,BW-08270910-11438,AUTO,2023-07-27,2025-07-16,238994.31,102960.89,13.93,24,GA,BUSINESS_EXPANSION,F,10+ years,<$25k,CLOSED,0,BetaServicing,2023-09-25,2026-08-27,PENDING,LOS_ALPHA,EXT-RISK-692,VENDOR-TAG-53
LN-08270910-11439,BW-08270910-11439,PERSONAL,2023-11-17,2025-11-06,243959.58,163071.66,8.12,24,WA,DEBT_CONSOLIDATION,D,5 years,$75k-$100k,CLOSED,0,ApexServicing,2024-01-16,2026-08-27,PENDING,ORIGINATION_API,,VENDOR-TAG-63
LN-08270910-11440,BW-08270910-11440,MORTGAGE,2023-08-27,2025-08-16,-144345.12,109657.21,13.05,24,NY,AUTO_PURCHASE,C,2 years,$100k+,CLOSED,0,GammaServicing,2023-10-26,2026-08-27,PENDING,SERVICER_CSV,,
LN-08270910-11441,BW-08270910-11441,COMMERCIAL,2023-03-11,2025-02-28,90477.77,51286.3,6.25,24,IL,AUTO_PURCHASE,C,2 years,<$25k,LATE_60,65,GammaServicing,2023-05-10,2026-08-27,PENDING,LOS_ALPHA,,VENDOR-TAG-58
LN-08270910-11442,BW-08270910-11442,STUDENT,2023-04-02,2027-03-12,53027.69,19411.05,12.6,48,CA,EDUCATION,D,1 year,$100k+,LATE_90,107,BetaServicing,2023-06-01,2026-08-27,PENDING,ORIGINATION_API,,VENDOR-TAG-36
LN-08270910-10761,BW-08270910-11443,COMMERCIAL,2023-01-01,2027-12-06,134866.3,80729.47,9.03,60,FL,BUSINESS_EXPANSION,E,1 year,<$25k,DEFAULT,199,GammaServicing,2023-03-02,2026-08-27,PENDING,LOS_ALPHA,,
LN-08270910-11444,BW-08270910-11444,MORTGAGE,2023-11-13,2028-10-17,81593.95,48194.63,16.66,60,WA,AUTO_PURCHASE,E,< 1 year,$50k-$75k,DEFAULT,133,ApexServicing,2024-01-12,2026-08-27,PENDING,ORIGINATION_API,,
LN-08270910-11445,BW-08270910-11445,STUDENT,2023-07-05,2026-06-19,15000.0,28500.0,6.66,36,IL,DEBT_CONSOLIDATION,E,5 years,$75k-$100k,CURRENT,0,BetaServicing,2023-09-03,2026-08-27,VERIFIED,LOS_ALPHA,,
LN-08270910-11446,BW-08270910-11446,AUTO,2023-08-02,2027-07-12,15000.0,28500.0,7.73,48,WA,HOME_PURCHASE,A,10+ years,$50k-$75k,CURRENT,0,DeltaServicing,2023-10-01,2026-08-27,VERIFIED,SERVICER_CSV,,
LN-08270910-11447,BW-08270910-11447,MORTGAGE,2023-11-17,2028-10-21,48325.38,30264.91,12.09,60,PA,DEBT_CONSOLIDATION,B,5 years,$50k-$75k,CURRENT,0,GammaServicing,2024-01-16,2026-08-27,VERIFIED,LOS_ALPHA,EXT-RISK-474,VENDOR-TAG-71
LN-08270910-11448,BW-08270910-11448,STUDENT,2023-07-28,2033-06-05,152978.77,18500.5,10.42,120,GA,AUTO_PURCHASE,F,1 year,$25k-$50k,CURRENT,0,DeltaServicing,2023-09-26,2026-08-27,VERIFIED,MANUAL_EXCEL,EXT-RISK-875,
LN-08270910-11449,BW-08270910-11449,PERSONAL,2023-11-05,2027-10-15,113440.96,57139.05,15.15,48,OH,AUTO_PURCHASE,A,10+ years,$100k+,LATE_90,107,ApexServicing,2024-01-04,2026-08-27,PENDING,ORIGINATION_API,,
LN-08270910-11450,BW-08270910-11450,PERSONAL,2023-07-17,2053-02-09,203543.99,50028.47,5.99,360,CA,AUTO_PURCHASE,B,10+ years,$100k+,LATE_30,34,DeltaServicing,2023-09-15,2026-08-27,PENDING,SERVICER_CSV,,
LN-08270910-11451,BW-08270910-11451,STUDENT,2023-01-19,2027-12-24,240152.74,40623.56,15.3,60,FL,DEBT_CONSOLIDATION,A,< 1 year,$50k-$75k,LATE_90,117,ApexServicing,2023-03-20,2026-08-27,PENDING,SERVICER_CSV,,
LN-08270910-11452,BW-08270910-11452,COMMERCIAL,2023-03-10,2033-01-16,223122.39,57281.58,10.1,120,FL,DEBT_CONSOLIDATION,B,10+ years,$75k-$100k,LATE_30,47,GammaServicing,2023-05-09,2020-01-01,PENDING,MANUAL_EXCEL,EXT-RISK-388,VENDOR-TAG-70
LN-08270910-11453,BW-08270910-11453,COMMERCIAL,2023-05-26,2025-05-15,238025.82,197602.7,7.68,24,PA,EDUCATION,E,< 1 year,$100k+,CURRENT,0,ApexServicing,2023-07-25,2026-08-27,VERIFIED,LOS_ALPHA,,
LN-08270910-11454,BW-REPEAT-1,PERSONAL,2023-12-03,2033-10-11,162074.34,59939.11,15.06,120,FL,EDUCATION,B,2 years,$75k-$100k,DEFAULT,121,BetaServicing,2024-02-01,2026-08-27,PENDING,LOS_ALPHA,,
LN-08270910-11455,BW-08270910-11455,MORTGAGE,2023-08-26,2028-07-30,196082.07,100858.61,15.11,60,GA,BUSINESS_EXPANSION,F,10+ years,$50k-$75k,CLOSED,0,DeltaServicing,2023-10-25,2026-08-27,PENDING,SERVICER_CSV,,
LN-08270910-11456,BW-08270910-11456,PERSONAL,2023-01-27,2052-08-22,147618.87,40327.12,17.88,360,NC,EDUCATION,B,10+ years,<$25k,LATE_90,118,DeltaServicing,2023-03-28,2026-08-27,PENDING,LOS_ALPHA,,
LN-08270910-11457,BW-08270910-11457,AUTO,2024-05-10,2022-05-10,148203.42,78874.28,12.95,360,PA,HOME_PURCHASE,D,10+ years,$100k+,DEFAULT,248,DeltaServicing,2023-09-14,2026-08-27,PENDING,ORIGINATION_API,,VENDOR-TAG-47
LN-08270910-11458,BW-08270910-11458,COMMERCIAL,2023-11-19,2026-11-03,124204.92,20404.34,10.73,36,WA,EDUCATION,C,< 1 year,$50k-$75k,LATE_30,44,GammaServicing,2024-01-18,2026-08-27,PENDING,SERVICER_CSV,,
LN-08270910-11459,BW-08270910-11459,STUDENT,2023-06-22,2028-05-26,263201.53,201098.65,8.02,60,NC,DEBT_CONSOLIDATION,B,2 years,$50k-$75k,DEFAULT,0,BetaServicing,2023-08-21,2026-08-27,PENDING,SERVICER_CSV,EXT-RISK-109,
LN-08270910-11460,BW-08270910-11460,AUTO,2023-08-28,2026-08-12,261704.62,44494.61,11.91,36,CA,DEBT_CONSOLIDATION,F,< 1 year,$75k-$100k,CURRENT,0,BetaServicing,2023-10-27,2026-08-27,VERIFIED,ORIGINATION_API,,
LN-08270910-11461,BW-08270910-11461,AUTO,2023-08-02,2028-07-06,223849.75,142020.69,18.06,60,PA,HOME_PURCHASE,C,2 years,$25k-$50k,LATE_60,71,BetaServicing,2023-10-01,2026-08-27,PENDING,SERVICER_CSV,,
LN-08270910-11462,BW-08270910-11309,PERSONAL,2023-05-17,2052-08-05,293422.86,36764.2,10.5,360,WA,AUTO_PURCHASE,F,5 years,$25k-$50k,CURRENT,0,ApexServicing,2023-03-11,2026-08-27,VERIFIED,MANUAL_EXCEL,,
LN-08270910-11463,BW-08270910-11463,AUTO,2023-03-20,2025-03-09,137326.33,112586.92,18.5,24,FL,BUSINESS_EXPANSION,F,2 years,$100k+,CURRENT,0,BetaServicing,2023-05-19,2026-08-27,VERIFIED,SERVICER_CSV,,
LN-08270910-11464,BW-08270910-11464,AUTO,2023-04-20,2025-04-09,202548.26,108263.36,16.93,24,WA,BUSINESS_EXPANSION,C,10+ years,$50k-$75k,LATE_30,59,DeltaServicing,2023-06-19,2026-08-27,PENDING,MANUAL_EXCEL,,
LN-08270910-11465,BW-08270910-11465,PERSONAL,2023-02-18,2032-12-27,160678.25,83337.04,13.55,120,OH,EDUCATION,D,5 years,$75k-$100k,CLOSED,0,ApexServicing,2023-04-19,2026-08-27,PENDING,MANUAL_EXCEL,EXT-RISK-748,
LN-08270910-11466,BW-08270910-11466,MORTGAGE,2023-07-10,2025-06-29,22818.28,13303.45,7.79,24,TX,AUTO_PURCHASE,E,< 1 year,$25k-$50k,LATE_90,111,BetaServicing,2023-09-08,2026-08-27,PENDING,LOS_ALPHA,,VENDOR-TAG-33
LN-08270910-11467,BW-08270910-11467,AUTO,2023-11-22,2033-09-30,76155.91,36177.33,12.09,120,PA,EDUCATION,F,10+ years,$50k-$75k,DEFAULT,248,ApexServicing,2024-01-21,2026-08-27,PENDING,LOS_ALPHA,,
LN-08270910-11468,BW-08270910-11468,AUTO,2023-08-29,2027-08-08,72965.44,15398.85,7.57,48,PA,EDUCATION,C,2 years,$100k+,LATE_30,41,GammaServicing,2023-10-28,2026-08-27,PENDING,ORIGINATION_API,,
LN-08270910-11469,BW-08270910-11469,PERSONAL,2023-09-13,2026-08-28,237798.54,112379.49,4.77,36,CA,HOME_PURCHASE,C,10+ years,$100k+,CLOSED,0,BetaServicing,2023-11-12,2026-08-27,PENDING,ORIGINATION_API,,
LN-08270910-11470,BW-08270910-11470,PERSONAL,2023-04-23,2033-03-01,15000.0,28500.0,13.54,120,CA,AUTO_PURCHASE,F,5 years,$50k-$75k,LATE_30,54,GammaServicing,2023-06-22,2026-08-27,PENDING,MANUAL_EXCEL,EXT-RISK-392,
LN-08270910-11471,BW-08270910-10835,MORTGAGE,2023-01-12,2025-10-22,23206.97,5213.0,11.78,24,FL,EDUCATION,F,1 year,$50k-$75k,CLOSED,0,GammaServicing,2024-01-01,2026-08-27,PENDING,MANUAL_EXCEL,EXT-RISK-299,
,BW-08270910-11472,COMMERCIAL,2023-11-14,2025-11-03,235452.72,193762.3,14.12,24,PA,BUSINESS_EXPANSION,E,< 1 year,<$25k,LATE_30,50,DeltaServicing,2024-01-13,2026-08-27,PENDING,LOS_ALPHA,,
LN-08270910-11473,BW-08270910-11473,PERSONAL,2023-03-02,2033-01-08,166748.62,132035.75,15.19,120,FL,BUSINESS_EXPANSION,E,10+ years,$75k-$100k,LATE_30,53,DeltaServicing,2023-05-01,2026-08-27,PENDING,SERVICER_CSV,,
LN-08270910-11474,BW-08270910-11474,PERSONAL,2023-02-01,2032-12-10,178287.14,76483.26,14.89,120,TX,EDUCATION,E,< 1 year,$75k-$100k,DEFAULT,326,BetaServicing,2023-04-02,2026-08-27,PENDING,MANUAL_EXCEL,EXT-RISK-333,
LN-08270910-11475,BW-08270910-11475,PERSONAL,2023-11-17,2028-10-21,217450.78,184143.49,11.91,60,FL,HOME_PURCHASE,A,5 years,$50k-$75k,LATE_30,31,BetaServicing,2024-01-16,2026-08-27,PENDING,LOS_ALPHA,,
LN-08270910-11476,BW-08270910-11476,PERSONAL,2023-11-21,2033-09-29,40812.15,14447.5,7.09,120,NY,AUTO_PURCHASE,E,1 year,$100k+,LATE_60,62,ApexServicing,2024-01-20,2026-08-27,PENDING,LOS_ALPHA,,VENDOR-TAG-34
LN-08270910-11477,BW-08270910-11477,AUTO,2023-12-12,2033-10-20,120317.14,41682.48,6.4,120,GA,BUSINESS_EXPANSION,F,5 years,$25k-$50k,CLOSED,0,GammaServicing,2024-02-10,2026-08-27,PENDING,ORIGINATION_API,,
LN-08270910-11478,BW-08270910-11478,COMMERCIAL,2023-07-17,2027-06-26,-265762.04,149625.12,16.79,48,GA,HOME_PURCHASE,F,< 1 year,$50k-$75k,CURRENT,0,ApexServicing,2023-09-15,2026-08-27,VERIFIED,LOS_ALPHA,,
LN-08270910-11479,BW-08270910-11479,PERSONAL,2023-10-20,2027-09-29,144534.54,42477.78,4.69,48,GA,EDUCATION,F,2 years,$100k+,CLOSED,0,DeltaServicing,2023-12-19,2026-08-27,PENDING,MANUAL_EXCEL,,
LN-08270910-11480,BW-08270910-11480,PERSONAL,2023-11-11,2028-10-15,148882.7,22360.15,8.58,60,GA,EDUCATION,E,5 years,<$25k,LATE_60,64,GammaServicing,2024-01-10,2026-08-27,PENDING,MANUAL_EXCEL,,
LN-08270910-11481,BW-08270910-11481,AUTO,2023-10-19,2028-09-22,199724.21,162389.07,15.45,60,CA,AUTO_PURCHASE,A,2 years,$75k-$100k,DEFAULT,312,GammaServicing,2023-12-18,2026-08-27,PENDING,ORIGINATION_API,EXT-RISK-733,
LN-08270910-11482,BW-08270910-11482,STUDENT,2023-08-15,2053-03-10,24702.53,4577.71,6.03,360,TX,AUTO_PURCHASE,A,2 years,$75k-$100k,LATE_60,76,BetaServicing,2023-10-14,2026-08-27,PENDING,MANUAL_EXCEL,EXT-RISK-594,
LN-08270910-11483,BW-08270910-11483,STUDENT,2023-11-12,2033-09-20,71927.28,33149.9,15.47,120,CA,EDUCATION,D,1 year,$100k+,LATE_60,87,GammaServicing,2024-01-11,2026-08-27,PENDING,LOS_ALPHA,,
LN-08270910-11484,BW-08270910-11484,PERSONAL,2023-12-14,2027-11-23,226184.37,88980.3,6.26,48,GA,DEBT_CONSOLIDATION,F,10+ years,$75k-$100k,LATE_30,54,ApexServicing,2024-02-12,2026-08-27,PENDING,SERVICER_CSV,,
LN-08270910-11485,BW-08270910-11485,STUDENT,2023-12-04,2026-11-18,281510.76,222032.64,14.03,36,FL,DEBT_CONSOLIDATION,D,5 years,<$25k,LATE_60,67,BetaServicing,2024-02-02,2026-08-27,PENDING,ORIGINATION_API,,
LN-08270910-11486,BW-08270910-10464,AUTO,2023-07-08,2052-12-21,21321.48,146381.56,6.14,360,CA,HOME_PURCHASE,B,< 1 year,$75k-$100k,LATE_30,38,BetaServicing,2023-07-27,2026-08-27,PENDING,SERVICER_CSV,,
LN-08270910-11487,BW-08270910-11487,STUDENT,2023-04-30,2026-04-14,279323.66,83215.18,14.75,36,WA,DEBT_CONSOLIDATION,A,1 year,$75k-$100k,LATE_90,92,DeltaServicing,2023-06-29,2026-08-27,PENDING,SERVICER_CSV,,
LN-08270910-11488,BW-08270910-11488,AUTO,2023-04-14,2028-03-18,241771.95,183684.99,12.23,60,OH,AUTO_PURCHASE,E,< 1 year,$25k-$50k,LATE_60,64,DeltaServicing,2023-06-13,2026-08-27,NULL,SERVICER_CSV,,VENDOR-TAG-96
LN-08270910-11489,BW-08270910-11489,AUTO,2023-04-26,2025-04-15,180845.44,81608.96,16.42,24,FL,EDUCATION,B,< 1 year,$100k+,CURRENT,0,ApexServicing,2023-06-25,2026-08-27,VERIFIED,ORIGINATION_API,,
LN-08270910-11490,BW-REPEAT-4,COMMERCIAL,2023-08-22,2053-03-17,110567.4,32436.47,12.12,360,IL,AUTO_PURCHASE,C,5 years,$75k-$100k,LATE_30,48,ApexServicing,2023-10-21,2026-08-27,PENDING,SERVICER_CSV,,
LN-08270910-11491,BW-08270910-11491,AUTO,2023-01-14,2032-11-22,13858.54,6299.63,16.13,120,ZZ,HOME_PURCHASE,A,< 1 year,$100k+,LATE_30,51,BetaServicing,2023-03-15,2026-08-27,PENDING,ORIGINATION_API,,
LN-08270910-11492,BW-08270910-11492,MORTGAGE,2023-10-09,2053-05-04,119591.59,28368.87,13.84,360,GA,HOME_PURCHASE,C,10+ years,<$25k,LATE_60,66,ApexServicing,2023-12-08,2026-08-27,PENDING,SERVICER_CSV,,
LN-08270910-11493,BW-08270910-11493,AUTO,2023-11-29,2027-11-08,52265.84,22173.98,16.42,48,WA,AUTO_PURCHASE,C,5 years,<$25k,LATE_30,38,ApexServicing,2024-01-28,2026-08-27,PENDING,LOS_ALPHA,,VENDOR-TAG-26
LN-08270910-11494,BW-08270910-11494,STUDENT,2023-10-11,2028-09-14,15000.0,28500.0,9.57,60,TX,DEBT_CONSOLIDATION,D,< 1 year,$100k+,LATE_90,114,ApexServicing,2023-12-10,2026-08-27,PENDING,MANUAL_EXCEL,,
LN-08270910-11495,BW-08270910-11140,PERSONAL,2023-07-21,2027-02-14,24748.17,112876.75,15.57,48,IL,EDUCATION,F,1 year,<$25k,LATE_30,47,GammaServicing,2023-05-06,2026-08-27,PENDING,ORIGINATION_API,EXT-RISK-696,
LN-08270910-11496,BW-08270910-11496,AUTO,2023-09-21,2026-09-05,157419.28,60606.0,4.6,36,WA,HOME_PURCHASE,D,5 years,$75k-$100k,LATE_60,79,BetaServicing,2023-11-20,2026-08-27,PENDING,LOS_ALPHA,EXT-RISK-826,
LN-08270910-11497,BW-08270910-11497,PERSONAL,2023-06-03,2052-12-27,163858.67,43984.19,6.49,360,NY,AUTO_PURCHASE,E,< 1 year,$50k-$75k,CLOSED,0,GammaServicing,2023-08-02,2026-08-27,PENDING,SERVICER_CSV,,VENDOR-TAG-82
LN-08270910-11498,BW-08270910-11498,COMMERCIAL,2023-06-25,2027-06-04,32691.12,14662.07,9.24,48,NC,EDUCATION,A,2 years,$100k+,CLOSED,0,DeltaServicing,2023-08-24,2026-08-27,PENDING,ORIGINATION_API,,
LN-08270910-11499,BW-08270910-11499,MORTGAGE,2023-01-11,2052-08-06,92345.37,51867.41,12.63,360,NY,BUSINESS_EXPANSION,E,2 years,$75k-$100k,LATE_30,52,DeltaServicing,2023-03-12,2026-08-27,PENDING,SERVICER_CSV,,VENDOR-TAG-81
LN-08270910-11500,BW-08270910-11500,MORTGAGE,2023-06-18,2053-01-11,134745.61,105445.07,15.33,360,NC,DEBT_CONSOLIDATION,F,5 years,$75k-$100k,CLOSED,0,GammaServicing,2023-08-17,2026-08-27,PENDING,ORIGINATION_API,,
LN-08270910-11501,BW-08270910-11501,STUDENT,2023-12-01,2026-11-15,142581.41,30696.19,-5.0,36,CA,DEBT_CONSOLIDATION,F,1 year,$25k-$50k,CLOSED,0,ApexServicing,2024-01-30,2026-08-27,PENDING,LOS_ALPHA,,
LN-08270910-11502,BW-08270910-11502,COMMERCIAL,2023-02-16,2052-09-11,64527.69,45928.0,17.95,360,NC,EDUCATION,A,10+ years,$25k-$50k,CLOSED,0,GammaServicing,2023-04-17,2026-08-27,NULL,LOS_ALPHA,,
LN-08270910-11503,BW-08270910-11503,PERSONAL,2023-05-01,2026-04-15,68422.57,30630.16,14.8,36,IL,BUSINESS_EXPANSION,D,2 years,$25k-$50k,LATE_60,80,GammaServicing,2023-06-30,2026-08-27,PENDING,LOS_ALPHA,,
LN-08270910-11504,BW-08270910-11504,AUTO,2023-07-31,2026-07-15,63230.19,25203.84,7.87,36,NY,HOME_PURCHASE,C,5 years,$100k+,CLOSED,0,ApexServicing,2023-09-29,2026-08-27,PENDING,LOS_ALPHA,,
LN-08270910-11505,BW-08270910-11505,STUDENT,2023-01-19,2032-11-27,249904.28,144742.12,9.46,120,NY,BUSINESS_EXPANSION,C,10+ years,$50k-$75k,LATE_90,107,GammaServicing,2023-03-20,2026-08-27,PENDING,ORIGINATION_API,,
LN-08270910-11506,BW-08270910-11506,MORTGAGE,2023-12-09,2028-11-12,288146.62,200739.68,6.96,60,TX,DEBT_CONSOLIDATION,E,10+ years,$25k-$50k,CURRENT,0,BetaServicing,2024-02-07,2026-08-27,VERIFIED,MANUAL_EXCEL,,VENDOR-TAG-45
LN-08270910-11507,BW-08270910-11507,COMMERCIAL,2023-12-05,2033-10-13,188105.67,76468.06,15.08,120,PA,AUTO_PURCHASE,C,1 year,$75k-$100k,CLOSED,0,GammaServicing,2024-02-03,2026-08-27,MISSING,SERVICER_CSV,,
LN-08270910-11508,BW-08270910-11508,MORTGAGE,2023-11-22,2053-06-17,163185.22,120925.02,4.73,360,NC,DEBT_CONSOLIDATION,D,< 1 year,$100k+,LATE_60,73,BetaServicing,2024-01-21,2026-08-27,PENDING,MANUAL_EXCEL,,
LN-08270910-11509,BW-08270910-11509,STUDENT,2023-09-23,2053-04-18,15000.0,28500.0,5.59,360,NC,AUTO_PURCHASE,F,10+ years,<$25k,LATE_60,78,DeltaServicing,2023-11-22,2026-08-27,PENDING,ORIGINATION_API,,
LN-08270910-11510,BW-08270910-11510,PERSONAL,2023-05-13,2025-05-02,280736.44,188001.07,15.05,24,OH,HOME_PURCHASE,E,< 1 year,<$25k,CLOSED,0,BetaServicing,2023-07-12,2026-08-27,PENDING,ORIGINATION_API,EXT-RISK-860,VENDOR-TAG-17
LN-08270910-11511,BW-08270910-11511,PERSONAL,2023-10-01,2033-08-09,96929.8,20786.92,7.47,120,IL,DEBT_CONSOLIDATION,C,10+ years,$25k-$50k,LATE_30,42,BetaServicing,2023-11-30,2026-08-27,PENDING,MANUAL_EXCEL,,VENDOR-TAG-27
LN-08270910-11512,BW-08270910-11512,STUDENT,2023-07-11,2025-06-30,63157.41,47208.51,17.29,24,TX,AUTO_PURCHASE,C,10+ years,<$25k,LATE_60,66,DeltaServicing,2023-09-09,2026-08-27,PENDING,LOS_ALPHA,,
LN-08270910-11513,BW-08270910-11513,MORTGAGE,2023-06-20,2027-05-30,195199.93,55590.64,8.02,48,CA,AUTO_PURCHASE,B,< 1 year,<$25k,CLOSED,0,BetaServicing,2023-08-19,2020-01-01,PENDING,SERVICER_CSV,,
LN-08270910-11514,BW-08270910-11514,MORTGAGE,2023-01-18,2032-11-26,202557.43,165288.05,15.27,120,CA,HOME_PURCHASE,E,2 years,$25k-$50k,LATE_90,104,BetaServicing,2023-03-19,2026-08-27,PENDING,SERVICER_CSV,,
LN-08270910-11515,BW-08270910-11515,PERSONAL,2023-09-18,2053-04-13,281457.34,228034.36,12.4,360,IL,DEBT_CONSOLIDATION,A,5 years,$75k-$100k,DEFAULT,225,DeltaServicing,2023-11-17,2026-08-27,PENDING,MANUAL_EXCEL,,VENDOR-TAG-85
LN-08270910-11516,BW-08270910-11516,MORTGAGE,2023-05-23,2028-04-26,175929.05,122150.83,14.28,60,CA,EDUCATION,F,1 year,$25k-$50k,DEFAULT,243,DeltaServicing,2023-07-22,2026-08-27,PENDING,SERVICER_CSV,,
LN-08270910-11517,BW-08270910-11517,STUDENT,2023-12-07,2025-11-26,231824.07,127608.78,9.71,24,TX,EDUCATION,F,1 year,$100k+,LATE_30,43,BetaServicing,2024-02-05,2026-08-27,PENDING,ORIGINATION_API,,
LN-08270910-11518,BW-08270910-11518,PERSONAL,2023-11-26,2053-06-21,227544.89,96857.54,8.09,360,IL,EDUCATION,C,1 year,$50k-$75k,CURRENT,0,ApexServicing,2024-01-25,2026-08-27,VERIFIED,LOS_ALPHA,,
LN-08270910-11519,BW-08270910-11519,MORTGAGE,2024-05-10,2022-05-10,13216.23,4300.76,4.59,360,IL,BUSINESS_EXPANSION,C,5 years,<$25k,CLOSED,0,ApexServicing,2023-05-01,2026-08-27,PENDING,MANUAL_EXCEL,,
LN-08270910-11520,BW-08270910-11520,MORTGAGE,2023-11-06,2033-09-14,84745.69,65430.5,-5.0,120,PA,BUSINESS_EXPANSION,B,10+ years,$50k-$75k,DEFAULT,199,DeltaServicing,2024-01-05,2026-08-27,PENDING,SERVICER_CSV,,
LN-08270910-11521,BW-08270910-11521,STUDENT,2023-08-03,2026-07-18,132521.19,28360.2,10.32,36,GA,DEBT_CONSOLIDATION,F,1 year,$50k-$75k,DEFAULT,211,GammaServicing,2023-10-02,2026-08-27,PENDING,ORIGINATION_API,,
LN-08270910-11522,BW-08270910-11522,AUTO,2023-11-07,2033-09-15,140579.17,54027.89,6.41,120,FL,AUTO_PURCHASE,B,2 years,$75k-$100k,DEFAULT,0,GammaServicing,2024-01-06,2026-08-27,PENDING,MANUAL_EXCEL,,
LN-08270910-11523,BW-08270910-11523,MORTGAGE,2023-12-22,2028-11-25,103052.47,83927.76,11.33,60,TX,HOME_PURCHASE,E,5 years,$25k-$50k,LATE_90,92,ApexServicing,2024-02-20,2026-08-27,PENDING,ORIGINATION_API,,
LN-08270910-11524,BW-08270910-11524,COMMERCIAL,2023-02-10,2027-01-20,165006.45,126952.39,15.22,48,IL,HOME_PURCHASE,C,1 year,$50k-$75k,CLOSED,0,DeltaServicing,2023-04-11,2026-08-27,PENDING,ORIGINATION_API,,VENDOR-TAG-40
LN-08270910-11525,BW-08270910-11525,MORTGAGE,2023-11-20,2028-10-24,220566.4,151689.29,6.39,60,FL,BUSINESS_EXPANSION,B,2 years,$25k-$50k,CLOSED,0,ApexServicing,2024-01-19,2026-08-27,PENDING,SERVICER_CSV,,
LN-08270910-11526,BW-08270910-11526,STUDENT,2023-03-16,2027-02-23,273840.62,203728.37,16.78,48,IL,AUTO_PURCHASE,D,< 1 year,$100k+,DEFAULT,283,DeltaServicing,2023-05-15,2026-08-27,PENDING,MANUAL_EXCEL,,
LN-08270910-11527,BW-08270910-11527,STUDENT,2023-05-06,2025-04-25,20575.24,10638.64,14.6,24,CA,HOME_PURCHASE,A,1 year,<$25k,CURRENT,0,BetaServicing,2023-07-05,2026-08-27,VERIFIED,ORIGINATION_API,EXT-RISK-782,
LN-08270910-11528,BW-08270910-11528,MORTGAGE,2023-03-16,2028-02-18,34693.59,11211.29,10.59,60,GA,BUSINESS_EXPANSION,C,< 1 year,<$25k,LATE_90,0,ApexServicing,2023-05-15,2026-08-27,PENDING,LOS_ALPHA,,VENDOR-TAG-55
LN-08270910-11529,BW-08270910-11529,PERSONAL,2024-05-10,2022-05-10,274048.93,70462.47,15.07,360,CA,HOME_PURCHASE,B,1 year,$100k+,CURRENT,0,DeltaServicing,2024-01-07,2026-08-27,VERIFIED,LOS_ALPHA,,
LN-08270910-11530,BW-08270910-11530,STUDENT,2023-07-31,2025-07-20,273297.39,70863.6,14.05,24,GA,HOME_PURCHASE,B,5 years,$25k-$50k,DEFAULT,167,BetaServicing,2023-09-29,2026-08-27,PENDING,SERVICER_CSV,,
LN-08270910-11531,BW-08270910-11531,STUDENT,2023-07-03,2026-06-17,54517.07,29090.6,6.78,36,WA,HOME_PURCHASE,A,2 years,<$25k,LATE_90,116,ApexServicing,2023-09-01,2026-08-27,PENDING,ORIGINATION_API,,
LN-08270910-11532,BW-08270910-11532,MORTGAGE,2023-05-16,2033-03-24,197531.13,141666.56,14.68,120,GA,AUTO_PURCHASE,B,2 years,$25k-$50k,LATE_30,37,BetaServicing,2023-07-15,2026-08-27,PENDING,SERVICER_CSV,,
LN-08270910-11533,BW-08270910-11533,MORTGAGE,2023-07-20,2028-06-23,121505.73,20034.69,9.23,60,NC,HOME_PURCHASE,B,< 1 year,$100k+,DEFAULT,209,GammaServicing,2023-09-18,2026-08-27,PENDING,ORIGINATION_API,,
LN-08270910-11534,BW-08270910-11534,COMMERCIAL,2023-06-05,2052-12-29,205827.95,169992.1,11.63,360,FL,AUTO_PURCHASE,D,2 years,$50k-$75k,CLOSED,0,DeltaServicing,2023-08-04,2026-08-27,PENDING,SERVICER_CSV,,
LN-08270910-11535,BW-08270910-11535,COMMERCIAL,2023-07-11,2027-06-20,15137.67,7282.43,13.09,48,WA,AUTO_PURCHASE,D,< 1 year,$25k-$50k,CURRENT,0,BetaServicing,2023-09-09,2026-08-27,VERIFIED,SERVICER_CSV,,
LN-08270910-11536,BW-08270910-11536,PERSONAL,2023-09-23,2027-09-02,126946.05,104453.11,7.84,48,OH,HOME_PURCHASE,E,< 1 year,$50k-$75k,LATE_60,88,BetaServicing,2023-11-22,2026-08-27,PENDING,ORIGINATION_API,,
LN-08270910-11537,BW-08270910-11537,PERSONAL,2023-08-07,2028-07-11,173518.59,49174.12,5.06,60,NC,DEBT_CONSOLIDATION,B,1 year,$100k+,CLOSED,0,DeltaServicing,2023-10-06,2026-08-27,PENDING,LOS_ALPHA,,
LN-08270910-11538,BW-08270910-11538,COMMERCIAL,2023-08-28,2026-08-12,85650.84,37221.9,10.4,36,TX,DEBT_CONSOLIDATION,C,2 years,$100k+,LATE_90,115,DeltaServicing,2023-10-27,2026-08-27,PENDING,LOS_ALPHA,,
LN-08270910-11539,BW-08270910-11539,COMMERCIAL,2023-05-24,2052-12-17,91977.91,18500.5,13.69,360,WA,EDUCATION,B,10+ years,$25k-$50k,CURRENT,58,GammaServicing,2023-07-23,2026-08-27,PENDING,ORIGINATION_API,,
LN-08270910-11540,BW-08270910-11540,AUTO,2023-10-20,2028-09-23,193269.67,79475.98,13.63,60,99,AUTO_PURCHASE,E,< 1 year,$75k-$100k,LATE_90,103,BetaServicing,2023-12-19,2026-08-27,PENDING,MANUAL_EXCEL,,
LN-08270910-11541,BW-08270910-11541,MORTGAGE,2023-09-18,2028-08-22,16826.31,12798.63,11.13,60,OH,AUTO_PURCHASE,D,5 years,$50k-$75k,CLOSED,0,DeltaServicing,2023-11-17,2026-08-27,PENDING,MANUAL_EXCEL,,
LN-08270910-11542,BW-08270910-11542,STUDENT,2023-03-25,2025-03-14,136143.2,76666.77,120.0,24,TX,EDUCATION,A,2 years,<$25k,CLOSED,0,ApexServicing,2023-05-24,2026-08-27,PENDING,MANUAL_EXCEL,,
LN-08270910-11543,BW-08270910-10480,STUDENT,2023-08-22,2026-08-13,71248.25,36959.13,12.35,36,PA,BUSINESS_EXPANSION,F,< 1 year,$25k-$50k,CLOSED,0,DeltaServicing,2023-10-28,2026-08-27,PENDING,LOS_ALPHA,,
LN-08270910-11544,BW-08270910-11544,MORTGAGE,2023-03-18,2033-01-24,205119.58,104153.04,10.92,120,FL,HOME_PURCHASE,B,10+ years,$100k+,CLOSED,0,BetaServicing,2023-05-17,2026-08-27,PENDING,ORIGINATION_API,,
LN-08270910-11545,BW-08270910-11545,MORTGAGE,2023-07-13,2026-06-27,51712.58,13548.55,5.49,36,OH,DEBT_CONSOLIDATION,C,1 year,$100k+,LATE_90,112,ApexServicing,2023-09-11,2026-08-27,PENDING,ORIGINATION_API,,
LN-08270910-11546,BW-08270910-11546,AUTO,2023-10-24,2025-10-13,109904.23,45000.0,10.27,24,NC,DEBT_CONSOLIDATION,C,< 1 year,$75k-$100k,CLOSED,0,BetaServicing,2023-12-23,2026-08-27,PENDING,LOS_ALPHA,,
LN-08270910-11547,BW-08270910-11547,AUTO,2023-12-28,2027-12-07,211620.75,166955.64,17.01,48,CA,EDUCATION,C,5 years,<$25k,CURRENT,0,GammaServicing,2024-02-26,2026-08-27,VERIFIED,MANUAL_EXCEL,,
LN-08270910-11548,BW-08270910-11548,PERSONAL,2023-08-02,2026-07-17,250792.58,48591.97,6.51,36,CA,AUTO_PURCHASE,D,< 1 year,<$25k,LATE_90,114,ApexServicing,2023-10-01,2026-08-27,PENDING,MANUAL_EXCEL,EXT-RISK-795,VENDOR-TAG-53
LN-08270910-11549,BW-08270910-11549,MORTGAGE,2023-05-12,2025-05-01,144214.33,70966.6,14.1,24,OH,AUTO_PURCHASE,E,< 1 year,$25k-$50k,LATE_30,50,DeltaServicing,2023-07-11,2026-08-27,PENDING,MANUAL_EXCEL,,
LN-08270910-11550,BW-08270910-11550,PERSONAL,2023-09-14,2027-08-24,236702.82,126979.68,17.35,48,GA,EDUCATION,E,< 1 year,$50k-$75k,DEFAULT,215,DeltaServicing,2023-11-13,2026-08-27,PENDING,SERVICER_CSV,,
LN-08270910-11551,BW-08270910-11551,MORTGAGE,2023-06-01,2025-05-21,28661.32,16563.96,6.42,24,IL,DEBT_CONSOLIDATION,D,2 years,$25k-$50k,DEFAULT,172,ApexServicing,2023-07-31,2026-08-27,PENDING,ORIGINATION_API,,
LN-08270910-11552,BW-08270910-11552,MORTGAGE,2023-03-26,2027-03-05,263657.31,83811.49,11.2,48,GA,BUSINESS_EXPANSION,B,< 1 year,<$25k,LATE_30,42,GammaServicing,2023-05-25,2026-08-27,PENDING,LOS_ALPHA,,VENDOR-TAG-97
LN-08270910-11553,BW-08270910-11553,COMMERCIAL,2023-01-14,2052-08-09,57810.28,47212.32,14.35,360,ZZ,HOME_PURCHASE,B,1 year,$75k-$100k,LATE_90,100,GammaServicing,2023-03-15,2026-08-27,PENDING,LOS_ALPHA,,
LN-08270910-11554,BW-08270910-11554,MORTGAGE,2023-02-22,2052-09-17,26948.28,19631.85,17.75,360,WA,AUTO_PURCHASE,A,2 years,$50k-$75k,LATE_60,89,ApexServicing,2023-04-23,2026-08-27,PENDING,LOS_ALPHA,,
LN-08270910-11555,BW-08270910-11438,STUDENT,2023-07-27,2053-07-24,238994.31,71469.83,17.8,360,OH,AUTO_PURCHASE,C,1 year,$75k-$100k,LATE_90,104,ApexServicing,2024-02-27,2026-08-27,PENDING,LOS_ALPHA,,
LN-08270910-11556,BW-08270910-11556,PERSONAL,2023-06-04,2033-04-12,85325.87,41251.08,6.2,120,FL,AUTO_PURCHASE,B,< 1 year,$75k-$100k,LATE_90,108,ApexServicing,2023-08-03,2020-01-01,PENDING,ORIGINATION_API,,
LN-08270910-11557,BW-08270910-11557,PERSONAL,2023-09-05,2033-07-14,153664.33,45000.0,17.78,120,GA,AUTO_PURCHASE,E,5 years,$75k-$100k,CLOSED,33,GammaServicing,2023-11-04,2026-08-27,PENDING,ORIGINATION_API,EXT-RISK-736,VENDOR-TAG-54
LN-08270910-11558,BW-08270910-11558,AUTO,2023-05-25,2025-05-14,153978.25,112111.57,6.6,24,GA,EDUCATION,A,< 1 year,$25k-$50k,CURRENT,0,GammaServicing,2023-07-24,2026-08-27,VERIFIED,SERVICER_CSV,,
LN-08270910-11559,BW-08270910-10099,AUTO,2023-05-06,2025-09-15,140303.48,180935.46,6.9,24,NY,AUTO_PURCHASE,D,< 1 year,<$25k,LATE_90,97,GammaServicing,2023-11-25,2026-08-27,PENDING,ORIGINATION_API,,
LN-08270910-11560,BW-08270910-11560,MORTGAGE,2023-04-17,2026-04-01,209954.26,48528.36,10.81,36,NY,DEBT_CONSOLIDATION,F,< 1 year,$75k-$100k,DEFAULT,321,BetaServicing,2023-06-16,2026-08-27,PENDING,SERVICER_CSV,,
LN-08270910-11561,BW-08270910-11561,PERSONAL,2023-01-14,2026-12-24,186341.13,105945.33,13.64,48,WA,EDUCATION,A,< 1 year,$25k-$50k,LATE_90,103,DeltaServicing,2023-03-15,2026-08-27,PENDING,LOS_ALPHA,,
LN-08270910-11562,BW-08270910-11562,COMMERCIAL,2023-01-17,2026-12-27,48164.94,17148.52,11.74,48,IL,HOME_PURCHASE,D,< 1 year,$25k-$50k,DEFAULT,260,ApexServicing,2023-03-18,2026-08-27,PENDING,MANUAL_EXCEL,,
LN-08270910-11563,BW-08270910-11563,COMMERCIAL,2023-12-11,2028-11-14,39534.81,25999.13,6.04,60,IL,EDUCATION,E,5 years,<$25k,CLOSED,0,BetaServicing,2024-02-09,2026-08-27,PENDING,ORIGINATION_API,,
LN-08270910-10586,BW-08270910-11564,COMMERCIAL,2023-08-20,2025-08-09,73558.61,60856.25,5.34,24,GA,DEBT_CONSOLIDATION,B,5 years,$25k-$50k,CLOSED,0,BetaServicing,2023-10-19,2026-08-27,PENDING,LOS_ALPHA,,VENDOR-TAG-42
LN-08270910-11565,BW-08270910-11565,PERSONAL,2023-09-09,2027-08-19,54416.71,43481.46,12.75,48,CA,HOME_PURCHASE,A,< 1 year,$75k-$100k,CURRENT,0,DeltaServicing,2023-11-08,2026-08-27,VERIFIED,ORIGINATION_API,,VENDOR-TAG-34
LN-08270910-11566,BW-08270910-11566,STUDENT,2023-10-19,2053-05-14,249854.23,140699.32,7.74,360,GA,BUSINESS_EXPANSION,C,2 years,<$25k,LATE_60,64,ApexServicing,2023-12-18,2020-01-01,PENDING,LOS_ALPHA,EXT-RISK-840,
LN-08270910-11567,BW-08270910-11567,PERSONAL,2023-04-26,2025-04-15,241403.12,149710.53,13.82,24,FL,AUTO_PURCHASE,C,< 1 year,$50k-$75k,LATE_90,93,ApexServicing,2023-06-25,2026-08-27,PENDING,LOS_ALPHA,,VENDOR-TAG-38
LN-08270910-11568,BW-08270910-11568,AUTO,2024-05-10,2022-05-10,111438.6,80103.47,10.18,48,GA,AUTO_PURCHASE,A,1 year,<$25k,DEFAULT,281,GammaServicing,2023-11-19,2026-08-27,PENDING,SERVICER_CSV,,
LN-08270910-11569,BW-08270910-10650,PERSONAL,2023-12-31,2052-10-29,276286.38,81717.96,5.72,360,NC,AUTO_PURCHASE,F,2 years,$25k-$50k,LATE_90,100,BetaServicing,2023-06-04,2026-08-27,PENDING,MANUAL_EXCEL,,
LN-08270910-11570,BW-08270910-11570,STUDENT,2023-10-15,2028-09-18,60902.06,51688.93,11.71,60,OH,BUSINESS_EXPANSION,E,< 1 year,$100k+,LATE_90,94,GammaServicing,2023-12-14,2026-08-27,PENDING,LOS_ALPHA,,VENDOR-TAG-47
LN-08270910-11571,BW-08270910-11571,MORTGAGE,2023-10-22,2027-10-01,73289.86,30666.86,16.83,48,WA,DEBT_CONSOLIDATION,C,1 year,$100k+,LATE_90,111,BetaServicing,2023-12-21,2026-08-27,PENDING,ORIGINATION_API,EXT-RISK-777,
LN-08270910-11572,BW-08270910-11572,MORTGAGE,2023-12-16,2026-11-30,16447.75,9877.66,6.18,36,OH,HOME_PURCHASE,B,2 years,$50k-$75k,DEFAULT,192,BetaServicing,2024-02-14,2026-08-27,PENDING,MANUAL_EXCEL,,
LN-08270910-11573,BW-08270910-11573,STUDENT,2023-01-07,2026-12-17,75648.54,63720.43,10.65,48,OH,EDUCATION,F,1 year,$100k+,CURRENT,0,GammaServicing,2023-03-08,2026-08-27,VERIFIED,LOS_ALPHA,EXT-RISK-746,
LN-08270910-11574,BW-08270910-11574,AUTO,2023-10-21,2027-09-30,273361.75,188642.41,8.08,48,GA,HOME_PURCHASE,A,5 years,$100k+,LATE_60,64,ApexServicing,2023-12-20,2026-08-27,PENDING,ORIGINATION_API,,
LN-08270910-11575,BW-REPEAT-1,MORTGAGE,2023-02-21,2028-01-26,63735.61,36109.21,12.5,60,WA,EDUCATION,A,2 years,$100k+,LATE_60,89,ApexServicing,2023-04-22,2026-08-27,PENDING,ORIGINATION_API,EXT-RISK-613,
LN-08270910-11576,BW-08270910-11576,AUTO,2023-07-27,2028-06-30,108746.31,51419.11,13.98,60,IL,BUSINESS_EXPANSION,E,1 year,$75k-$100k,CURRENT,0,DeltaServicing,2023-09-25,2026-08-27,VERIFIED,ORIGINATION_API,,
LN-08270910-11577,BW-08270910-11577,PERSONAL,2023-05-28,2052-12-21,239465.78,157763.82,7.73,360,WA,AUTO_PURCHASE,D,10+ years,$25k-$50k,LATE_60,72,DeltaServicing,2023-07-27,2026-08-27,,SERVICER_CSV,,
LN-08270910-11578,BW-08270910-11578,PERSONAL,2023-02-27,2027-02-06,81818.14,67880.69,11.78,48,TX,DEBT_CONSOLIDATION,B,5 years,$100k+,CLOSED,0,DeltaServicing,2023-04-28,2026-08-27,PENDING,MANUAL_EXCEL,EXT-RISK-355,VENDOR-TAG-19
LN-08270910-11579,BW-08270910-11579,PERSONAL,2023-08-14,2026-07-29,207075.88,142150.33,11.7,36,OH,BUSINESS_EXPANSION,C,1 year,$100k+,LATE_90,110,DeltaServicing,2023-10-13,2026-08-27,PENDING,MANUAL_EXCEL,,
LN-08270910-11580,BW-08270910-11580,STUDENT,2023-09-12,2028-08-16,275743.73,157825.65,11.59,60,OH,AUTO_PURCHASE,C,10+ years,$25k-$50k,LATE_60,80,BetaServicing,2023-11-11,2026-08-27,PENDING,ORIGINATION_API,,
LN-08270910-11581,BW-08270910-11581,STUDENT,2023-06-05,2033-04-13,39256.14,10899.56,4.79,120,OH,BUSINESS_EXPANSION,F,10+ years,$25k-$50k,DEFAULT,276,ApexServicing,2023-08-04,2026-08-27,,SERVICER_CSV,,
LN-08270910-11582,BW-08270910-11582,COMMERCIAL,2023-02-01,2032-12-10,160595.88,100210.4,120.0,120,IL,AUTO_PURCHASE,C,< 1 year,<$25k,CURRENT,0,ApexServicing,2023-04-02,2026-08-27,VERIFIED,LOS_ALPHA,,
LN-08270910-11583,BW-08270910-11583,AUTO,2023-12-16,2026-11-30,-242140.8,184010.66,16.9,36,NY,DEBT_CONSOLIDATION,B,2 years,$25k-$50k,LATE_30,56,ApexServicing,2024-02-14,2026-08-27,PENDING,SERVICER_CSV,,VENDOR-TAG-12
LN-08270910-11584,BW-08270910-11584,AUTO,2023-04-25,2026-04-09,120885.45,85288.59,9.83,36,CA,AUTO_PURCHASE,D,1 year,$75k-$100k,LATE_30,32,DeltaServicing,2023-06-24,2026-08-27,PENDING,MANUAL_EXCEL,,
