loan_id,servicer_id,updated_current_balance,updated_payment_status,updated_days_past_due,last_payment_date,servicer_as_of_date,unexpected_audit_flag,servicer_raw_notes
LN-08270910-10001,SERV-01,71172.86,CLOSED,0,2023-08-30,2026-08-27,,
LN-08270910-10002,SERV-02,160452.98,CURRENT,0,2023-03-19,2026-08-27,,Servicer note line 2
LN-08270910-10003,SERV-02,51523.15,LATE_90,97,2023-04-22,2026-08-27,,
LN-08270910-10004,SERV-02,72803.17,DEFAULT,138,2023-06-07,2026-08-27,,
LN-08270910-10004,SERV-01,65774.7,LATE_60,85,2023-04-29,2026-08-27,,Servicer note line 5
LN-08270910-10006,SERV-03,210229.6,LATE_60,84,2024-02-05,2026-08-27,,
LN-08270910-10007,SERV-02,54275.04,CURRENT,0,2023-09-30,2026-08-27,,
LN-08270910-10008,SERV-03,73533.89,LATE_30,49,2023-09-29,2026-08-27,,
LN-08270910-10009,SERV-02,45000.0,CLOSED,84,2023-07-21,2026-08-27,,
LN-08270910-10010,SERV-01,23678.65,LATE_30,55,2024-01-26,2026-08-27,,
LN-08270910-10011,SERV-02,70071.05,CURRENT,0,2023-11-20,2026-08-27,,
LN-08270910-10012,SERV-03,7115.93,CURRENT,0,2023-05-27,2026-08-27,,Servicer note line 12
LN-08270910-10013,SERV-02,45000.0,CLOSED,0,2023-08-27,2026-08-27,,
LN-08270910-10014,SERV-02,107168.68,CLOSED,0,2023-11-11,2026-08-27,,
LN-08270910-10015,SERV-02,12100.0,LATE_45,0,2023-04-28,2026-08-27,,
LN-08270910-10016,SERV-02,54176.27,CURRENT,0,2023-12-10,2026-08-27,,
LN-08270910-10017,SERV-01,62449.81,LATE_60,81,2023-05-18,2026-08-27,AUDIT-FLAG-3,
LN-08270910-10018,SERV-01,89683.03,CURRENT,0,2023-12-12,2026-08-27,,
LN-08270910-10018,SERV-01,89783.03,CURRENT,0,2023-12-12,2026-08-27,,
LN-08270910-10019,SERV-03,60883.5,LATE_30,40,2023-11-14,2026-08-27,,
LN-08270910-10020,SERV-03,136797.56,CLOSED,0,2023-10-05,2026-08-27,,
LN-08270910-10021,SERV-03,24280.53,LATE_30,54,2023-12-10,2026-08-27,,
LN-08270910-10022,SERV-02,6186.97,CURRENT,0,2023-05-08,2026-08-27,,
LN-08270910-10023,SERV-03,99473.96,CURRENT,0,2023-10-11,2026-08-27,,
LN-08270910-10024,SERV-03,5298.62,CLOSED,0,2023-07-12,2026-08-27,,
LN-08270910-10025,SERV-01,36447.26,LATE_30,52,2023-10-04,2026-08-27,,
LN-08270910-10026,SERV-02,190137.51,CLOSED,0,2023-11-28,2026-08-27,AUDIT-FLAG-1,
LN-08270910-10027,SERV-03,91635.27,LATE_30,42,2023-03-20,2026-08-27,,
LN-08270910-10028,SERV-02,100034.79,LATE_90,117,2023-09-22,2026-08-27,,
LN-08270910-10029,SERV-03,110535.01,LATE_30,48,2023-08-04,2026-08-27,,Servicer note line 29
LN-08270910-10030,SERV-01,20970.75,LATE_30,46,2023-08-29,2026-08-27,,
LN-08270910-10031,SERV-03,160775.29,CURRENT,0,2024-01-10,2026-08-27,,
LN-08270910-10032,SERV-02,75439.56,LATE_30,51,2023-08-30,2026-08-27,AUDIT-FLAG-2,Servicer note line 32
LN-08270910-10033,SERV-02,174875.47,LATE_90,91,2023-06-04,2026-08-27,,
LN-08270910-10034,SERV-01,32509.78,LATE_90,96,2023-04-20,2026-08-27,,Servicer note line 34
LN-08270910-10035,SERV-03,84298.02,CURRENT,0,2023-12-10,2026-08-27,,
LN-08270910-10036,SERV-03,9246.9,CLOSED,0,2023-03-24,2026-08-27,,Servicer note line 36
LN-08270910-10037,SERV-01,164764.43,CLOSED,0,2023-05-09,2026-08-27,AUDIT-FLAG-3,
LN-08270910-10038,SERV-01,95068.46,CURRENT,0,2023-12-08,2026-08-27,,Servicer note line 38
LN-08270910-10039,SERV-01,175018.1,LATE_60,73,2023-09-19,2026-08-27,,Servicer note line 39
LN-08270910-10040,SERV-03,8501.81,LATE_30,35,2024-01-02,2026-08-27,,
LN-08270910-10041,SERV-02,79995.11,LATE_60,68,2023-10-17,2026-08-27,,Servicer note line 41
LN-08270910-10042,SERV-01,-128370.96,LATE_30,58,2023-09-15,2026-08-27,,Servicer note line 42
LN-08270910-10043,SERV-02,31723.47,CLOSED,0,2023-12-02,2026-08-27,,
LN-08270910-10043,SERV-02,31823.47,CLOSED,0,2023-12-02,2026-08-27,,
LN-08270910-10044,SERV-03,45000.0,CLOSED,54,2023-09-15,2026-08-27,,
LN-08270910-10045,SERV-02,167150.49,DEFAULT,337,2024-01-12,2026-08-27,,
LN-08270910-10046,SERV-03,73293.26,DEFAULT,147,2023-12-16,2026-08-27,,
LN-08270910-10048,SERV-02,46303.19,LATE_30,36,2023-10-19,2026-08-27,AUDIT-FLAG-5,
LN-08270910-10049,SERV-02,45000.0,CLOSED,72,2023-10-30,2026-08-27,AUDIT-FLAG-5,
LN-08270910-10050,SERV-01,175696.41,CURRENT,0,2023-06-24,2026-08-27,,
LN-08270910-10051,SERV-01,47728.19,LATE_30,40,2024-01-02,2026-08-27,,
LN-08270910-10052,SERV-01,30027.63,CURRENT,0,INVALID_DATE,2026-08-27,,
LN-08270910-10053,SERV-02,77935.99,DEFAULT,172,2024-02-28,2026-08-27,,
LN-08270910-10054,SERV-02,32070.45,LATE_30,56,2023-10-10,2026-08-27,,
LN-08270910-10055,SERV-01,25727.27,CLOSED,0,2023-08-08,2026-08-27,AUDIT-FLAG-3,Servicer note line 55
LN-08270910-10056,SERV-01,104024.5,CLOSED,0,2023-03-23,2026-08-27,,
LN-08270910-10057,SERV-01,184154.17,LATE_30,32,2023-09-16,2026-08-27,,
LN-08270910-10058,SERV-02,156799.65,CLOSED,0,2023-11-14,2026-08-27,AUDIT-FLAG-4,Servicer note line 58
LN-08270910-10059,SERV-02,37020.69,DEFAULT,297,2024-02-09,2026-08-27,,
LN-08270910-10037,SERV-02,45539.11,LATE_90,105,2023-06-30,2026-08-27,,
LN-08270910-10061,SERV-01,55721.41,LATE_30,53,2023-05-07,2026-08-27,,Servicer note line 61
LN-08270910-10062,SERV-02,202805.82,CURRENT,0,2023-07-25,2026-08-27,,
LN-08270910-10063,SERV-03,141461.04,CURRENT,0,2023-10-04,2026-08-27,,
LN-08270910-10064,SERV-03,13769.25,CLOSED,0,2024-02-18,2026-08-27,,
LN-08270910-10065,SERV-03,127936.22,DEFAULT,146,2023-09-24,2026-08-27,,
LN-08270910-10066,SERV-01,57899.61,CLOSED,0,2023-05-11,2026-08-27,,
LN-08270910-10067,SERV-03,103111.58,DEFAULT,336,2023-11-07,2026-08-27,,
LN-08270910-10068,SERV-02,50611.2,LATE_60,65,2023-06-08,2026-08-27,,
LN-08270910-10069,SERV-02,119842.62,LATE_30,52,2023-03-03,2026-08-27,AUDIT-FLAG-5,
LN-08270910-10070,SERV-03,87100.88,CURRENT,0,2023-10-05,2026-08-27,,Servicer note line 70
LN-08270910-10071,SERV-02,47770.01,CLOSED,0,2023-05-09,2026-08-27,,
LN-08270910-10072,SERV-02,28500.0,CURRENT,0,2023-07-06,2026-08-27,AUDIT-FLAG-3,
LN-08270910-10073,SERV-01,140504.87,CURRENT,0,2023-05-03,2026-08-27,AUDIT-FLAG-5,
LN-08270910-10074,SERV-02,56837.44,LATE_90,103,2023-04-24,2026-08-27,,
LN-08270910-10075,SERV-01,73994.94,DEFAULT,151,2023-12-02,2026-08-27,,
LN-08270910-10075,SERV-01,74094.94,DEFAULT,151,2023-12-02,2026-08-27,,
LN-08270910-10076,SERV-01,37878.6,CURRENT,0,2023-03-14,2026-08-27,,
LN-08270910-10077,SERV-01,91858.1,LATE_60,77,2024-01-27,2026-08-27,AUDIT-FLAG-4,
LN-08270910-10078,SERV-02,140753.82,DEFAULT,343,2023-10-27,2026-08-27,,Servicer note line 78
LN-08270910-10079,SERV-02,43606.54,LATE_60,60,2023-04-20,2026-08-27,,
LN-08270910-10080,SERV-01,11597.03,CLOSED,0,2023-09-19,2026-08-27,AUDIT-FLAG-1,
LN-08270910-10081,SERV-03,62211.34,LATE_60,61,2023-03-13,2026-08-27,,
LN-08270910-10082,SERV-01,21427.51,LATE_30,32,2023-08-15,2026-08-27,,
LN-08270910-10083,SERV-01,31407.66,CURRENT,0,2023-06-03,2026-08-27,AUDIT-FLAG-4,
LN-08270910-10084,SERV-03,28500.0,DEFAULT,166,2023-05-16,2026-08-27,AUDIT-FLAG-5,
LN-08270910-10085,SERV-01,61305.22,LATE_60,75,2023-12-11,2026-08-27,,
LN-08270910-10086,SERV-02,79974.54,LATE_30,40,2023-12-09,2026-08-27,,
LN-08270910-10087,SERV-01,131573.19,LATE_60,60,2023-03-23,2026-08-27,,
LN-08270910-10088,SERV-03,84694.11,LATE_30,35,2023-09-05,2026-08-27,AUDIT-FLAG-1,Servicer note line 88
LN-08270910-10089,SERV-01,72330.21,CLOSED,0,2023-11-01,2026-08-27,,
LN-08270910-10090,SERV-02,48824.57,DEFAULT,346,2023-03-12,2026-08-27,,
LN-08270910-10091,SERV-03,75965.95,LATE_90,108,2023-03-26,2026-08-27,,Servicer note line 91
LN-08270910-10092,SERV-01,123575.63,LATE_90,0,2023-04-12,2026-08-27,AUDIT-FLAG-3,
LN-08270910-10093,SERV-02,24807.43,CURRENT,0,2023-09-20,2026-08-27,AUDIT-FLAG-2,
LN-08270910-10094,SERV-03,111845.69,LATE_90,95,2023-07-06,2026-08-27,AUDIT-FLAG-2,
LN-08270910-10095,SERV-01,45000.0,CLOSED,82,2023-10-22,2026-08-27,,
LN-08270910-10096,SERV-03,114145.05,DEFAULT,177,2023-12-31,2026-08-27,,Servicer note line 96
LN-08270910-10097,SERV-01,40511.22,LATE_60,63,2023-04-07,2026-08-27,,
LN-08270910-10098,SERV-02,42443.58,LATE_30,52,2023-12-03,2026-08-27,AUDIT-FLAG-3,
LN-08270910-10099,SERV-01,105449.19,CURRENT,0,2023-07-05,2026-08-27,,
LN-08270910-10100,SERV-02,18952.79,LATE_90,90,2023-08-08,2026-08-27,,
LN-08270910-10101,SERV-03,52522.97,LATE_60,79,2023-08-19,2026-08-27,,Servicer note line 101
LN-08270910-10102,SERV-02,60574.94,CLOSED,0,2023-10-12,2026-08-27,,Servicer note line 102
LN-08270910-10103,SERV-03,15149.27,LATE_90,104,2023-09-22,2026-08-27,,
LN-08270910-10104,SERV-01,127244.98,CLOSED,0,2023-07-08,2026-08-27,,
LN-08270910-10105,SERV-03,28334.97,LATE_60,76,2023-05-08,2026-08-27,,
LN-08270910-10106,SERV-03,28934.3,CLOSED,0,2023-10-24,2026-08-27,AUDIT-FLAG-2,
LN-08270910-10107,SERV-03,39998.82,LATE_30,37,2023-04-14,2026-08-27,AUDIT-FLAG-2,Servicer note line 107
LN-08270910-10108,SERV-02,67822.17,CURRENT,0,2023-03-20,2026-08-27,,
LN-08270910-10109,SERV-01,18981.61,LATE_60,61,2023-04-03,2026-08-27,,
LN-08270910-10110,SERV-03,70898.7,LATE_60,63,2023-10-02,2026-08-27,,
LN-08270910-10111,SERV-01,98930.69,LATE_60,82,2024-01-15,2026-08-27,,
LN-08270910-10112,SERV-03,109113.36,LATE_60,82,2023-03-10,2026-08-27,,
LN-08270910-10113,SERV-03,68470.88,CURRENT,0,2023-10-16,2026-08-27,,
LN-08270910-10114,SERV-02,28500.0,LATE_60,63,2023-05-24,2026-08-27,,
LN-08270910-10115,SERV-01,60219.43,DEFAULT,234,2024-13-45,2026-08-27,AUDIT-FLAG-3,Servicer note line 115
LN-08270910-10116,SERV-03,20431.9,DEFAULT,149,2023-12-19,2026-08-27,,
LN-08270910-10117,SERV-02,49465.74,LATE_90,114,2023-11-04,2026-08-27,,
LN-08270910-10118,SERV-03,55600.18,CLOSED,0,2024-01-18,2026-08-27,,
LN-08270910-10119,SERV-02,77796.49,LATE_90,30,2023-06-15,2026-08-27,,
LN-08270910-10120,SERV-03,7376.62,CURRENT,0,2023-10-10,2026-08-27,,
LN-08270910-10121,SERV-02,212112.73,LATE_30,59,2023-12-11,2026-08-27,,
LN-08270910-10122,SERV-01,99829.29,CURRENT,0,2023-07-19,2026-08-27,,Servicer note line 122
LN-08270910-10123,SERV-03,23829.42,LATE_60,86,2024-01-06,2026-08-27,,
LN-08270910-10124,SERV-01,31660.84,DEFAULT,339,2023-09-21,2026-08-27,AUDIT-FLAG-3,
LN-08270910-10125,SERV-02,5739.03,CURRENT,0,2023-12-08,2026-08-27,AUDIT-FLAG-4,
LN-08270910-10126,SERV-03,9293.53,LATE_90,104,2023-08-26,2026-08-27,,
LN-08270910-10127,SERV-02,74388.69,CLOSED,0,2023-05-13,2026-08-27,,Servicer note line 127
LN-08270910-10128,SERV-01,37510.6,DEFAULT,145,2023-08-18,2026-08-27,AUDIT-FLAG-2,
LN-08270910-10129,SERV-01,40000.26,LATE_90,92,2023-08-22,2026-08-27,,Servicer note line 129
LN-08270910-10130,SERV-01,27389.88,CURRENT,0,2023-11-08,2026-08-27,,
LN-08270910-10131,SERV-03,145346.95,LATE_60,67,2023-09-23,2026-08-27,AUDIT-FLAG-1,
LN-08270910-10132,SERV-02,18736.12,LATE_90,107,2023-03-31,2026-08-27,,
LN-08270910-10133,SERV-01,55633.58,LATE_30,48,2023-06-27,2026-08-27,,
LN-08270910-10134,SERV-01,113792.99,LATE_90,119,2023-06-21,2026-08-27,,Servicer note line 134
LN-08270910-10135,SERV-02,83741.25,CURRENT,0,2023-05-14,2026-08-27,AUDIT-FLAG-5,
LN-08270910-10136,SERV-02,27967.03,LATE_90,119,2023-07-04,2026-08-27,,
LN-08270910-10137,SERV-02,28636.44,LATE_30,47,2023-09-17,2026-08-27,,
LN-08270910-10138,SERV-02,188429.97,CLOSED,0,2024-02-19,2026-08-27,,
LN-08270910-10139,SERV-02,115977.35,LATE_30,54,2023-12-20,2026-08-27,,
LN-08270910-10140,SERV-01,25390.74,DEFAULT,338,2023-04-15,2026-08-27,,
LN-08270910-10141,SERV-01,27370.3,CURRENT,0,2024-02-06,2026-08-27,AUDIT-FLAG-3,
LN-08270910-10142,SERV-02,26936.73,CURRENT,0,2023-04-02,2026-08-27,,
LN-08270910-10143,SERV-02,108763.54,CURRENT,45,2023-11-19,2026-08-27,AUDIT-FLAG-5,
LN-08270910-10144,SERV-03,195152.09,CLOSED,0,2024-01-13,2026-08-27,,
LN-08270910-10145,SERV-02,78570.38,CLOSED,0,2023-11-12,2026-08-27,,
LN-08270910-10146,SERV-02,11700.1,LATE_90,96,2023-10-28,2026-08-27,,
LN-08270910-10147,SERV-03,26765.47,LATE_30,55,2024-01-22,2026-08-27,AUDIT-FLAG-4,Servicer note line 147
LN-08270910-10148,SERV-03,35546.57,CURRENT,0,2023-06-11,2026-08-27,,
LN-08270910-10149,SERV-03,103463.33,LATE_30,39,2024.05.10,2026-08-27,,
LN-08270910-10150,SERV-02,125262.67,LATE_30,57,2024-01-29,2026-08-27,,
LN-08270910-10151,SERV-03,93643.97,LATE_60,69,2023-08-31,2026-08-27,,
LN-08270910-10152,SERV-02,55562.28,LATE_60,76,2023-08-12,2026-08-27,AUDIT-FLAG-4,
LN-08270910-10153,SERV-01,121085.07,CURRENT,0,2024-01-04,2026-08-27,AUDIT-FLAG-5,
LN-08270910-10154,SERV-03,149470.86,DEFAULT,199,2023-11-25,2026-08-27,,
LN-08270910-10154,SERV-03,149570.86,DEFAULT,199,2023-11-25,2026-08-27,,
LN-08270910-10155,SERV-02,219677.65,DEFAULT,356,2023-08-19,2026-08-27,,
LN-08270910-10157,SERV-01,181467.06,CURRENT,0,2023-10-04,2026-08-27,,
LN-08270910-10158,SERV-02,156224.21,CLOSED,0,2024-01-11,2026-08-27,,Servicer note line 158
LN-08270910-10159,SERV-01,18837.22,CURRENT,0,2023-05-09,2026-08-27,,
LN-08270910-10160,SERV-02,56781.43,LATE_90,111,2023-07-17,2026-08-27,,
LN-08270910-10161,SERV-02,52197.32,DEFAULT,242,2023-06-14,2026-08-27,,
LN-08270910-10162,SERV-02,63949.43,CLOSED,0,2023-10-21,2026-08-27,,Servicer note line 162
LN-08270910-10163,SERV-01,20637.24,DEFAULT,266,2023-09-22,2026-08-27,AUDIT-FLAG-5,
LN-08270910-10164,SERV-01,168962.5,LATE_60,71,2023-08-15,2026-08-27,,
LN-08270910-10165,SERV-03,63471.43,DEFAULT,211,2024-01-17,2026-08-27,AUDIT-FLAG-2,
LN-08270910-10166,SERV-01,14348.73,DEFAULT,247,2023-10-01,2026-08-27,,
LN-08270910-10167,SERV-03,90428.41,CURRENT,0,2023-08-13,2026-08-27,,
LN-08270910-10168,SERV-02,42837.67,CURRENT,0,2024-02-08,2026-08-27,,
LN-08270910-10169,SERV-02,117018.46,LATE_60,88,2023-10-25,2026-08-27,,
,SERV-01,13930.92,LATE_60,85,2023-08-03,2026-08-27,,
LN-08270910-10171,SERV-02,9983.98,LATE_90,94,2024.05.10,2026-08-27,,
LN-08270910-10172,SERV-01,57669.15,LATE_30,53,2023-07-21,2026-08-27,AUDIT-FLAG-3,Servicer note line 172
LN-08270910-10173,SERV-03,172981.74,CURRENT,0,2023-08-14,2026-08-27,,
LN-08270910-10174,SERV-03,27740.48,LATE_90,118,2023-07-16,2026-08-27,AUDIT-FLAG-1,
LN-08270910-10175,SERV-03,104950.65,LATE_30,58,2023-03-27,2026-08-27,AUDIT-FLAG-4,
LN-08270910-10176,SERV-03,84504.14,CURRENT,0,2023-08-30,2026-08-27,,Servicer note line 176
LN-08270910-10177,SERV-02,38679.99,LATE_60,85,2024-02-22,2026-08-27,,Servicer note line 177
LN-08270910-10082,SERV-01,154941.81,LATE_30,50,2023-04-26,2026-08-27,,
LN-08270910-10180,SERV-02,190649.44,LATE_60,60,2023-06-20,2026-08-27,AUDIT-FLAG-1,
LN-08270910-10181,SERV-01,164894.18,CURRENT,0,2023-08-29,2026-08-27,,
LN-08270910-10182,SERV-03,56510.77,LATE_60,77,2023-07-25,2026-08-27,,
LN-08270910-10183,SERV-02,81485.64,LATE_90,91,2023-06-05,2026-08-27,,
LN-08270910-10184,SERV-03,73313.9,LATE_60,64,2023-11-16,2026-08-27,,
LN-08270910-10185,SERV-01,168463.6,CURRENT,0,2024-02-25,2026-08-27,,
LN-08270910-10186,SERV-02,24654.02,CURRENT,0,2023-03-14,2026-08-27,,Servicer note line 186
LN-08270910-10187,SERV-01,39007.35,DEFAULT,245,2023-06-24,2026-08-27,,
LN-08270910-10188,SERV-01,101146.39,CLOSED,0,2023-11-10,2026-08-27,,
LN-08270910-10189,SERV-01,12100.0,LATE_45,32,2023-04-23,2026-08-27,AUDIT-FLAG-5,Servicer note line 189
LN-08270910-10190,SERV-01,156542.52,LATE_60,86,2023-09-12,2026-08-27,,
LN-08270910-10191,SERV-03,32778.21,DEFAULT,125,2023-05-27,2026-08-27,,
LN-08270910-10191,SERV-03,32878.21,DEFAULT,125,2023-05-27,2026-08-27,,
LN-08270910-10192,SERV-02,30703.93,DEFAULT,318,2023-10-06,2026-08-27,AUDIT-FLAG-3,
LN-08270910-10193,SERV-02,86250.29,LATE_90,106,2023-03-12,2026-08-27,,Servicer note line 193
LN-08270910-10194,SERV-01,89536.37,LATE_60,64,2023-05-19,2026-08-27,,
LN-08270910-10195,SERV-02,26497.48,LATE_30,43,2023-03-12,2026-08-27,,
LN-08270910-10196,SERV-02,14231.29,DEFAULT,231,2024-01-13,2026-08-27,,
LN-08270910-10197,SERV-03,67233.13,CLOSED,0,2023-07-21,2026-08-27,AUDIT-FLAG-4,
LN-08270910-10198,SERV-01,112141.56,CURRENT,0,2023-10-31,2026-08-27,,
LN-08270910-10199,SERV-03,20084.73,CURRENT,0,2023-09-06,2026-08-27,,
LN-08270910-10200,SERV-02,153188.51,DEFAULT,309,2023-06-09,2026-08-27,,Servicer note line 200
LN-08270910-10201,SERV-03,100806.49,CURRENT,0,2023-06-27,2026-08-27,AUDIT-FLAG-1,
LN-08270910-10202,SERV-02,5411.23,DEFAULT,165,2024-01-22,2026-08-27,,
LN-08270910-10203,SERV-01,47896.71,LATE_60,71,2023-04-28,2026-08-27,,
LN-08270910-10204,SERV-01,-27879.4,DEFAULT,257,2023-10-08,2026-08-27,,
LN-08270910-10205,SERV-01,27554.84,DEFAULT,159,2023-11-01,2026-08-27,,
LN-08270910-10206,SERV-02,127744.11,LATE_90,112,2023-09-20,2026-08-27,,
LN-08270910-10207,SERV-03,15325.38,LATE_30,57,2023-05-11,2026-08-27,,
LN-08270910-10208,SERV-02,113314.56,LATE_60,66,2023-11-16,2026-08-27,,
LN-08270910-10209,SERV-03,21802.85,LATE_30,42,2023-07-09,2026-08-27,,Servicer note line 209
LN-08270910-10210,SERV-01,28500.0,CLOSED,0,2023-08-26,2026-08-27,,
LN-08270910-10211,SERV-03,64483.99,CURRENT,0,2023-07-18,2026-08-27,,
LN-08270910-10212,SERV-02,43650.86,LATE_30,41,2023-05-23,2026-08-27,,Servicer note line 212
LN-08270910-10213,SERV-02,30244.41,LATE_60,74,2023-12-06,2026-08-27,,
LN-08270910-10214,SERV-01,13861.22,CURRENT,0,2023-09-03,2026-08-27,,
LN-08270910-10215,SERV-01,100802.27,DEFAULT,215,2023-08-02,2026-08-27,,
LN-08270910-10216,SERV-01,82335.68,DEFAULT,291,2023-08-20,2026-08-27,,
LN-08270910-10216,SERV-01,82435.68,DEFAULT,291,2023-08-20,2026-08-27,,
LN-08270910-10217,SERV-02,78888.59,CURRENT,0,2023-11-15,2026-08-27,AUDIT-FLAG-1,Servicer note line 217
LN-08270910-10218,SERV-01,135309.42,LATE_30,50,2023-10-23,2026-08-27,,
LN-08270910-10219,SERV-03,107516.64,DEFAULT,184,2023-09-17,2026-08-27,,Servicer note line 219
LN-08270910-10220,SERV-02,162133.79,DEFAULT,148,2023-08-11,2026-08-27,,
LN-08270910-10221,SERV-02,187191.97,DEFAULT,279,2024-01-24,2026-08-27,,
LN-08270910-10222,SERV-03,153094.65,CURRENT,0,2023-03-29,2026-08-27,,
LN-08270910-10223,SERV-03,140630.56,LATE_90,97,2023-08-07,2026-08-27,,Servicer note line 223
LN-08270910-10224,SERV-01,18375.08,LATE_30,32,2023-04-22,2026-08-27,AUDIT-FLAG-5,
LN-08270910-10225,SERV-02,38362.85,CURRENT,0,2023-11-14,2026-08-27,,
LN-08270910-10226,SERV-03,241336.77,CLOSED,0,2023-11-10,2026-08-27,,
LN-08270910-10227,SERV-02,12100.0,LATE_45,0,2023-12-25,2026-08-27,,
LN-08270910-10228,SERV-01,-27147.83,CLOSED,0,2023-05-31,2026-08-27,,
LN-08270910-10229,SERV-02,85855.96,CLOSED,0,2023-08-21,2026-08-27,,Servicer note line 229
LN-08270910-10230,SERV-03,110049.94,CLOSED,0,2023-08-01,2026-08-27,,
LN-08270910-10231,SERV-01,72508.95,LATE_90,109,2023-06-05,2026-08-27,,
LN-08270910-10232,SERV-03,53170.26,DEFAULT,140,2024-02-20,2026-08-27,,Servicer note line 232
LN-08270910-10233,SERV-03,72553.61,LATE_60,83,2023-04-27,2026-08-27,,
LN-08270910-10234,SERV-01,13152.7,DEFAULT,346,2023-10-14,2026-08-27,,
LN-08270910-10235,SERV-02,12100.0,LATE_45,95,2023-04-02,2026-08-27,,Servicer note line 235
LN-08270910-10236,SERV-03,88116.1,LATE_90,110,2023-07-05,2026-08-27,AUDIT-FLAG-3,
LN-08270910-10237,SERV-03,70118.65,DEFAULT,205,2023-06-23,2026-08-27,AUDIT-FLAG-5,Servicer note line 237
LN-08270910-10238,SERV-03,8583.56,LATE_30,34,2023-08-29,2026-08-27,AUDIT-FLAG-3,Servicer note line 238
LN-08270910-10239,SERV-02,130065.76,LATE_30,52,2023-04-14,2026-08-27,,
LN-08270910-10240,SERV-01,45000.0,CLOSED,0,2023-07-07,2026-08-27,AUDIT-FLAG-2,
LN-08270910-10241,SERV-02,94665.88,CLOSED,0,2023-09-27,2026-08-27,,Servicer note line 241
LN-08270910-10242,SERV-01,234723.8,DEFAULT,208,2023-06-12,2026-08-27,AUDIT-FLAG-2,
LN-08270910-10243,SERV-03,65400.34,LATE_90,109,2023-03-30,2026-08-27,AUDIT-FLAG-5,Servicer note line 243
LN-08270910-10244,SERV-01,7384.79,CURRENT,0,2023-03-04,2026-08-27,,
LN-08270910-10245,SERV-01,16684.52,DEFAULT,233,2024-13-45,2026-08-27,,
LN-08270910-10246,SERV-02,119913.24,CLOSED,0,2023-05-10,2026-08-27,,
LN-08270910-10247,SERV-02,-92052.69,LATE_60,74,2023-07-28,2026-08-27,,
LN-08270910-10249,SERV-03,13236.2,LATE_60,69,2023-03-24,2026-08-27,,
LN-08270910-10251,SERV-03,82808.54,DEFAULT,260,2023-12-16,2026-08-27,AUDIT-FLAG-5,
LN-08270910-10252,SERV-03,32415.92,DEFAULT,292,15/01/2023,2026-08-27,AUDIT-FLAG-3,
LN-08270910-10253,SERV-02,12528.13,CURRENT,0,2023-12-10,2026-08-27,,
LN-08270910-10254,SERV-02,158575.63,CLOSED,0,2023-06-28,2026-08-27,AUDIT-FLAG-4,
LN-08270910-10255,SERV-01,29048.34,DEFAULT,326,2023-12-10,2026-08-27,,
LN-08270910-10256,SERV-03,48550.26,LATE_90,113,2024-02-18,2026-08-27,,Servicer note line 256
LN-08270910-10257,SERV-02,108059.21,LATE_30,53,2023-05-11,2026-08-27,AUDIT-FLAG-1,
LN-08270910-10258,SERV-03,146144.81,CURRENT,0,2023-11-15,2026-08-27,,
LN-08270910-10259,SERV-02,24761.48,LATE_90,113,2023-11-29,2026-08-27,,
LN-08270910-10260,SERV-01,45000.0,CLOSED,54,2023-08-28,2026-08-27,,
LN-08270910-10261,SERV-01,133581.79,LATE_60,78,2023-04-17,2026-08-27,,Servicer note line 261
LN-08270910-10262,SERV-02,-69141.13,LATE_90,93,2023-09-17,2026-08-27,,Servicer note line 262
LN-08270910-10263,SERV-02,188703.94,CLOSED,0,2023-06-01,2026-08-27,,
LN-08270910-10264,SERV-01,84640.02,LATE_60,82,2023-12-09,2026-08-27,,
LN-08270910-10265,SERV-03,96096.32,LATE_30,37,2023-12-28,2026-08-27,,
LN-08270910-10266,SERV-02,52468.46,LATE_30,35,2023-08-23,2026-08-27,AUDIT-FLAG-3,
LN-08270910-10267,SERV-03,101711.44,CURRENT,0,2023-12-07,2026-08-27,AUDIT-FLAG-1,
LN-08270910-10268,SERV-01,142230.76,LATE_90,96,2023-03-15,2026-08-27,,
LN-08270910-10269,SERV-03,44512.09,LATE_90,102,2024-02-14,2026-08-27,,
LN-08270910-10270,SERV-01,19349.36,LATE_30,47,2023-04-24,2026-08-27,,
LN-08270910-10271,SERV-03,25425.67,CLOSED,0,2023-11-25,2026-08-27,,
LN-08270910-10272,SERV-01,165922.58,LATE_30,33,2023-11-05,2026-08-27,,
LN-08270910-10273,SERV-01,62928.29,CLOSED,0,2024-02-23,2026-08-27,,Servicer note line 273
LN-08270910-10274,SERV-02,104181.55,CLOSED,0,2024-01-17,2026-08-27,AUDIT-FLAG-2,
LN-08270910-10275,SERV-03,28357.75,CLOSED,0,2023-10-19,2026-08-27,,
LN-08270910-10276,SERV-02,44308.7,CURRENT,0,2023-04-07,2026-08-27,,
LN-08270910-10277,SERV-01,61558.47,LATE_60,87,2023-11-03,2026-08-27,,
LN-08270910-10278,SERV-01,37210.89,CURRENT,45,2023-05-24,2026-08-27,,
LN-08270910-10279,SERV-02,13337.63,LATE_60,69,2023-09-23,2026-08-27,,Servicer note line 279
LN-08270910-10280,SERV-03,231850.92,CURRENT,0,2024-02-10,2026-08-27,,Servicer note line 280
LN-08270910-10281,SERV-03,85174.85,LATE_60,63,2023-04-08,2026-08-27,,
LN-08270910-10282,SERV-01,53905.21,LATE_30,48,2023-03-24,2026-08-27,,
LN-08270910-10283,SERV-01,184379.42,CURRENT,0,2023-04-01,2026-08-27,,
LN-08270910-10284,SERV-01,89588.47,LATE_90,101,2024-02-02,2026-08-27,AUDIT-FLAG-3,Servicer note line 284
LN-08270910-10285,SERV-03,132694.31,CLOSED,0,2023-04-09,2026-08-27,,
LN-08270910-10286,SERV-02,4357.72,LATE_60,72,2024-01-22,2026-08-27,,
LN-08270910-10288,SERV-03,67364.35,LATE_30,53,15/01/2023,2026-08-27,,
LN-08270910-10289,SERV-01,73709.25,LATE_90,104,2023-05-31,2026-08-27,,
LN-08270910-10290,SERV-02,65227.54,LATE_60,71,2024-02-20,2026-08-27,,Servicer note line 290
LN-08270910-10291,SERV-03,43817.5,CURRENT,0,2024-01-26,2026-08-27,,
LN-08270910-10292,SERV-02,44146.93,LATE_90,110,2023-06-06,2026-08-27,,
LN-08270910-10293,SERV-01,7569.63,CURRENT,0,2023-07-10,2026-08-27,,
LN-08270910-10294,SERV-02,113897.68,CURRENT,0,2023-03-22,2026-08-27,,
LN-08270910-10295,SERV-02,67769.22,LATE_90,110,2023-09-29,2026-08-27,,
LN-08270910-10296,SERV-02,20333.41,LATE_30,50,INVALID_DATE,2026-08-27,,
LN-08270910-10297,SERV-03,29379.21,LATE_90,117,2023-12-08,2026-08-27,,
LN-08270910-10298,SERV-01,28203.85,LATE_90,92,2023-09-22,2026-08-27,,
LN-08270910-10299,SERV-02,135334.53,LATE_90,104,2023-04-05,2026-08-27,,
LN-08270910-10299,SERV-02,135434.53,LATE_90,104,2023-04-05,2026-08-27,,
LN-08270910-10300,SERV-03,39454.03,LATE_60,80,2023-12-01,2026-08-27,,
LN-08270910-10300,SERV-03,39554.03,LATE_60,80,2023-12-01,2026-08-27,,
LN-08270910-10301,SERV-01,218470.67,CURRENT,90,2023-08-19,2026-08-27,AUDIT-FLAG-3,Servicer note line 301
LN-08270910-10302,SERV-02,194283.27,CLOSED,0,2024-01-31,2026-08-27,AUDIT-FLAG-1,
LN-08270910-10303,SERV-03,35144.78,CURRENT,0,2023-05-16,2026-08-27,,
LN-08270910-10304,SERV-03,2847.8,CLOSED,0,2023-12-02,2026-08-27,,
LN-08270910-10305,SERV-02,12539.11,CLOSED,0,2023-10-11,2026-08-27,,
LN-08270910-10307,SERV-02,240295.24,LATE_60,60,2023-09-19,2026-08-27,,
LN-08270910-10308,SERV-03,11845.03,LATE_60,77,2024-02-04,2026-08-27,,
LN-08270910-10309,SERV-02,11657.0,LATE_60,66,2023-05-22,2026-08-27,,
LN-08270910-10310,SERV-03,5404.71,LATE_90,99,2023-04-04,2026-08-27,,
LN-08270910-10311,SERV-01,21899.18,LATE_90,30,2023-04-21,2026-08-27,,Servicer note line 311
LN-08270910-10312,SERV-03,166438.4,LATE_30,43,2023-07-25,2026-08-27,,
LN-08270910-10313,SERV-03,12100.0,LATE_45,46,2023-03-28,2026-08-27,,
LN-08270910-10314,SERV-01,65775.94,LATE_60,80,2023-04-19,2026-08-27,AUDIT-FLAG-2,
LN-08270910-10315,SERV-03,14136.6,CURRENT,0,2023-10-18,2026-08-27,,
LN-08270910-10316,SERV-02,139393.94,LATE_60,70,2024-02-02,2026-08-27,,
LN-08270910-10317,SERV-01,39251.93,LATE_30,48,2023-04-20,2026-08-27,AUDIT-FLAG-5,
LN-08270910-10318,SERV-03,150221.08,DEFAULT,124,2023-07-05,2026-08-27,,
LN-08270910-10319,SERV-02,31858.25,LATE_60,89,2023-11-06,2026-08-27,,Servicer note line 319
LN-08270910-10320,SERV-03,37478.03,CLOSED,0,2023-05-04,2026-08-27,AUDIT-FLAG-3,Servicer note line 320
LN-08270910-10321,SERV-03,53631.68,CLOSED,0,2023-06-21,2026-08-27,,
LN-08270910-10322,SERV-02,71223.0,CURRENT,0,2023-08-27,2026-08-27,,Servicer note line 322
LN-08270910-10323,SERV-02,74187.07,LATE_90,108,2023-07-27,2026-08-27,AUDIT-FLAG-4,Servicer note line 323
LN-08270910-10324,SERV-01,45000.0,CLOSED,87,2024-01-25,2026-08-27,,
LN-08270910-10325,SERV-02,30394.11,LATE_90,113,2023-06-16,2026-08-27,,
LN-08270910-10326,SERV-02,55379.1,LATE_60,69,2023-03-28,2026-08-27,,
LN-08270910-10327,SERV-03,206832.69,LATE_30,46,2023-07-31,2026-08-27,,
LN-08270910-10327,SERV-03,206932.69,LATE_30,46,2023-07-31,2026-08-27,,
LN-08270910-10328,SERV-01,115637.98,CURRENT,0,2023-07-26,2026-08-27,,Servicer note line 328
LN-08270910-10329,SERV-02,95690.97,LATE_60,0,2024-02-17,2026-08-27,,
LN-08270910-10330,SERV-02,81110.37,DEFAULT,197,2023-07-27,2026-08-27,,
LN-08270910-10331,SERV-03,45261.12,LATE_30,39,2024-01-31,2026-08-27,,
LN-08270910-10332,SERV-02,25779.72,LATE_30,34,2023-03-09,2026-08-27,,
LN-08270910-10333,SERV-03,103053.95,CURRENT,0,2023-07-22,2026-08-27,,
LN-08270910-10334,SERV-02,139145.54,CURRENT,0,2023-10-19,2026-08-27,,Servicer note line 334
LN-08270910-10335,SERV-03,114632.72,DEFAULT,269,2023-05-03,2026-08-27,,
LN-08270910-10336,SERV-02,224249.23,DEFAULT,190,2023-03-11,2026-08-27,AUDIT-FLAG-1,
LN-08270910-10337,SERV-01,34494.71,CURRENT,0,2023-11-02,2026-08-27,,Servicer note line 337
LN-08270910-10338,SERV-03,43711.68,LATE_90,115,2024-02-19,2026-08-27,,
LN-08270910-10339,SERV-02,46923.52,CLOSED,0,2023-03-26,2026-08-27,AUDIT-FLAG-3,
LN-08270910-10340,SERV-03,113593.31,DEFAULT,129,2023-07-20,2026-08-27,,
LN-08270910-10341,SERV-02,49645.66,LATE_90,105,2023-12-03,2026-08-27,,
LN-08270910-10342,SERV-02,101039.18,LATE_60,65,2023-12-02,2026-08-27,,
LN-08270910-10343,SERV-01,64582.58,LATE_60,84,2023-07-09,2026-08-27,,
LN-08270910-10343,SERV-01,64682.58,LATE_60,84,2023-07-09,2026-08-27,,
LN-08270910-10344,SERV-03,71248.31,LATE_30,52,2023-08-20,2026-08-27,AUDIT-FLAG-3,
LN-08270910-10345,SERV-01,72973.49,CURRENT,0,2024-01-10,2026-08-27,,
LN-08270910-10346,SERV-03,10098.11,CURRENT,0,2023-08-26,2026-08-27,,
LN-08270910-10347,SERV-01,12100.0,LATE_45,0,2023-06-25,2026-08-27,AUDIT-FLAG-2,
LN-08270910-10348,SERV-02,157690.11,LATE_30,54,2024-01-30,2026-08-27,,
LN-08270910-10349,SERV-01,6555.62,DEFAULT,146,2023-04-09,2026-08-27,AUDIT-FLAG-4,
LN-08270910-10350,SERV-03,74584.5,CLOSED,0,2023-08-07,2026-08-27,,
LN-08270910-10351,SERV-02,63503.73,LATE_60,75,2023-09-28,2026-08-27,,
LN-08270910-10352,SERV-02,199476.85,CURRENT,0,2023-06-17,2026-08-27,AUDIT-FLAG-2,
LN-08270910-10353,SERV-02,132715.12,CLOSED,0,2024-01-27,2026-08-27,,
LN-08270910-10354,SERV-01,45000.0,CLOSED,69,2023-07-18,2026-08-27,,
LN-08270910-10355,SERV-02,74134.41,LATE_30,56,2023-10-20,2026-08-27,,
LN-08270910-10356,SERV-01,65243.24,CLOSED,0,2023-04-22,2026-08-27,,
LN-08270910-10357,SERV-03,39833.74,LATE_60,84,2023-08-26,2026-08-27,AUDIT-FLAG-5,
LN-08270910-10358,SERV-02,101387.77,CURRENT,0,2023-12-31,2026-08-27,,Servicer note line 358
LN-08270910-10359,SERV-02,109297.28,DEFAULT,323,2023-04-25,2026-08-27,,
LN-08270910-10361,SERV-03,82846.69,CURRENT,0,2023-03-03,2026-08-27,AUDIT-FLAG-5,
LN-08270910-10362,SERV-03,101227.26,CLOSED,0,2023-11-03,2026-08-27,,
LN-08270910-10363,SERV-02,13519.98,DEFAULT,133,2023-06-04,2026-08-27,,
LN-08270910-10364,SERV-02,4388.36,CURRENT,0,2023-03-22,2026-08-27,,Servicer note line 364
LN-08270910-10365,SERV-01,105445.32,LATE_90,99,2023-07-20,2026-08-27,,
LN-08270910-10366,SERV-02,187788.05,DEFAULT,189,2024-01-06,2026-08-27,AUDIT-FLAG-4,
LN-08270910-10367,SERV-03,98160.88,DEFAULT,131,2023-06-23,2026-08-27,AUDIT-FLAG-4,
LN-08270910-10368,SERV-02,191686.32,LATE_90,110,2024-02-19,2026-08-27,,
LN-08270910-10369,SERV-02,43501.77,LATE_60,76,2023-03-08,2026-08-27,AUDIT-FLAG-3,
LN-08270910-10370,SERV-03,235192.12,LATE_30,30,2023-09-09,2026-08-27,,
LN-08270910-10371,SERV-01,84411.78,LATE_30,42,2023-05-07,2026-08-27,,
LN-08270910-10372,SERV-03,73020.95,LATE_30,40,2023-07-11,2026-08-27,AUDIT-FLAG-1,Servicer note line 372
LN-08270910-10373,SERV-03,15426.73,CLOSED,0,2024-01-12,2026-08-27,,
LN-08270910-10374,SERV-02,72183.51,LATE_90,91,2024-02-26,2026-08-27,AUDIT-FLAG-4,
LN-08270910-10375,SERV-01,132394.95,CLOSED,0,2023-05-28,2026-08-27,,Servicer note line 375
LN-08270910-10376,SERV-03,137126.37,DEFAULT,286,2023-08-16,2026-08-27,,
LN-08270910-10377,SERV-01,64872.97,CURRENT,0,2023-03-27,2026-08-27,,
LN-08270910-10378,SERV-03,166094.74,CLOSED,0,2023-12-30,2026-08-27,,
LN-08270910-10379,SERV-03,129558.78,LATE_30,50,2023-10-02,2026-08-27,AUDIT-FLAG-2,
LN-08270910-10380,SERV-02,53922.95,DEFAULT,139,2023-10-31,2026-08-27,AUDIT-FLAG-4,
LN-08270910-10381,SERV-03,44652.79,DEFAULT,295,2023-10-14,2026-08-27,AUDIT-FLAG-1,
LN-08270910-10382,SERV-02,146740.34,DEFAULT,183,2023-05-13,2026-08-27,AUDIT-FLAG-4,
LN-08270910-10383,SERV-03,50391.55,LATE_90,108,2024-01-09,2026-08-27,,
LN-08270910-10384,SERV-02,50106.96,LATE_30,33,2023-04-08,2026-08-27,,
LN-08270910-10385,SERV-03,26458.04,DEFAULT,247,2023-03-05,2026-08-27,AUDIT-FLAG-3,Servicer note line 385
LN-08270910-10386,SERV-02,116116.78,LATE_90,118,05-10-2024,2026-08-27,,
LN-08270910-10387,SERV-03,61033.61,LATE_30,58,2023-09-29,2026-08-27,,
LN-08270910-10388,SERV-01,63269.14,CLOSED,0,2023-09-12,2026-08-27,,
LN-08270910-10389,SERV-03,28500.0,LATE_60,66,2024-02-03,2026-08-27,,Servicer note line 389
LN-08270910-10390,SERV-02,9634.41,CLOSED,0,2023-05-30,2026-08-27,,
LN-08270910-10391,SERV-03,136591.97,LATE_60,68,2023-11-08,2026-08-27,,Servicer note line 391
LN-08270910-10392,SERV-01,57775.7,CLOSED,0,2023-12-01,2026-08-27,,
LN-08270910-10393,SERV-03,44548.21,DEFAULT,354,2023-07-02,2026-08-27,,Servicer note line 393
LN-08270910-10394,SERV-03,6349.33,DEFAULT,307,2024-01-17,2026-08-27,AUDIT-FLAG-1,
LN-08270910-10395,SERV-02,118340.42,CLOSED,0,2023-04-12,2026-08-27,,
LN-08270910-10396,SERV-01,25017.12,DEFAULT,318,2023-03-05,2026-08-27,AUDIT-FLAG-2,Servicer note line 396
LN-08270910-10397,SERV-02,44835.42,LATE_90,113,2023-09-23,2026-08-27,,
LN-08270910-10398,SERV-02,28500.0,LATE_60,65,2024-01-27,2026-08-27,,
LN-08270910-10399,SERV-01,37640.6,CLOSED,0,2024-02-13,2026-08-27,AUDIT-FLAG-5,
LN-08270910-10400,SERV-03,42838.15,CURRENT,0,2023-03-22,2026-08-27,,
LN-08270910-10401,SERV-03,31380.26,DEFAULT,299,2023-10-14,2026-08-27,,
LN-08270910-10401,SERV-03,31480.26,DEFAULT,299,2023-10-14,2026-08-27,,
LN-08270910-10402,SERV-01,28500.0,LATE_90,91,2023-11-05,2026-08-27,,
LN-08270910-10403,SERV-03,205329.83,CURRENT,0,2023-06-20,2026-08-27,,
LN-08270910-10404,SERV-02,168514.27,DEFAULT,255,2024-01-12,2026-08-27,,
LN-08270910-10405,SERV-01,48974.2,LATE_30,54,2023-06-04,2026-08-27,,
LN-08270910-10406,SERV-02,38677.3,LATE_60,75,2023-07-22,2026-08-27,,
LN-08270910-10406,SERV-02,38777.3,LATE_60,75,2023-07-22,2026-08-27,,
LN-08270910-10407,SERV-01,52351.74,LATE_60,62,2023-10-30,2026-08-27,AUDIT-FLAG-1,Servicer note line 407
LN-08270910-10408,SERV-03,32159.63,CURRENT,0,2023-07-21,2026-08-27,,
LN-08270910-10409,SERV-02,9127.63,DEFAULT,169,2023-11-16,2026-08-27,,
LN-08270910-10410,SERV-03,7966.31,LATE_90,119,2023-06-22,2026-08-27,,
LN-08270910-10411,SERV-01,22033.28,CURRENT,0,2023-09-26,2026-08-27,AUDIT-FLAG-3,
LN-08270910-10412,SERV-02,160700.48,LATE_30,41,2023-10-31,2026-08-27,,
LN-08270910-10413,SERV-02,125819.77,CURRENT,0,2024-02-25,2026-08-27,,
LN-08270910-10414,SERV-02,84336.79,CLOSED,0,2023-07-17,2026-08-27,,
LN-08270910-10415,SERV-03,40811.51,DEFAULT,251,2023-04-08,2026-08-27,AUDIT-FLAG-5,
LN-08270910-10416,SERV-02,84192.28,CLOSED,0,2024-01-12,2026-08-27,,Servicer note line 416
LN-08270910-10417,SERV-02,146533.02,LATE_60,15,2023-05-15,2026-08-27,,
LN-08270910-10418,SERV-03,2345.55,CLOSED,0,2024.05.10,2026-08-27,,
LN-08270910-10419,SERV-02,39615.79,CURRENT,0,2023-08-16,2026-08-27,,
LN-08270910-10420,SERV-01,132102.73,LATE_30,33,2023-06-23,2026-08-27,,
LN-08270910-10421,SERV-03,59498.73,LATE_60,60,2023-04-07,2026-08-27,AUDIT-FLAG-5,
LN-08270910-10422,SERV-03,66737.54,LATE_90,108,2023-09-17,2026-08-27,AUDIT-FLAG-4,Servicer note line 422
LN-08270910-10423,SERV-02,34708.09,CLOSED,0,2023-03-17,2026-08-27,,
LN-08270910-10424,SERV-01,-104055.53,CLOSED,0,2023-10-16,2026-08-27,,
LN-08270910-10285,SERV-02,42717.86,LATE_90,106,2023-07-30,2026-08-27,AUDIT-FLAG-5,
LN-08270910-10426,SERV-01,120716.54,CLOSED,0,2024-01-16,2026-08-27,,Servicer note line 426
LN-08270910-10427,SERV-02,53056.39,CURRENT,0,2023-12-20,2026-08-27,,Servicer note line 427
LN-08270910-10428,SERV-01,110329.47,CURRENT,0,2024-01-12,2026-08-27,,
LN-08270910-10429,SERV-02,12100.0,LATE_45,0,2023-06-17,2026-08-27,,
LN-08270910-10430,SERV-03,45000.0,CLOSED,0,2023-06-09,2026-08-27,,
LN-08270910-10431,SERV-03,206713.15,LATE_90,97,2023-05-23,2026-08-27,,
LN-08270910-10432,SERV-03,56184.35,LATE_90,119,2024-02-06,2026-08-27,,Servicer note line 432
LN-08270910-10433,SERV-03,37001.46,CLOSED,0,2023-07-13,2026-08-27,,
LN-08270910-10434,SERV-03,50464.16,CURRENT,0,2023-06-26,2026-08-27,,Servicer note line 434
LN-08270910-10435,SERV-01,42550.32,CURRENT,0,2023-10-03,2026-08-27,,
LN-08270910-10436,SERV-03,19178.76,DEFAULT,319,2023-07-31,2026-08-27,,
LN-08270910-10437,SERV-02,39316.6,LATE_60,74,2023-08-19,2026-08-27,,
LN-08270910-10438,SERV-02,17836.19,CURRENT,0,2023-10-30,2026-08-27,AUDIT-FLAG-1,
LN-08270910-10439,SERV-02,21501.57,CURRENT,0,2023-09-07,2026-08-27,,
LN-08270910-10440,SERV-03,45000.0,CLOSED,0,2023-12-06,2026-08-27,,
LN-08270910-10355,SERV-01,84173.25,CLOSED,0,2023-05-04,2026-08-27,,Servicer note line 441
LN-08270910-10442,SERV-03,132713.79,CURRENT,0,2023-04-26,2026-08-27,,
LN-08270910-10443,SERV-03,42612.87,LATE_60,74,2023-10-16,2026-08-27,,
LN-08270910-10444,SERV-01,58111.62,DEFAULT,149,2024-02-17,2026-08-27,,
LN-08270910-10446,SERV-01,39780.23,DEFAULT,320,2024-01-04,2026-08-27,,
LN-08270910-10447,SERV-03,14607.19,LATE_60,81,2023-05-24,2026-08-27,,Servicer note line 447
LN-08270910-10448,SERV-02,216122.78,LATE_30,58,2024-02-04,2026-08-27,,Servicer note line 448
LN-08270910-10449,SERV-02,96349.82,LATE_60,66,2024-01-17,2026-08-27,,
LN-08270910-10450,SERV-01,41892.67,LATE_60,71,2023-04-07,2026-08-27,,
LN-08270910-10451,SERV-02,69703.0,LATE_60,62,2023-12-03,2026-08-27,,
LN-08270910-10452,SERV-01,5787.99,LATE_90,111,2023-09-08,2026-08-27,,
LN-08270910-10453,SERV-02,25330.62,CLOSED,0,2023-11-22,2026-08-27,AUDIT-FLAG-2,
LN-08270910-10454,SERV-03,91137.87,LATE_90,109,2023-09-08,2026-08-27,,
LN-08270910-10455,SERV-02,31561.16,LATE_60,66,2023-08-11,2026-08-27,,
LN-08270910-10456,SERV-01,73499.45,CURRENT,0,2023-06-17,2026-08-27,,
LN-08270910-10457,SERV-03,32775.55,LATE_90,103,2024-13-45,2026-08-27,AUDIT-FLAG-4,Servicer note line 457
LN-08270910-10458,SERV-03,43837.34,CLOSED,0,2023-07-03,2026-08-27,AUDIT-FLAG-5,
LN-08270910-10459,SERV-03,30181.79,LATE_90,95,2023-12-17,2026-08-27,,Servicer note line 459
LN-08270910-10461,SERV-02,10368.14,DEFAULT,0,2023-11-06,2026-08-27,,
LN-08270910-10462,SERV-03,28500.0,CURRENT,0,2023-04-07,2026-08-27,,
LN-08270910-10463,SERV-03,90468.27,CURRENT,0,2023-06-01,2026-08-27,,
LN-08270910-10464,SERV-02,14324.71,CURRENT,0,2023-09-06,2026-08-27,,Servicer note line 464
LN-08270910-10465,SERV-01,27427.66,LATE_90,116,2023-09-11,2026-08-27,,
LN-08270910-10466,SERV-03,41123.06,LATE_90,105,2023-12-28,2026-08-27,,Servicer note line 466
LN-08270910-10466,SERV-03,41223.06,LATE_90,105,2023-12-28,2026-08-27,,Servicer note line 466
LN-08270910-10467,SERV-03,93708.32,DEFAULT,355,2023-07-30,2026-08-27,,
LN-08270910-10468,SERV-02,78116.18,CURRENT,0,2023-11-18,2026-08-27,,
LN-08270910-10469,SERV-01,28500.0,CURRENT,0,2023-11-28,2026-08-27,,
LN-08270910-10470,SERV-01,45000.0,CLOSED,0,2023-03-26,2026-08-27,,
LN-08270910-10471,SERV-02,18893.52,LATE_90,94,2023-11-21,2026-08-27,,
LN-08270910-10371,SERV-03,39970.99,LATE_30,48,2023-07-14,2026-08-27,,
LN-08270910-10473,SERV-02,45000.0,CLOSED,0,2023-04-17,2026-08-27,,
LN-08270910-10474,SERV-03,52746.96,CLOSED,0,2024-01-15,2026-08-27,,
LN-08270910-10475,SERV-02,71904.61,DEFAULT,267,2023-04-14,2026-08-27,,Servicer note line 475
LN-08270910-10476,SERV-01,92965.18,LATE_60,0,2024-02-27,2026-08-27,,
LN-08270910-10477,SERV-02,111397.18,CURRENT,0,2023-08-18,2026-08-27,,
LN-08270910-10478,SERV-03,188315.69,LATE_60,72,2023-10-02,2026-08-27,,
LN-08270910-10479,SERV-03,77157.2,LATE_60,72,2023-06-06,2026-08-27,,
LN-08270910-10480,SERV-03,54356.69,LATE_30,52,2023-10-21,2026-08-27,,
LN-08270910-10481,SERV-03,12100.0,LATE_45,115,2023-10-09,2026-08-27,,
LN-08270910-10482,SERV-03,92636.92,DEFAULT,317,2023-09-03,2026-08-27,,Servicer note line 482
LN-08270910-10483,SERV-01,28500.0,LATE_90,90,2023-11-04,2026-08-27,,
LN-08270910-10484,SERV-03,43125.06,LATE_30,31,2024-02-01,2026-08-27,,
LN-08270910-10485,SERV-03,14670.7,CURRENT,0,2023-11-15,2026-08-27,,
LN-08270910-10486,SERV-02,60225.16,CLOSED,0,2023-08-02,2026-08-27,,Servicer note line 486
LN-08270910-10487,SERV-01,12100.0,LATE_45,44,2023-06-25,2026-08-27,,
LN-08270910-10488,SERV-03,148565.36,CURRENT,0,2023-09-16,2026-08-27,,
LN-08270910-10489,SERV-03,21144.9,DEFAULT,208,2023-12-17,2026-08-27,,
LN-08270910-10490,SERV-01,71561.2,LATE_30,35,2023-05-22,2026-08-27,,
LN-08270910-10491,SERV-03,118333.38,DEFAULT,276,2023-03-08,2026-08-27,,
LN-08270910-10492,SERV-01,128125.11,LATE_90,106,2024-01-08,2026-08-27,,
LN-08270910-10493,SERV-01,121869.8,LATE_30,59,2023-04-16,2026-08-27,AUDIT-FLAG-1,
LN-08270910-10494,SERV-02,6775.91,LATE_30,46,2023-05-28,2026-08-27,AUDIT-FLAG-5,
LN-08270910-10495,SERV-02,188545.48,LATE_60,62,2023-11-30,2026-08-27,,
LN-08270910-10496,SERV-01,88558.28,LATE_90,114,2023-08-01,2026-08-27,,
LN-08270910-10497,SERV-03,46777.62,CLOSED,0,2023-12-15,2026-08-27,,
LN-08270910-10498,SERV-02,41544.76,LATE_30,41,2023-03-23,2026-08-27,,
LN-08270910-10499,SERV-03,125205.49,CLOSED,0,2023-09-22,2026-08-27,,Servicer note line 499
LN-08270910-10500,SERV-02,17611.63,LATE_60,80,2023-07-25,2026-08-27,,Servicer note line 500
LN-08270910-10501,SERV-03,21776.63,DEFAULT,206,2023-12-11,2026-08-27,,
LN-08270910-10502,SERV-02,108005.06,CLOSED,0,2023-07-13,2026-08-27,,
LN-08270910-10504,SERV-02,60438.14,DEFAULT,243,2023-11-17,2026-08-27,,
LN-08270910-10505,SERV-01,36177.59,DEFAULT,325,2023-06-21,2026-08-27,AUDIT-FLAG-1,
LN-08270910-10506,SERV-01,45985.94,LATE_60,63,2023-08-09,2026-08-27,,
LN-08270910-10507,SERV-01,85086.41,CLOSED,0,2024-01-01,2026-08-27,,
LN-08270910-10508,SERV-01,46409.28,CURRENT,0,2024-01-16,2026-08-27,,Servicer note line 508
LN-08270910-10509,SERV-03,50351.71,CLOSED,0,2024-01-04,2026-08-27,,
LN-08270910-10509,SERV-03,50451.71,CLOSED,0,2024-01-04,2026-08-27,,
LN-08270910-10510,SERV-01,37998.73,CURRENT,0,2023-05-04,2026-08-27,,
LN-08270910-10511,SERV-01,182466.73,LATE_90,116,2024-01-15,2026-08-27,,
LN-08270910-10512,SERV-02,66462.92,CLOSED,0,2023-03-31,2026-08-27,,
LN-08270910-10513,SERV-01,10527.56,CURRENT,0,2023-05-25,2026-08-27,,
LN-08270910-10514,SERV-03,79394.7,CURRENT,0,2024-02-24,2026-08-27,,
LN-08270910-10515,SERV-02,84623.53,LATE_30,57,2023-10-02,2026-08-27,AUDIT-FLAG-5,
LN-08270910-10516,SERV-02,12100.0,LATE_45,93,2023-04-24,2026-08-27,,Servicer note line 516
LN-08270910-10517,SERV-01,31199.67,CURRENT,0,2023-06-06,2026-08-27,,
LN-08270910-10518,SERV-03,95430.5,LATE_30,40,2023-07-20,2026-08-27,,Servicer note line 518
LN-08270910-10519,SERV-03,128267.49,CLOSED,0,2023-07-09,2026-08-27,,
LN-08270910-10520,SERV-01,28500.0,CLOSED,0,2023-04-02,2026-08-27,,Servicer note line 520
LN-08270910-10521,SERV-03,33262.63,DEFAULT,0,2023-04-12,2026-08-27,,
LN-08270910-10522,SERV-02,207278.58,LATE_30,41,2023-07-26,2026-08-27,,
LN-08270910-10523,SERV-01,152582.31,LATE_30,52,2023-09-11,2026-08-27,,
LN-08270910-10524,SERV-01,43805.28,CLOSED,0,2023-12-20,2026-08-27,AUDIT-FLAG-2,
LN-08270910-10525,SERV-03,92048.6,DEFAULT,199,2023-11-14,2026-08-27,,
LN-08270910-10526,SERV-02,57878.59,CLOSED,0,2023-07-24,2026-08-27,,
LN-08270910-10527,SERV-02,21591.41,LATE_60,87,2024-02-04,2026-08-27,,
LN-08270910-10528,SERV-02,145379.23,DEFAULT,232,2024-02-13,2026-08-27,,
LN-08270910-10529,SERV-01,59336.28,LATE_90,100,2023-06-27,2026-08-27,,
LN-08270910-10530,SERV-01,13288.14,CLOSED,0,2023-05-20,2026-08-27,,
LN-08270910-10531,SERV-02,89649.98,LATE_30,39,2023-06-06,2026-08-27,AUDIT-FLAG-3,
LN-08270910-10532,SERV-02,49455.47,LATE_60,88,2023-07-22,2026-08-27,,Servicer note line 532
LN-08270910-10533,SERV-01,11189.64,CLOSED,0,2023-11-21,2026-08-27,,
LN-08270910-10534,SERV-01,105033.54,CURRENT,0,2023-08-03,2026-08-27,,
LN-08270910-10535,SERV-03,27988.29,LATE_60,71,2023-08-11,2026-08-27,AUDIT-FLAG-2,
LN-08270910-10536,SERV-01,38421.1,CURRENT,0,2023-04-14,2026-08-27,,
LN-08270910-10537,SERV-03,28500.0,CLOSED,0,2023-11-12,2026-08-27,AUDIT-FLAG-3,
LN-08270910-10538,SERV-01,162904.59,DEFAULT,266,2023-07-17,2026-08-27,,
LN-08270910-10539,SERV-03,73131.73,LATE_90,106,2024-02-03,2026-08-27,,
LN-08270910-10540,SERV-01,78695.81,DEFAULT,348,2023-11-11,2026-08-27,,
LN-08270910-10541,SERV-01,11377.28,CURRENT,0,2023-10-07,2026-08-27,,
LN-08270910-10542,SERV-02,45146.08,DEFAULT,229,2024-02-26,2026-08-27,,
LN-08270910-10543,SERV-03,78178.91,LATE_60,61,2023-11-27,2026-08-27,,
LN-08270910-10544,SERV-01,12100.0,LATE_45,0,2023-03-24,2026-08-27,AUDIT-FLAG-1,
LN-08270910-10545,SERV-02,163819.54,LATE_30,52,2023-06-25,2026-08-27,,
LN-08270910-10546,SERV-01,194824.55,LATE_90,101,2023-09-25,2026-08-27,,
LN-08270910-10547,SERV-03,47013.24,CLOSED,0,2023-04-14,2026-08-27,,
LN-08270910-10548,SERV-03,151366.14,LATE_60,87,2023-10-01,2026-08-27,,Servicer note line 548
LN-08270910-10549,SERV-01,34757.94,LATE_60,81,2023-03-14,2026-08-27,,
LN-08270910-10550,SERV-03,89497.96,LATE_30,51,2023-09-07,2026-08-27,AUDIT-FLAG-3,
LN-08270910-10551,SERV-03,51077.13,CURRENT,0,2023-09-09,2026-08-27,,Servicer note line 551
LN-08270910-10552,SERV-01,108750.23,CLOSED,0,2024-02-05,2026-08-27,,
LN-08270910-10553,SERV-01,88016.43,LATE_90,109,2023-06-17,2026-08-27,,Servicer note line 553
LN-08270910-10554,SERV-02,40123.39,CLOSED,0,2023-05-25,2026-08-27,,
LN-ORPHAN-999,SERV-01,130505.06,LATE_90,102,2024-01-27,2026-08-27,,Servicer note line 555
LN-08270910-10556,SERV-03,80093.39,LATE_60,86,2024-01-31,2026-08-27,,
LN-08270910-10557,SERV-02,47241.45,DEFAULT,246,2023-11-07,2026-08-27,,Servicer note line 557
LN-08270910-10558,SERV-03,46440.21,CURRENT,0,2023-06-12,2026-08-27,,
LN-08270910-10559,SERV-02,53140.32,CLOSED,0,2023-12-24,2026-08-27,,
LN-08270910-10560,SERV-01,18105.16,DEFAULT,355,2023-05-12,2026-08-27,,
LN-08270910-10561,SERV-01,8298.68,LATE_30,55,2023-12-03,2026-08-27,,
LN-08270910-10562,SERV-02,145941.73,LATE_60,82,2023-11-03,2026-08-27,AUDIT-FLAG-2,
LN-08270910-10563,SERV-01,95159.04,LATE_30,42,2023-05-25,2026-08-27,AUDIT-FLAG-5,
LN-08270910-10564,SERV-02,14961.61,CLOSED,0,2023-07-09,2026-08-27,AUDIT-FLAG-4,
LN-08270910-10564,SERV-02,15061.61,CLOSED,0,2023-07-09,2026-08-27,AUDIT-FLAG-4,
LN-08270910-10565,SERV-02,44060.85,CLOSED,0,2023-04-06,2026-08-27,,
LN-08270910-10565,SERV-02,44160.85,CLOSED,0,2023-04-06,2026-08-27,,
LN-08270910-10566,SERV-01,74487.78,DEFAULT,302,2023-06-27,2026-08-27,,
LN-08270910-10567,SERV-03,64775.48,LATE_30,34,2024-01-17,2026-08-27,AUDIT-FLAG-1,
LN-08270910-10568,SERV-03,180726.44,CLOSED,0,2023-05-29,2026-08-27,,Servicer note line 568
LN-08270910-10569,SERV-03,29148.25,LATE_60,68,2023-12-28,2026-08-27,,
LN-08270910-10570,SERV-02,26526.74,DEFAULT,296,2023-12-05,2026-08-27,,
LN-08270910-10571,SERV-03,45000.0,CLOSED,79,2023-08-31,2026-08-27,,
LN-08270910-10572,SERV-03,38262.98,LATE_90,97,2024-02-18,2026-08-27,,Servicer note line 572
LN-08270910-10573,SERV-02,176504.97,LATE_90,111,2023-07-11,2026-08-27,,Servicer note line 573
LN-08270910-10574,SERV-03,51181.19,CLOSED,0,2023-04-22,2026-08-27,,
LN-08270910-10575,SERV-01,93459.64,LATE_60,79,2023-12-03,2026-08-27,,Servicer note line 575
LN-08270910-10576,SERV-02,57527.18,CURRENT,0,2023-12-22,2026-08-27,,
LN-08270910-10577,SERV-01,17269.34,LATE_90,110,2023-11-14,2026-08-27,AUDIT-FLAG-1,
LN-08270910-10578,SERV-01,65868.94,LATE_60,66,2023-06-02,2026-08-27,,
LN-08270910-10579,SERV-02,62866.71,DEFAULT,288,2024-01-10,2026-08-27,,
LN-08270910-10580,SERV-02,12100.0,LATE_45,103,2023-11-21,2026-08-27,,
LN-08270910-10581,SERV-02,71754.72,CLOSED,0,2023-06-16,2026-08-27,,Servicer note line 581
LN-08270910-10350,SERV-01,45518.2,DEFAULT,220,2023-03-25,2026-08-27,,
LN-08270910-10583,SERV-02,102032.23,LATE_90,99,2023-09-19,2026-08-27,,
LN-08270910-10584,SERV-01,66347.8,DEFAULT,203,2023-08-17,2026-08-27,,Servicer note line 584
LN-08270910-10585,SERV-03,-93707.54,DEFAULT,242,2023-10-02,2026-08-27,,
LN-08270910-10586,SERV-03,59940.64,LATE_30,57,2023-08-13,2026-08-27,,
LN-08270910-10587,SERV-03,60374.35,DEFAULT,131,2023-07-03,2026-08-27,AUDIT-FLAG-3,
LN-08270910-10588,SERV-03,26101.31,LATE_90,100,2023-09-12,2026-08-27,,
LN-08270910-10589,SERV-01,-44361.06,CURRENT,0,2023-10-02,2026-08-27,,
LN-08270910-10590,SERV-02,57605.02,DEFAULT,336,2023-04-18,2026-08-27,,
LN-08270910-10591,SERV-03,3128.01,CLOSED,0,2023-04-03,2026-08-27,,Servicer note line 591
LN-08270910-10592,SERV-01,187469.59,DEFAULT,196,2024-02-18,2026-08-27,,
LN-08270910-10593,SERV-01,140950.78,DEFAULT,219,2023-07-11,2026-08-27,,
LN-08270910-10594,SERV-03,43275.02,LATE_60,83,2023-07-29,2026-08-27,,
LN-08270910-10594,SERV-03,43375.02,LATE_60,83,2023-07-29,2026-08-27,,
LN-08270910-10595,SERV-02,153352.99,LATE_30,39,2023-11-28,2026-08-27,AUDIT-FLAG-2,
LN-08270910-10596,SERV-02,43014.16,LATE_60,81,2023-09-13,2026-08-27,,Servicer note line 596
LN-08270910-10597,SERV-01,118312.76,CURRENT,0,2023-12-29,2026-08-27,,
LN-08270910-10598,SERV-01,100826.23,LATE_30,45,INVALID_DATE,2026-08-27,,
LN-08270910-10599,SERV-01,112138.03,CLOSED,0,2023-08-23,2026-08-27,,
LN-08270910-10600,SERV-02,183032.86,LATE_90,92,2023-12-27,2026-08-27,,
LN-08270910-10601,SERV-02,45000.0,CLOSED,111,2023-03-22,2026-08-27,,
LN-08270910-10601,SERV-02,45100.0,CLOSED,111,2023-03-22,2026-08-27,,
LN-08270910-10602,SERV-02,34175.09,CURRENT,0,2023-10-11,2026-08-27,,
LN-08270910-10603,SERV-02,36282.22,LATE_30,56,2023-04-08,2026-08-27,,Servicer note line 603
LN-08270910-10604,SERV-03,15542.51,CURRENT,0,2023-08-19,2026-08-27,AUDIT-FLAG-4,
LN-08270910-10605,SERV-01,132487.48,DEFAULT,202,2023-03-25,2026-08-27,,
LN-08270910-10606,SERV-01,146299.84,CURRENT,0,2023-06-01,2026-08-27,,
LN-08270910-10607,SERV-01,64207.66,LATE_30,59,2023-12-10,2026-08-27,AUDIT-FLAG-1,Servicer note line 607
LN-08270910-10608,SERV-01,103596.83,CLOSED,0,2023-09-23,2026-08-27,,
LN-08270910-10609,SERV-02,-89369.72,LATE_30,43,2023-11-23,2026-08-27,,
LN-08270910-10610,SERV-01,58270.71,DEFAULT,150,2023-04-21,2026-08-27,,
LN-08270910-10611,SERV-03,14186.4,LATE_90,116,2024-02-25,2026-08-27,,
LN-08270910-10612,SERV-01,173831.76,CURRENT,0,2023-04-13,2026-08-27,,
LN-08270910-10613,SERV-03,91379.38,CLOSED,0,2023-05-21,2026-08-27,AUDIT-FLAG-4,Servicer note line 613
LN-08270910-10615,SERV-01,141433.46,CLOSED,0,2023-09-30,2026-08-27,,Servicer note line 615
LN-08270910-10616,SERV-02,77001.64,CURRENT,0,2023-12-16,2026-08-27,AUDIT-FLAG-3,
LN-08270910-10617,SERV-02,63813.16,LATE_60,65,2023-07-17,2026-08-27,,
LN-08270910-10618,SERV-01,33572.21,DEFAULT,176,2023-11-11,2026-08-27,,
LN-08270910-10619,SERV-02,38385.74,CURRENT,0,2023-12-18,2026-08-27,,
LN-08270910-10620,SERV-02,126215.2,LATE_90,95,2023-05-31,2026-08-27,,
LN-08270910-10621,SERV-03,65953.99,DEFAULT,167,2023-08-07,2026-08-27,,
LN-08270910-10622,SERV-03,133259.31,DEFAULT,139,2023-06-10,2026-08-27,,
LN-08270910-10623,SERV-01,99438.26,DEFAULT,316,2023-05-29,2026-08-27,AUDIT-FLAG-1,
LN-08270910-10624,SERV-01,158207.56,CURRENT,0,2023-04-05,2026-08-27,,
LN-08270910-10625,SERV-02,141832.66,CURRENT,0,2023-09-17,2026-08-27,,
LN-08270910-10626,SERV-02,12031.42,LATE_60,87,2023-09-16,2026-08-27,AUDIT-FLAG-3,
LN-08270910-10627,SERV-03,34180.4,LATE_60,77,2024-02-12,2026-08-27,,
LN-08270910-10628,SERV-01,193651.75,DEFAULT,277,2023-04-12,2026-08-27,AUDIT-FLAG-3,
LN-08270910-10629,SERV-03,113870.14,LATE_90,97,2023-10-01,2026-08-27,AUDIT-FLAG-3,Servicer note line 629
LN-08270910-10630,SERV-03,28309.39,CLOSED,0,2023-04-30,2026-08-27,,
LN-08270910-10631,SERV-01,101783.84,LATE_90,94,2023-08-22,2026-08-27,,
LN-08270910-10632,SERV-02,190615.75,LATE_60,79,2023-04-27,2026-08-27,,
LN-08270910-10633,SERV-01,29785.73,LATE_60,78,2023-07-19,2026-08-27,,
LN-08270910-10634,SERV-02,78465.44,CURRENT,0,2023-09-28,2026-08-27,AUDIT-FLAG-2,
LN-08270910-10634,SERV-02,78565.44,CURRENT,0,2023-09-28,2026-08-27,AUDIT-FLAG-2,
LN-08270910-10635,SERV-02,12100.0,LATE_45,47,2023-09-16,2026-08-27,,
LN-08270910-10636,SERV-01,12100.0,LATE_45,69,2023-08-01,2026-08-27,,Servicer note line 636
LN-08270910-10637,SERV-02,45000.0,CLOSED,0,2023-10-09,2026-08-27,,
LN-08270910-10638,SERV-01,93134.31,CLOSED,0,2023-10-01,2026-08-27,AUDIT-FLAG-4,Servicer note line 638
LN-08270910-10639,SERV-02,98004.66,DEFAULT,174,2023-05-23,2026-08-27,,Servicer note line 639
LN-08270910-10640,SERV-03,28744.3,LATE_60,78,2023-07-12,2026-08-27,,
LN-08270910-10641,SERV-01,29398.04,CURRENT,0,2023-07-04,2026-08-27,,
LN-08270910-10642,SERV-02,132072.57,CLOSED,0,2023-12-18,2026-08-27,,
LN-08270910-10643,SERV-03,12100.0,LATE_45,0,2024-02-26,2026-08-27,,
LN-08270910-10644,SERV-03,68624.07,LATE_30,37,2023-06-27,2026-08-27,AUDIT-FLAG-4,Servicer note line 644
LN-08270910-10645,SERV-03,207278.86,DEFAULT,250,2024-02-05,2026-08-27,AUDIT-FLAG-2,
LN-08270910-10646,SERV-03,111928.85,DEFAULT,294,2023-04-10,2026-08-27,,
LN-08270910-10647,SERV-01,60261.88,LATE_90,98,2023-12-09,2026-08-27,,
LN-08270910-10648,SERV-02,91984.29,DEFAULT,203,2023-03-27,2026-08-27,,
LN-08270910-10649,SERV-01,16108.19,LATE_90,107,2023-12-05,2026-08-27,,Servicer note line 649
LN-08270910-10650,SERV-01,103523.6,LATE_90,109,2024-02-29,2026-08-27,,
LN-08270910-10651,SERV-01,73008.57,DEFAULT,127,2024-01-25,2026-08-27,,
LN-08270910-10652,SERV-01,106364.16,LATE_90,119,2023-11-30,2026-08-27,AUDIT-FLAG-3,
LN-08270910-10653,SERV-02,62504.81,LATE_60,63,2023-04-12,2026-08-27,AUDIT-FLAG-2,
LN-08270910-10654,SERV-01,82932.71,LATE_90,98,2023-05-16,2026-08-27,,
LN-08270910-10655,SERV-01,24000.89,DEFAULT,213,2023-04-04,2026-08-27,,
LN-08270910-10656,SERV-02,54222.63,LATE_30,31,2023-09-03,2026-08-27,AUDIT-FLAG-2,
LN-08270910-10657,SERV-02,25301.61,CURRENT,0,2023-03-07,2026-08-27,,
LN-08270910-10658,SERV-03,70246.49,LATE_30,53,2023-08-19,2026-08-27,,
LN-08270910-10659,SERV-01,84499.35,LATE_30,46,2024-01-09,2026-08-27,,
LN-08270910-10660,SERV-03,7653.75,DEFAULT,175,2023-03-02,2026-08-27,,
LN-08270910-10661,SERV-01,16700.42,DEFAULT,338,2023-12-05,2026-08-27,,Servicer note line 661
LN-08270910-10662,SERV-03,143033.12,DEFAULT,256,2023-12-30,2026-08-27,,
LN-08270910-10663,SERV-03,30623.73,LATE_90,118,2023-06-02,2026-08-27,AUDIT-FLAG-1,Servicer note line 663
LN-08270910-10664,SERV-03,48837.66,CLOSED,0,2023-09-03,2026-08-27,,Servicer note line 664
LN-08270910-10269,SERV-02,31046.31,LATE_60,72,2023-11-26,2026-08-27,,
LN-08270910-10666,SERV-01,106717.34,DEFAULT,0,2023-06-21,2026-08-27,,
LN-08270910-10667,SERV-02,92450.46,LATE_30,58,2023-08-23,2026-08-27,,
LN-08270910-10011,SERV-01,88350.7,LATE_90,115,2023-03-20,2026-08-27,,
LN-08270910-10669,SERV-01,56845.58,LATE_90,119,2023-07-05,2026-08-27,,Servicer note line 669
LN-08270910-10670,SERV-03,52969.87,CURRENT,0,15/01/2023,2026-08-27,,
LN-08270910-10671,SERV-02,14722.8,CLOSED,0,2024-03-01,2026-08-27,,Servicer note line 671
LN-08270910-10672,SERV-03,63010.6,CURRENT,0,2023-12-12,2026-08-27,,
LN-08270910-10673,SERV-01,139925.3,CURRENT,0,2023-07-05,2026-08-27,,
LN-08270910-10674,SERV-03,12100.0,LATE_45,0,2023-10-11,2026-08-27,,Servicer note line 674
LN-08270910-10675,SERV-01,50414.88,LATE_30,57,2023-11-12,2026-08-27,,
LN-08270910-10676,SERV-03,205394.64,LATE_90,95,2023-09-01,2026-08-27,AUDIT-FLAG-1,
LN-08270910-10677,SERV-01,53987.6,LATE_60,83,2023-11-06,2026-08-27,,
LN-08270910-10678,SERV-01,14175.62,CLOSED,0,2023-07-14,2026-08-27,,
LN-08270910-10679,SERV-01,122900.04,LATE_90,101,2023-12-20,2026-08-27,,
LN-08270910-10680,SERV-03,29121.95,LATE_30,31,2023-06-18,2026-08-27,,
LN-08270910-10681,SERV-01,7756.43,LATE_30,37,2023-06-03,2026-08-27,,
LN-08270910-10682,SERV-01,27956.08,CLOSED,0,2023-07-26,2026-08-27,,
LN-08270910-10683,SERV-03,216255.85,CURRENT,0,2023-06-16,2026-08-27,AUDIT-FLAG-4,
LN-08270910-10684,SERV-03,184982.4,LATE_60,70,2023-06-01,2026-08-27,AUDIT-FLAG-1,
LN-08270910-10685,SERV-03,28500.0,LATE_60,89,2023-06-26,2026-08-27,,
LN-08270910-10686,SERV-03,179652.77,LATE_30,58,2023-11-20,2026-08-27,,
LN-08270910-10687,SERV-02,7477.6,LATE_90,113,2023-10-18,2026-08-27,AUDIT-FLAG-4,
LN-08270910-10688,SERV-01,136663.41,LATE_30,54,2023-11-11,2026-08-27,,
LN-08270910-10689,SERV-01,78203.78,LATE_30,55,2023-06-12,2026-08-27,,
LN-08270910-10690,SERV-03,29973.93,LATE_90,113,2023-10-21,2026-08-27,,
LN-08270910-10691,SERV-02,7737.72,LATE_30,53,2023-03-09,2026-08-27,,
LN-08270910-10692,SERV-01,76435.61,LATE_90,117,2023-10-07,2026-08-27,,Servicer note line 692
LN-08270910-10693,SERV-01,38916.59,CLOSED,0,2024-01-12,2026-08-27,,
LN-08270910-10694,SERV-02,12100.0,LATE_45,38,2023-07-22,2026-08-27,AUDIT-FLAG-2,Servicer note line 694
LN-08270910-10695,SERV-02,168705.06,DEFAULT,159,2023-07-21,2026-08-27,AUDIT-FLAG-1,
LN-08270910-10696,SERV-03,50887.18,LATE_60,67,2023-11-02,2026-08-27,,
LN-08270910-10696,SERV-03,50987.18,LATE_60,67,2023-11-02,2026-08-27,,
LN-08270910-10697,SERV-02,145567.78,CURRENT,0,2023-07-12,2026-08-27,,
LN-08270910-10698,SERV-03,96963.18,LATE_30,48,2024-01-30,2026-08-27,AUDIT-FLAG-2,Servicer note line 698
LN-08270910-10699,SERV-03,56181.01,DEFAULT,296,2023-10-07,2026-08-27,AUDIT-FLAG-3,Servicer note line 699
LN-08270910-10700,SERV-02,142884.09,DEFAULT,242,2023-11-02,2026-08-27,AUDIT-FLAG-5,Servicer note line 700
LN-08270910-10701,SERV-01,210870.94,LATE_30,54,2023-11-04,2026-08-27,,
LN-08270910-10702,SERV-01,167778.26,LATE_60,82,2023-06-18,2026-08-27,,Servicer note line 702
LN-08270910-10703,SERV-02,118875.52,LATE_60,81,2023-08-05,2026-08-27,,
LN-08270910-10704,SERV-02,68513.69,CLOSED,0,2023-07-07,2026-08-27,,Servicer note line 704
LN-08270910-10705,SERV-03,174450.47,CLOSED,0,2024-02-19,2026-08-27,,
LN-08270910-10706,SERV-01,42635.44,LATE_30,43,2023-08-16,2026-08-27,,Servicer note line 706
LN-08270910-10707,SERV-01,211832.41,DEFAULT,213,2023-07-06,2026-08-27,,
LN-08270910-10708,SERV-03,59451.69,DEFAULT,351,2023-06-25,2026-08-27,,
LN-08270910-10709,SERV-02,50260.25,CURRENT,0,2023-12-16,2026-08-27,,
LN-08270910-10710,SERV-01,77843.53,CLOSED,0,2023-10-06,2026-08-27,,
LN-08270910-10711,SERV-01,209379.07,LATE_60,85,2023-05-14,2026-08-27,,
LN-08270910-10712,SERV-03,194144.97,DEFAULT,256,2023-04-19,2026-08-27,AUDIT-FLAG-1,Servicer note line 712
LN-08270910-10713,SERV-01,112747.49,LATE_90,103,2023-06-16,2026-08-27,,
LN-08270910-10714,SERV-02,6731.35,CURRENT,0,2023-04-08,2026-08-27,AUDIT-FLAG-5,
LN-08270910-10715,SERV-01,187655.19,LATE_90,102,2023-04-07,2026-08-27,,
LN-08270910-10716,SERV-03,61681.3,LATE_30,47,2023-07-23,2026-08-27,,
LN-08270910-10716,SERV-03,61781.3,LATE_30,47,2023-07-23,2026-08-27,,
LN-08270910-10717,SERV-01,93541.63,LATE_30,36,2023-07-07,2026-08-27,,
LN-08270910-10718,SERV-03,45000.0,CLOSED,0,2023-08-28,2026-08-27,AUDIT-FLAG-5,
LN-08270910-10424,SERV-01,181224.4,CLOSED,0,2023-09-17,2026-08-27,,
LN-08270910-10720,SERV-01,58935.92,LATE_60,67,2023-09-04,2026-08-27,,Servicer note line 720
LN-08270910-10721,SERV-02,36378.03,DEFAULT,260,2023-09-04,2026-08-27,,
LN-08270910-10722,SERV-01,103930.65,LATE_90,0,2024-02-22,2026-08-27,,
LN-08270910-10723,SERV-01,197142.63,CURRENT,0,2024-02-29,2026-08-27,AUDIT-FLAG-2,
LN-08270910-10724,SERV-02,26970.61,LATE_90,107,2023-06-05,2026-08-27,,
LN-08270910-10725,SERV-03,45000.0,CLOSED,0,2023-04-05,2026-08-27,AUDIT-FLAG-2,
LN-08270910-10726,SERV-03,162179.66,LATE_30,38,2023-04-08,2026-08-27,,Servicer note line 726
LN-08270910-10727,SERV-02,40229.81,LATE_90,91,2023-09-15,2026-08-27,,
LN-08270910-10728,SERV-02,15444.82,LATE_90,108,2023-07-09,2026-08-27,,
LN-08270910-10729,SERV-02,203749.94,LATE_60,86,2023-08-03,2026-08-27,,
LN-08270910-10730,SERV-03,12100.0,LATE_45,106,2023-11-24,2026-08-27,,
LN-08270910-10731,SERV-02,12100.0,LATE_45,280,2023-09-12,2026-08-27,,
LN-08270910-10732,SERV-03,71121.03,LATE_90,105,2023-06-01,2026-08-27,,
LN-08270910-10733,SERV-02,32244.97,CLOSED,0,2023-11-27,2026-08-27,AUDIT-FLAG-3,
LN-08270910-10734,SERV-01,128701.67,LATE_90,107,2023-08-01,2026-08-27,,
LN-08270910-10735,SERV-01,25110.71,LATE_60,82,2024-01-29,2026-08-27,,
LN-08270910-10736,SERV-03,10915.02,CLOSED,0,2023-08-02,2026-08-27,,
LN-08270910-10737,SERV-02,54715.87,LATE_60,65,2023-08-06,2026-08-27,AUDIT-FLAG-2,
LN-08270910-10738,SERV-02,192291.31,DEFAULT,282,2023-10-01,2026-08-27,,
LN-08270910-10739,SERV-03,227637.3,LATE_30,34,2024-01-15,2026-08-27,,Servicer note line 739
LN-08270910-10740,SERV-01,125462.65,LATE_60,63,2023-06-22,2026-08-27,,Servicer note line 740
LN-08270910-10741,SERV-01,83644.85,CLOSED,0,2023-10-26,2026-08-27,,
LN-08270910-10742,SERV-01,12715.99,CURRENT,0,2023-04-02,2026-08-27,,Servicer note line 742
LN-08270910-10743,SERV-01,128362.32,CURRENT,0,2023-05-09,2026-08-27,AUDIT-FLAG-1,Servicer note line 743
LN-08270910-10744,SERV-01,104150.37,LATE_30,32,2023-04-10,2026-08-27,,
LN-08270910-10745,SERV-01,99791.27,DEFAULT,319,15/01/2023,2026-08-27,,
LN-08270910-10746,SERV-01,9343.32,DEFAULT,158,2023-05-31,2026-08-27,,
LN-08270910-10747,SERV-01,157999.35,CLOSED,0,2023-07-26,2026-08-27,,
LN-08270910-10749,SERV-02,70333.96,DEFAULT,243,2024-01-23,2026-08-27,,
LN-08270910-10750,SERV-03,38588.41,DEFAULT,317,2023-08-15,2026-08-27,AUDIT-FLAG-4,
LN-08270910-10751,SERV-01,16177.49,LATE_60,75,2023-07-14,2026-08-27,,
LN-08270910-10752,SERV-03,28017.2,DEFAULT,168,2023-08-24,2026-08-27,AUDIT-FLAG-4,
LN-08270910-10510,SERV-01,69610.94,CURRENT,0,2023-07-15,2026-08-27,,
LN-08270910-10754,SERV-02,130028.78,LATE_30,44,2023-07-11,2026-08-27,AUDIT-FLAG-2,Servicer note line 754
LN-08270910-10755,SERV-01,50757.06,CURRENT,0,2024-01-02,2026-08-27,,
LN-08270910-10756,SERV-03,51039.58,LATE_90,90,2024-02-14,2026-08-27,AUDIT-FLAG-5,
LN-08270910-10757,SERV-03,166599.26,LATE_60,71,2023-09-25,2026-08-27,,
LN-08270910-10758,SERV-03,34634.12,LATE_90,96,2023-06-27,2026-08-27,,
LN-08270910-10759,SERV-03,45000.0,CLOSED,95,2023-05-23,2026-08-27,,
LN-08270910-10760,SERV-01,-77546.3,DEFAULT,192,2024-02-23,2026-08-27,,
LN-08270910-10761,SERV-03,82300.94,LATE_90,118,2024-01-10,2026-08-27,,
LN-08270910-10762,SERV-03,160478.08,LATE_90,112,2023-12-10,2026-08-27,,
LN-08270910-10763,SERV-03,74966.43,LATE_90,101,2023-08-17,2026-08-27,AUDIT-FLAG-4,
LN-08270910-10763,SERV-03,75066.43,LATE_90,101,2023-08-17,2026-08-27,AUDIT-FLAG-4,
LN-08270910-10764,SERV-03,133477.81,LATE_30,48,2023-03-21,2026-08-27,,
LN-08270910-10765,SERV-02,106395.49,LATE_30,39,2024-13-45,2026-08-27,,
LN-08270910-10766,SERV-02,26953.18,LATE_90,90,2024-01-05,2026-08-27,,
LN-08270910-10767,SERV-01,49459.42,LATE_30,34,2023-04-03,2026-08-27,,
LN-08270910-10768,SERV-03,27794.49,DEFAULT,278,2023-08-01,2026-08-27,AUDIT-FLAG-4,Servicer note line 768
LN-08270910-10769,SERV-02,141579.77,CURRENT,0,2024-01-09,2026-08-27,,
LN-08270910-10770,SERV-02,99065.69,CURRENT,0,2023-08-17,2026-08-27,,
LN-08270910-10771,SERV-03,45000.0,CLOSED,81,2023-10-05,2026-08-27,,
LN-08270910-10772,SERV-03,71200.91,CURRENT,0,2024-01-13,2026-08-27,,
LN-08270910-10773,SERV-03,110719.81,DEFAULT,300,2024-02-01,2026-08-27,,Servicer note line 773
LN-08270910-10774,SERV-01,59506.16,CURRENT,0,2023-09-09,2026-08-27,AUDIT-FLAG-5,
LN-08270910-10775,SERV-02,5986.06,CURRENT,0,2023-04-14,2026-08-27,,
LN-08270910-10776,SERV-03,132980.73,DEFAULT,277,2023-10-07,2026-08-27,,
LN-08270910-10777,SERV-01,235718.42,CURRENT,0,2023-09-06,2026-08-27,,Servicer note line 777
LN-08270910-10778,SERV-02,133854.18,LATE_30,31,2023-04-16,2026-08-27,,
LN-08270910-10779,SERV-03,217780.07,LATE_90,115,2023-04-19,2026-08-27,,
LN-08270910-10780,SERV-03,55442.95,CURRENT,0,2023-11-14,2026-08-27,,
LN-08270910-10781,SERV-03,46558.0,LATE_90,104,2023-10-19,2026-08-27,,
LN-08270910-10782,SERV-02,57995.75,LATE_30,34,2023-07-02,2026-08-27,,
LN-08270910-10783,SERV-02,6823.13,LATE_30,41,2023-03-12,2026-08-27,,Servicer note line 783
LN-08270910-10222,SERV-02,145986.7,LATE_90,105,2023-06-13,2026-08-27,,
LN-08270910-10785,SERV-01,12100.0,LATE_45,47,2023-03-04,2026-08-27,,
LN-08270910-10786,SERV-03,93104.72,CURRENT,0,2023-04-03,2026-08-27,,
LN-08270910-10787,SERV-03,38949.51,DEFAULT,186,2023-03-25,2026-08-27,,
LN-08270910-10788,SERV-01,50637.08,CLOSED,0,2023-09-15,2026-08-27,,
LN-08270910-10789,SERV-01,12892.97,CLOSED,0,2023-08-18,2026-08-27,,
LN-08270910-10790,SERV-01,107438.41,LATE_60,62,2024-02-23,2026-08-27,,Servicer note line 790
LN-08270910-10791,SERV-03,97483.83,LATE_30,49,2023-03-03,2026-08-27,,
LN-08270910-10792,SERV-03,41640.29,LATE_60,74,2023-04-10,2026-08-27,AUDIT-FLAG-5,
LN-08270910-10793,SERV-01,15709.29,LATE_90,114,2023-11-06,2026-08-27,,
LN-08270910-10794,SERV-02,47544.54,DEFAULT,345,2023-09-25,2026-08-27,,
LN-08270910-10795,SERV-01,238812.71,DEFAULT,252,2023-07-28,2026-08-27,,
LN-08270910-10796,SERV-02,9949.45,CURRENT,0,2024.05.10,2026-08-27,,
LN-08270910-10797,SERV-02,202241.09,LATE_90,95,2023-03-29,2026-08-27,,
LN-08270910-10798,SERV-02,73997.44,CLOSED,0,2023-10-25,2026-08-27,,
LN-08270910-10799,SERV-03,27030.78,CURRENT,0,2023-05-13,2026-08-27,,Servicer note line 799
LN-08270910-10800,SERV-01,76459.39,CLOSED,0,2023-10-18,2026-08-27,,
LN-08270910-10801,SERV-03,23994.73,LATE_90,100,2023-05-20,2026-08-27,,
LN-08270910-10802,SERV-01,117322.06,LATE_60,86,2023-08-02,2026-08-27,AUDIT-FLAG-2,
LN-08270910-10803,SERV-01,46347.85,CURRENT,0,2023-09-03,2026-08-27,,
LN-08270910-10804,SERV-01,65574.68,LATE_90,103,2023-08-02,2026-08-27,,
LN-08270910-10805,SERV-01,20994.17,LATE_60,83,2023-07-28,2026-08-27,,
LN-08270910-10806,SERV-03,37462.76,CLOSED,0,2023-10-19,2026-08-27,,
LN-08270910-10807,SERV-03,12100.0,LATE_45,105,2023-10-06,2026-08-27,,
LN-08270910-10808,SERV-02,4475.32,CLOSED,0,2023-10-25,2026-08-27,,
LN-08270910-10809,SERV-02,35585.66,LATE_30,43,2023-07-16,2026-08-27,,Servicer note line 809
LN-08270910-10810,SERV-03,37817.89,CURRENT,0,2023-05-25,2026-08-27,AUDIT-FLAG-4,Servicer note line 810
LN-08270910-10811,SERV-03,44500.86,CURRENT,0,2023-04-27,2026-08-27,,
LN-08270910-10812,SERV-02,86083.32,DEFAULT,199,2024-02-20,2026-08-27,,
LN-08270910-10812,SERV-02,86183.32,DEFAULT,199,2024-02-20,2026-08-27,,
LN-08270910-10813,SERV-03,48454.68,CLOSED,0,2023-12-27,2026-08-27,,
LN-08270910-10814,SERV-01,145975.61,LATE_90,95,2023-12-16,2026-08-27,,Servicer note line 814
LN-08270910-10815,SERV-03,85938.16,DEFAULT,260,2024-01-16,2026-08-27,AUDIT-FLAG-3,
LN-08270910-10816,SERV-03,28023.47,LATE_60,80,2023-11-01,2026-08-27,,
LN-08270910-10817,SERV-02,25957.9,CURRENT,0,2023-11-06,2026-08-27,,Servicer note line 817
LN-08270910-10818,SERV-01,38749.88,LATE_90,111,2023-06-09,2026-08-27,,
LN-08270910-10819,SERV-03,89943.48,LATE_60,72,2023-04-28,2026-08-27,,Servicer note line 819
LN-08270910-10820,SERV-03,79388.66,CURRENT,0,2023-09-09,2026-08-27,AUDIT-FLAG-3,
LN-08270910-10821,SERV-01,44673.13,LATE_30,58,2023-12-06,2026-08-27,,
LN-08270910-10822,SERV-03,180928.28,CLOSED,0,2023-10-16,2026-08-27,,
LN-08270910-10498,SERV-03,83595.43,DEFAULT,247,2023-06-09,2026-08-27,,Servicer note line 823
LN-08270910-10824,SERV-03,94535.32,LATE_90,116,2023-03-03,2026-08-27,,
LN-08270910-10825,SERV-03,68484.17,DEFAULT,301,2023-05-21,2026-08-27,AUDIT-FLAG-3,
LN-08270910-10826,SERV-02,91737.32,DEFAULT,341,2023-07-18,2026-08-27,,
LN-08270910-10827,SERV-02,62031.2,DEFAULT,166,2023-05-20,2026-08-27,AUDIT-FLAG-3,
LN-08270910-10828,SERV-02,-126540.74,LATE_90,118,2023-09-02,2026-08-27,,Servicer note line 828
LN-08270910-10829,SERV-01,233876.79,CURRENT,0,2023-04-26,2026-08-27,,
LN-08270910-10830,SERV-01,34506.52,LATE_90,113,2023-09-21,2026-08-27,,
LN-08270910-10831,SERV-02,45011.75,CURRENT,0,2023-09-01,2026-08-27,AUDIT-FLAG-2,
LN-08270910-10832,SERV-03,32370.64,LATE_60,78,05-10-2024,2026-08-27,,
LN-08270910-10833,SERV-02,53434.37,LATE_60,73,2023-04-28,2026-08-27,,Servicer note line 833
LN-08270910-10372,SERV-03,94582.32,LATE_90,116,2023-03-04,2026-08-27,,
LN-08270910-10835,SERV-01,15302.83,CLOSED,0,2023-03-13,2026-08-27,,
LN-08270910-10835,SERV-01,15402.83,CLOSED,0,2023-03-13,2026-08-27,,
LN-08270910-10836,SERV-03,125549.67,DEFAULT,248,2023-03-17,2026-08-27,,
LN-08270910-10837,SERV-01,84461.56,CLOSED,0,2023-05-05,2026-08-27,,
LN-08270910-10838,SERV-01,12100.0,LATE_45,0,2023-05-04,2026-08-27,,
LN-08270910-10839,SERV-02,21777.68,CLOSED,0,2023-09-19,2026-08-27,,
LN-08270910-10840,SERV-03,29178.99,LATE_30,44,2023-03-31,2026-08-27,AUDIT-FLAG-5,
LN-08270910-10841,SERV-01,142097.1,LATE_60,15,2023-11-11,2026-08-27,,
LN-08270910-10842,SERV-02,22763.11,LATE_90,112,2023-06-24,2026-08-27,,
LN-08270910-10843,SERV-01,33264.22,LATE_30,51,2023-09-21,2026-08-27,,
LN-08270910-10844,SERV-03,118919.87,LATE_60,70,2023-05-20,2026-08-27,,
LN-08270910-10845,SERV-03,185850.81,LATE_90,0,2024-02-09,2026-08-27,,
LN-08270910-10846,SERV-03,191179.75,LATE_60,88,2023-08-27,2026-08-27,,
LN-08270910-10847,SERV-01,39148.86,LATE_90,116,2023-07-24,2026-08-27,AUDIT-FLAG-5,
LN-08270910-10848,SERV-01,27654.39,CURRENT,0,2024-02-26,2026-08-27,,
LN-08270910-10849,SERV-02,82819.75,DEFAULT,233,2023-10-08,2026-08-27,AUDIT-FLAG-5,
LN-08270910-10850,SERV-02,11877.76,DEFAULT,179,2023-11-09,2026-08-27,,
LN-08270910-10851,SERV-01,151837.51,LATE_60,83,2023-11-03,2026-08-27,,
LN-08270910-10852,SERV-02,16019.22,LATE_90,118,2023-06-23,2026-08-27,,
LN-08270910-10853,SERV-03,41843.29,CLOSED,0,2023-06-24,2026-08-27,,
LN-08270910-10854,SERV-03,96050.5,CLOSED,0,2023-04-30,2026-08-27,,
LN-08270910-10855,SERV-03,60518.31,CLOSED,0,2023-08-30,2026-08-27,,
LN-08270910-10856,SERV-02,162603.66,CLOSED,0,2023-07-27,2026-08-27,,Servicer note line 856
LN-08270910-10857,SERV-01,62286.78,CLOSED,0,2023-05-14,2026-08-27,AUDIT-FLAG-1,
LN-08270910-10858,SERV-02,202838.34,LATE_30,53,2023-06-19,2026-08-27,,
LN-08270910-10859,SERV-02,121688.62,LATE_30,53,2023-05-15,2026-08-27,,
LN-08270910-10860,SERV-01,148926.88,LATE_60,66,2023-06-25,2026-08-27,AUDIT-FLAG-5,
LN-08270910-10861,SERV-01,104127.15,LATE_60,85,2024-02-05,2026-08-27,,
LN-08270910-10862,SERV-01,51689.79,CLOSED,0,2023-07-16,2026-08-27,,
LN-08270910-10863,SERV-03,86600.96,LATE_90,112,2024-02-20,2026-08-27,,
LN-08270910-10864,SERV-01,41327.59,CURRENT,0,2023-07-29,2026-08-27,,
LN-08270910-10865,SERV-03,5180.65,DEFAULT,191,2023-07-20,2026-08-27,,
LN-08270910-10866,SERV-01,94670.57,LATE_60,87,2023-12-28,2026-08-27,,
LN-08270910-10867,SERV-03,51541.11,LATE_90,112,2024-02-17,2026-08-27,,
LN-08270910-10868,SERV-02,129511.18,LATE_90,94,2023-08-17,2026-08-27,,
LN-08270910-10869,SERV-02,106537.24,CURRENT,0,2023-03-05,2026-08-27,,
LN-08270910-10870,SERV-01,40236.75,LATE_30,30,2023-11-15,2026-08-27,AUDIT-FLAG-5,
LN-08270910-10871,SERV-03,42295.33,LATE_60,71,2023-06-20,2026-08-27,AUDIT-FLAG-5,
LN-08270910-10872,SERV-03,7352.78,CURRENT,0,2023-12-01,2026-08-27,,
LN-08270910-10873,SERV-02,56172.04,DEFAULT,199,2023-04-28,2026-08-27,AUDIT-FLAG-1,
LN-08270910-10874,SERV-03,79043.24,LATE_60,62,2024-01-21,2026-08-27,,
LN-08270910-10875,SERV-01,45000.0,CLOSED,74,2023-04-28,2026-08-27,,
LN-08270910-10876,SERV-01,35480.73,LATE_90,90,15/01/2023,2026-08-27,,
LN-08270910-10877,SERV-01,16353.77,LATE_30,48,2023-03-31,2026-08-27,,Servicer note line 877
LN-08270910-10878,SERV-03,138370.07,LATE_30,38,2023-04-08,2026-08-27,,
LN-08270910-10879,SERV-01,79804.55,LATE_90,93,2024-02-19,2026-08-27,,
LN-08270910-10880,SERV-01,185334.69,LATE_60,15,2023-05-29,2026-08-27,,
LN-08270910-10881,SERV-01,-27308.99,LATE_30,49,2023-06-22,2026-08-27,AUDIT-FLAG-4,Servicer note line 881
LN-08270910-10882,SERV-03,139655.82,CLOSED,0,2024-02-01,2026-08-27,AUDIT-FLAG-5,
LN-08270910-10883,SERV-01,-65890.25,LATE_90,99,2024-01-20,2026-08-27,,Servicer note line 883
LN-08270910-10884,SERV-01,86916.55,LATE_60,80,2024-01-19,2026-08-27,,
LN-08270910-10886,SERV-02,119277.86,DEFAULT,173,2023-08-26,2026-08-27,,Servicer note line 886
LN-08270910-10887,SERV-02,45000.0,CLOSED,255,2023-11-06,2026-08-27,,Servicer note line 887
LN-08270910-10888,SERV-02,82999.56,CURRENT,0,2023-08-15,2026-08-27,,
LN-08270910-10889,SERV-03,52264.3,LATE_90,94,2023-09-26,2026-08-27,,
LN-08270910-10890,SERV-02,91760.77,LATE_60,78,2023-03-31,2026-08-27,,Servicer note line 890
LN-08270910-10891,SERV-03,113351.87,CLOSED,0,2023-12-31,2026-08-27,,
LN-08270910-10892,SERV-03,16390.8,LATE_30,44,2023-03-24,2026-08-27,,Servicer note line 892
LN-08270910-10893,SERV-01,133794.41,CURRENT,0,2023-10-16,2026-08-27,,
LN-08270910-10894,SERV-02,98673.38,DEFAULT,151,2023-10-30,2026-08-27,,
LN-08270910-10895,SERV-03,59596.15,CURRENT,0,2023-04-16,2026-08-27,,
LN-08270910-10896,SERV-01,138963.9,LATE_60,77,2023-04-13,2026-08-27,,
LN-08270910-10897,SERV-03,133398.22,CURRENT,0,2024-02-18,2026-08-27,,Servicer note line 897
LN-08270910-10898,SERV-01,123513.82,LATE_30,51,2023-12-08,2026-08-27,,
LN-08270910-10899,SERV-02,231379.29,CURRENT,0,2024-01-25,2026-08-27,,
LN-08270910-10900,SERV-03,59953.55,CURRENT,0,2023-09-02,2026-08-27,AUDIT-FLAG-3,Servicer note line 900
LN-08270910-10901,SERV-01,102051.9,CLOSED,0,2023-03-07,2026-08-27,,
LN-08270910-10902,SERV-01,92121.67,DEFAULT,305,2023-04-09,2026-08-27,,
LN-08270910-10903,SERV-03,107103.1,CURRENT,0,2023-06-01,2026-08-27,,
LN-08270910-10904,SERV-03,37539.09,DEFAULT,202,2023-05-09,2026-08-27,AUDIT-FLAG-2,
LN-08270910-10905,SERV-03,96709.09,CLOSED,0,2023-05-03,2026-08-27,AUDIT-FLAG-4,
LN-08270910-10906,SERV-01,46096.62,CURRENT,0,2024-03-01,2026-08-27,,
LN-08270910-10907,SERV-02,14458.45,LATE_90,108,2024-02-01,2026-08-27,,
LN-08270910-10908,SERV-01,153719.43,CURRENT,0,2023-08-07,2026-08-27,,
LN-08270910-10909,SERV-01,88918.22,LATE_90,104,2023-06-17,2026-08-27,AUDIT-FLAG-4,Servicer note line 909
LN-08270910-10910,SERV-03,42751.26,CURRENT,0,2023-04-30,2026-08-27,,
LN-08270910-10911,SERV-02,28816.8,LATE_60,81,2023-07-04,2026-08-27,,
LN-08270910-10912,SERV-01,99055.7,DEFAULT,287,2023-12-10,2026-08-27,,
LN-08270910-10913,SERV-01,119255.44,LATE_60,65,2024-02-22,2026-08-27,,
LN-08270910-10914,SERV-02,50079.31,DEFAULT,133,2023-08-11,2026-08-27,,
LN-08270910-10916,SERV-02,11318.42,LATE_60,69,2024-03-01,2026-08-27,,
LN-08270910-10917,SERV-03,22595.74,LATE_60,65,2023-08-08,2026-08-27,,
LN-08270910-10918,SERV-03,220951.32,LATE_30,36,2023-06-28,2026-08-27,,Servicer note line 918
LN-08270910-10919,SERV-02,172857.44,CLOSED,0,2023-09-04,2026-08-27,,Servicer note line 919
LN-08270910-10920,SERV-02,11832.47,CLOSED,0,2024-02-19,2026-08-27,AUDIT-FLAG-2,
LN-08270910-10921,SERV-02,77190.95,LATE_30,45,2023-08-31,2026-08-27,,
LN-08270910-10922,SERV-01,7972.91,DEFAULT,297,2023-09-16,2026-08-27,,
LN-08270910-10923,SERV-02,112322.82,LATE_30,39,2023-06-14,2026-08-27,,
LN-08270910-10924,SERV-01,41272.43,LATE_30,58,2023-03-23,2026-08-27,,
LN-08270910-10925,SERV-03,38885.35,CURRENT,0,2024-01-21,2026-08-27,,
LN-08270910-10926,SERV-03,171403.73,LATE_90,100,2023-09-20,2026-08-27,,
LN-08270910-10927,SERV-01,102818.46,LATE_90,93,2023-09-23,2026-08-27,AUDIT-FLAG-3,
LN-08270910-10927,SERV-01,102918.46,LATE_90,93,2023-09-23,2026-08-27,AUDIT-FLAG-3,
LN-08270910-10928,SERV-03,70105.48,DEFAULT,169,2024-01-29,2026-08-27,AUDIT-FLAG-4,
LN-08270910-10929,SERV-01,103435.49,LATE_30,30,2023-05-28,2026-08-27,,
LN-08270910-10930,SERV-02,16013.49,CURRENT,0,2023-11-29,2026-08-27,AUDIT-FLAG-2,
LN-08270910-10931,SERV-01,12500.72,CLOSED,0,2023-04-28,2026-08-27,,
LN-08270910-10932,SERV-02,137795.34,LATE_60,76,2024.05.10,2026-08-27,,
LN-08270910-10933,SERV-02,26195.24,LATE_60,67,2024-01-29,2026-08-27,,
LN-08270910-10935,SERV-01,117324.39,LATE_60,64,2024-01-08,2026-08-27,AUDIT-FLAG-1,
LN-08270910-10936,SERV-02,45000.0,CLOSED,334,2023-12-03,2026-08-27,,
LN-08270910-10937,SERV-01,35385.67,LATE_90,113,2023-03-18,2026-08-27,,
LN-08270910-10938,SERV-02,16304.8,DEFAULT,128,2023-05-09,2026-08-27,,
LN-08270910-10025,SERV-03,46271.1,LATE_90,104,2024-02-19,2026-08-27,,
LN-08270910-10940,SERV-03,105898.55,CLOSED,0,2023-09-25,2026-08-27,,Servicer note line 940
LN-08270910-10941,SERV-01,132724.22,CLOSED,0,2023-11-28,2026-08-27,AUDIT-FLAG-4,
LN-08270910-10942,SERV-01,28500.0,DEFAULT,191,2024-02-04,2026-08-27,,
LN-08270910-10943,SERV-01,43940.99,LATE_90,90,2023-12-04,2026-08-27,AUDIT-FLAG-1,
LN-08270910-10944,SERV-02,15954.47,DEFAULT,122,2024-01-15,2026-08-27,,Servicer note line 944
LN-08270910-10945,SERV-01,29045.34,LATE_30,46,2023-09-15,2026-08-27,AUDIT-FLAG-1,
LN-08270910-10946,SERV-03,8512.06,LATE_30,33,2023-11-26,2026-08-27,,
LN-08270910-10947,SERV-03,55076.69,LATE_90,117,2023-03-13,2026-08-27,,Servicer note line 947
LN-08270910-10948,SERV-01,34994.09,LATE_90,106,2023-12-04,2026-08-27,,Servicer note line 948
LN-08270910-10949,SERV-01,76619.38,LATE_30,34,2023-08-21,2026-08-27,,
LN-08270910-10950,SERV-01,20883.21,CURRENT,0,2023-03-23,2026-08-27,AUDIT-FLAG-3,
LN-08270910-10951,SERV-03,42921.4,LATE_90,104,2023-08-21,2026-08-27,,
LN-08270910-10952,SERV-03,83181.09,DEFAULT,157,2024-02-16,2026-08-27,,Servicer note line 952
LN-08270910-10953,SERV-03,63050.35,DEFAULT,339,2023-04-06,2026-08-27,,Servicer note line 953
LN-08270910-10954,SERV-01,72788.28,DEFAULT,241,2023-11-28,2026-08-27,,
LN-08270910-10955,SERV-03,4228.06,CURRENT,0,2024-02-26,2026-08-27,,
LN-08270910-10956,SERV-02,24579.73,LATE_90,97,2023-03-15,2026-08-27,,
LN-08270910-10957,SERV-01,4130.47,DEFAULT,276,2023-11-17,2026-08-27,,
LN-08270910-10958,SERV-02,37319.24,DEFAULT,324,2023-03-14,2026-08-27,,
LN-08270910-10959,SERV-02,30453.76,LATE_90,101,2023-07-11,2026-08-27,AUDIT-FLAG-5,
LN-08270910-10960,SERV-02,84948.44,CURRENT,0,2023-09-02,2026-08-27,,
LN-08270910-10961,SERV-02,73823.1,LATE_90,110,2023-04-01,2026-08-27,,Servicer note line 961
LN-08270910-10962,SERV-01,103230.71,CLOSED,0,2024-01-23,2026-08-27,,
LN-08270910-10963,SERV-02,11743.17,LATE_60,64,2023-03-06,2026-08-27,,
LN-08270910-10964,SERV-03,49185.39,CLOSED,0,2023-10-09,2026-08-27,,
LN-08270910-10965,SERV-02,18296.41,DEFAULT,235,2023-12-28,2026-08-27,,
LN-08270910-10966,SERV-01,32605.34,DEFAULT,283,2023-11-21,2026-08-27,,
LN-08270910-10967,SERV-02,85444.09,LATE_60,84,2023-05-19,2026-08-27,,
LN-08270910-10968,SERV-03,12100.0,LATE_45,0,2023-05-27,2026-08-27,,Servicer note line 968
LN-08270910-10969,SERV-03,26306.36,LATE_60,87,2023-09-10,2026-08-27,,
LN-08270910-10970,SERV-02,28500.0,LATE_90,117,2023-03-20,2026-08-27,,
LN-08270910-10971,SERV-02,164848.32,CURRENT,0,2023-10-21,2026-08-27,,Servicer note line 971
LN-08270910-10972,SERV-01,29095.62,LATE_60,79,2023-03-15,2026-08-27,,
LN-08270910-10973,SERV-02,207842.41,LATE_90,107,2024-01-13,2026-08-27,,
LN-08270910-10974,SERV-01,144470.56,CLOSED,0,2023-03-08,2026-08-27,,
LN-08270910-10975,SERV-02,94061.9,LATE_90,90,2023-12-20,2026-08-27,AUDIT-FLAG-5,
LN-08270910-10976,SERV-03,45000.0,CLOSED,265,2023-11-05,2026-08-27,AUDIT-FLAG-5,
LN-08270910-10977,SERV-01,26580.4,LATE_90,115,2023-09-12,2026-08-27,,
LN-08270910-10978,SERV-01,45590.67,CLOSED,0,2023-10-06,2026-08-27,,
LN-08270910-10979,SERV-03,6379.14,CLOSED,0,2023-07-24,2026-08-27,,
LN-08270910-10980,SERV-01,82826.14,DEFAULT,123,2023-05-05,2026-08-27,,Servicer note line 980
LN-08270910-10981,SERV-02,168739.25,CLOSED,0,2024-01-31,2026-08-27,,
LN-08270910-10982,SERV-01,100003.82,LATE_60,62,2023-12-11,2026-08-27,,
LN-08270910-10983,SERV-03,77002.98,LATE_90,119,2024-01-18,2026-08-27,,
LN-08270910-10984,SERV-01,45000.0,CLOSED,274,2023-09-28,2026-08-27,,
LN-08270910-10985,SERV-01,38176.7,CLOSED,0,2023-05-12,2026-08-27,,
LN-08270910-10986,SERV-02,23377.96,LATE_90,95,2023-03-16,2026-08-27,AUDIT-FLAG-1,
LN-08270910-10987,SERV-03,13022.46,CLOSED,0,2023-09-01,2026-08-27,,
LN-08270910-10988,SERV-03,11824.02,CURRENT,0,2023-10-08,2026-08-27,,
LN-08270910-10989,SERV-02,27740.09,LATE_90,113,15/01/2023,2026-08-27,,
LN-08270910-10990,SERV-01,82135.27,LATE_60,82,2023-07-20,2026-08-27,,
LN-08270910-10991,SERV-03,28500.0,DEFAULT,148,2024-01-26,2026-08-27,,
LN-08270910-10992,SERV-02,176361.57,DEFAULT,262,2023-07-11,2026-08-27,,Servicer note line 992
LN-08270910-10993,SERV-03,6615.52,LATE_60,81,2023-07-02,2026-08-27,AUDIT-FLAG-3,Servicer note line 993
LN-08270910-10994,SERV-03,28500.0,LATE_90,112,2023-08-17,2026-08-27,,
LN-08270910-10996,SERV-03,34118.08,LATE_30,32,2023-05-18,2026-08-27,,
LN-08270910-10997,SERV-03,140903.41,DEFAULT,173,2023-06-15,2026-08-27,,
LN-08270910-10998,SERV-03,57901.93,LATE_60,76,2024-01-09,2026-08-27,,
LN-08270910-10999,SERV-03,110416.41,LATE_60,15,2023-03-13,2026-08-27,,
LN-08270910-11000,SERV-03,64146.99,LATE_30,35,2023-03-21,2026-08-27,,
LN-08270910-11001,SERV-03,47126.65,CLOSED,0,2023-07-29,2026-08-27,,Servicer note line 1001
LN-08270910-11002,SERV-01,16222.89,CLOSED,0,2024-01-11,2026-08-27,,
LN-08270910-11003,SERV-01,28595.95,CLOSED,0,2024-01-02,2026-08-27,,
LN-08270910-11004,SERV-01,14555.67,CLOSED,0,2023-11-22,2026-08-27,AUDIT-FLAG-1,
LN-08270910-11005,SERV-02,28500.0,CLOSED,0,2023-07-05,2026-08-27,,Servicer note line 1005
LN-08270910-10411,SERV-02,45066.37,LATE_90,102,2023-07-25,2026-08-27,,
LN-08270910-11007,SERV-03,12279.77,DEFAULT,131,2023-07-22,2026-08-27,AUDIT-FLAG-1,
LN-08270910-11008,SERV-01,18909.68,LATE_60,84,2023-09-11,2026-08-27,,
LN-08270910-11009,SERV-02,34795.7,LATE_90,103,2023-05-31,2026-08-27,,
LN-08270910-11010,SERV-01,27234.01,LATE_90,117,2023-07-16,2026-08-27,AUDIT-FLAG-2,
LN-08270910-11011,SERV-02,158710.61,LATE_90,90,2023-06-04,2026-08-27,AUDIT-FLAG-2,
LN-08270910-11012,SERV-03,34699.83,DEFAULT,354,2023-07-03,2026-08-27,,Servicer note line 1012
LN-08270910-11013,SERV-01,75525.65,LATE_90,104,2023-10-26,2026-08-27,AUDIT-FLAG-2,
LN-08270910-11014,SERV-02,52053.12,LATE_60,68,2023-09-12,2026-08-27,,
LN-08270910-11015,SERV-01,45000.0,CLOSED,0,2024-01-28,2026-08-27,AUDIT-FLAG-5,
LN-08270910-11016,SERV-03,18070.78,LATE_90,112,2023-05-10,2026-08-27,,Servicer note line 1016
LN-08270910-11017,SERV-01,190980.37,CURRENT,0,2023-11-07,2026-08-27,,
LN-08270910-11018,SERV-02,43281.55,LATE_30,30,2023-12-20,2026-08-27,AUDIT-FLAG-5,Servicer note line 1018
LN-08270910-11019,SERV-02,15447.42,DEFAULT,263,2023-10-18,2026-08-27,,
LN-08270910-11020,SERV-01,50481.27,CURRENT,0,2023-09-12,2026-08-27,AUDIT-FLAG-2,
LN-08270910-11021,SERV-02,9942.67,LATE_90,113,2023-06-27,2026-08-27,,
LN-08270910-11022,SERV-01,39947.5,CLOSED,0,2023-05-18,2026-08-27,,
LN-08270910-11023,SERV-03,141665.47,LATE_30,50,2023-05-17,2026-08-27,,
LN-08270910-11024,SERV-03,56882.41,CLOSED,0,2023-03-05,2026-08-27,,
LN-08270910-11025,SERV-03,31416.61,CURRENT,0,2023-03-24,2026-08-27,,
LN-08270910-11026,SERV-02,24348.41,LATE_30,49,2023-04-14,2026-08-27,,Servicer note line 1026
LN-08270910-11027,SERV-02,88500.36,CLOSED,0,15/01/2023,2026-08-27,,
LN-08270910-11028,SERV-02,48939.07,LATE_30,30,2023-07-02,2026-08-27,,Servicer note line 1028
LN-08270910-11029,SERV-01,49494.28,DEFAULT,318,2024-01-17,2026-08-27,,
LN-08270910-11030,SERV-01,229303.91,LATE_30,43,2023-12-02,2026-08-27,,
LN-08270910-11031,SERV-02,25084.63,CURRENT,0,2023-08-13,2026-08-27,,
LN-08270910-11032,SERV-01,53402.59,DEFAULT,319,2023-10-14,2026-08-27,,Servicer note line 1032
LN-08270910-10133,SERV-03,92256.88,LATE_30,58,2023-11-20,2026-08-27,,
LN-08270910-11034,SERV-03,30798.24,LATE_90,104,2023-03-11,2026-08-27,AUDIT-FLAG-5,Servicer note line 1034
LN-08270910-10893,SERV-03,147963.49,LATE_30,31,2023-12-12,2026-08-27,AUDIT-FLAG-2,
LN-08270910-11037,SERV-03,89666.45,LATE_90,114,2023-08-04,2026-08-27,,Servicer note line 1037
LN-08270910-11038,SERV-02,106242.3,CURRENT,0,2023-10-16,2026-08-27,,
LN-08270910-11039,SERV-02,53016.0,LATE_90,119,2023-03-22,2026-08-27,,
LN-08270910-11040,SERV-01,9366.31,LATE_30,32,2023-06-30,2026-08-27,AUDIT-FLAG-3,
LN-08270910-11041,SERV-01,82923.4,CURRENT,90,2023-11-20,2026-08-27,,
LN-08270910-11042,SERV-03,9666.53,LATE_30,58,2023-08-02,2026-08-27,AUDIT-FLAG-3,
LN-08270910-11043,SERV-03,134527.1,DEFAULT,154,2023-11-17,2026-08-27,,
LN-08270910-11044,SERV-01,12596.24,LATE_30,57,2024-02-16,2026-08-27,,Servicer note line 1044
LN-08270910-11045,SERV-02,32864.4,LATE_30,44,2023-04-20,2026-08-27,,Servicer note line 1045
LN-08270910-11046,SERV-02,143621.59,LATE_30,33,2023-07-25,2026-08-27,,
LN-08270910-11047,SERV-01,33217.49,CURRENT,0,2023-03-11,2026-08-27,,
LN-08270910-11048,SERV-03,144863.23,DEFAULT,330,2023-11-03,2026-08-27,,
LN-08270910-11049,SERV-02,212497.57,LATE_60,76,2023-07-26,2026-08-27,,
LN-08270910-11050,SERV-01,21337.79,CURRENT,0,2023-03-11,2026-08-27,,
LN-08270910-11051,SERV-03,53780.49,CLOSED,0,2023-10-26,2026-08-27,,
LN-08270910-11052,SERV-01,22239.9,LATE_60,67,2023-06-08,2026-08-27,,
LN-08270910-11053,SERV-03,23454.18,LATE_60,79,2024-01-05,2026-08-27,,
LN-08270910-11054,SERV-01,36689.72,LATE_60,71,2023-09-22,2026-08-27,,
LN-08270910-11055,SERV-01,35305.81,DEFAULT,351,2023-12-04,2026-08-27,,
LN-08270910-11056,SERV-01,73247.04,LATE_90,98,2023-10-03,2026-08-27,,
LN-08270910-11057,SERV-02,81423.75,DEFAULT,345,2023-10-06,2026-08-27,,
LN-08270910-11058,SERV-03,18985.06,CLOSED,0,2023-10-19,2026-08-27,AUDIT-FLAG-3,
LN-08270910-11060,SERV-01,63814.88,LATE_60,72,2023-05-12,2026-08-27,,
LN-08270910-11061,SERV-01,105740.59,LATE_90,112,2023-06-03,2026-08-27,,
LN-08270910-11062,SERV-02,35706.98,LATE_30,44,2023-03-26,2026-08-27,,
LN-08270910-11063,SERV-01,28271.74,LATE_60,64,2023-07-27,2026-08-27,,
LN-08270910-11064,SERV-01,130547.79,LATE_90,30,2024-02-16,2026-08-27,,
LN-08270910-11065,SERV-02,52094.38,DEFAULT,327,2024-01-23,2026-08-27,AUDIT-FLAG-3,
LN-08270910-11066,SERV-03,18317.54,DEFAULT,245,2023-06-10,2026-08-27,,
LN-08270910-11067,SERV-02,146865.05,DEFAULT,140,2023-05-04,2026-08-27,,
LN-08270910-11068,SERV-01,36954.46,LATE_30,56,2023-08-24,2026-08-27,,
LN-08270910-11069,SERV-02,64299.56,LATE_60,86,2023-06-06,2026-08-27,,
LN-08270910-11070,SERV-02,94654.25,CLOSED,0,2023-05-02,2026-08-27,,
LN-08270910-11071,SERV-02,166794.11,LATE_90,117,2023-11-07,2026-08-27,,Servicer note line 1071
LN-08270910-11072,SERV-03,14789.13,CURRENT,0,2023-07-31,2026-08-27,,Servicer note line 1072
LN-08270910-11073,SERV-03,97553.79,DEFAULT,339,2023-08-19,2026-08-27,AUDIT-FLAG-1,
LN-08270910-11074,SERV-03,28930.11,LATE_60,86,2023-08-01,2026-08-27,,
LN-08270910-11075,SERV-03,54722.55,LATE_60,69,2024-01-05,2026-08-27,,
LN-08270910-11076,SERV-02,210000.35,DEFAULT,207,2024-01-02,2026-08-27,,
LN-08270910-11077,SERV-02,18810.3,DEFAULT,306,2023-12-21,2026-08-27,AUDIT-FLAG-3,
LN-08270910-11078,SERV-01,57906.59,CURRENT,0,2023-08-06,2026-08-27,AUDIT-FLAG-1,Servicer note line 1078
LN-08270910-11079,SERV-03,143450.49,DEFAULT,258,2023-07-28,2026-08-27,,Servicer note line 1079
LN-08270910-11080,SERV-02,72517.27,LATE_60,71,2023-05-19,2026-08-27,,
LN-08270910-11081,SERV-01,28704.91,LATE_60,62,2023-04-12,2026-08-27,,
LN-08270910-11082,SERV-01,126980.92,LATE_60,86,2023-08-29,2026-08-27,AUDIT-FLAG-1,
LN-08270910-11083,SERV-03,116424.29,LATE_60,86,2023-04-10,2026-08-27,AUDIT-FLAG-1,
LN-08270910-11084,SERV-01,49384.45,LATE_90,94,2024-02-26,2026-08-27,AUDIT-FLAG-4,
LN-08270910-11085,SERV-02,61298.46,CURRENT,0,05-10-2024,2026-08-27,AUDIT-FLAG-1,
LN-08270910-11086,SERV-03,135574.84,LATE_60,71,2023-03-18,2026-08-27,,
LN-08270910-11087,SERV-02,80373.03,DEFAULT,193,2023-09-28,2026-08-27,,
LN-08270910-11088,SERV-01,50541.62,CURRENT,0,2024-01-15,2026-08-27,,
LN-08270910-11089,SERV-03,93050.27,CURRENT,0,2023-06-01,2026-08-27,,
LN-08270910-11090,SERV-01,208281.54,LATE_60,61,2023-04-18,2026-08-27,AUDIT-FLAG-5,
LN-08270910-11091,SERV-02,32239.7,CLOSED,0,2023-08-20,2026-08-27,,Servicer note line 1091
LN-08270910-11092,SERV-02,103379.21,CURRENT,0,2023-04-01,2026-08-27,AUDIT-FLAG-2,
LN-08270910-11093,SERV-02,50392.7,CLOSED,0,2023-10-28,2026-08-27,AUDIT-FLAG-3,Servicer note line 1093
LN-08270910-11094,SERV-02,25779.93,CLOSED,0,2023-04-28,2026-08-27,AUDIT-FLAG-3,
LN-08270910-11095,SERV-03,187029.14,CURRENT,0,2023-11-08,2026-08-27,,
LN-08270910-11096,SERV-03,48687.48,LATE_60,85,2023-04-02,2026-08-27,,
LN-08270910-11097,SERV-03,12100.0,LATE_45,41,2024-01-17,2026-08-27,,
LN-08270910-11098,SERV-02,129058.81,DEFAULT,209,2024.05.10,2026-08-27,,Servicer note line 1098
LN-08270910-11099,SERV-02,59826.91,LATE_90,114,2023-06-16,2026-08-27,,
LN-08270910-11100,SERV-03,49554.1,LATE_90,93,2024-01-03,2026-08-27,,
LN-08270910-11101,SERV-02,-82360.89,LATE_60,79,2023-03-26,2026-08-27,,
LN-08270910-11102,SERV-03,216297.36,DEFAULT,182,2023-10-13,2026-08-27,,Servicer note line 1102
LN-08270910-11103,SERV-01,94171.67,LATE_90,102,2023-03-12,2026-08-27,AUDIT-FLAG-1,
LN-08270910-10963,SERV-02,55998.51,DEFAULT,308,2023-08-08,2026-08-27,AUDIT-FLAG-4,Servicer note line 1104
LN-08270910-11105,SERV-01,40940.93,LATE_30,52,2023-11-04,2026-08-27,,
LN-08270910-11106,SERV-03,33700.64,LATE_60,63,2023-03-29,2026-08-27,,
LN-08270910-11107,SERV-02,77758.24,LATE_90,101,2023-07-28,2026-08-27,,
LN-08270910-11108,SERV-02,177015.62,DEFAULT,158,2023-04-01,2026-08-27,,
LN-08270910-11109,SERV-03,33100.56,LATE_30,39,2024-02-02,2026-08-27,AUDIT-FLAG-3,Servicer note line 1109
LN-08270910-11110,SERV-03,6023.32,LATE_30,46,2023-10-23,2026-08-27,,Servicer note line 1110
LN-08270910-11111,SERV-03,64046.15,CLOSED,0,2023-08-24,2026-08-27,,
LN-08270910-11112,SERV-01,5359.21,CURRENT,0,2023-07-29,2026-08-27,AUDIT-FLAG-2,Servicer note line 1112
LN-08270910-10414,SERV-02,4572.18,CLOSED,0,2024-02-04,2026-08-27,,
LN-08270910-11114,SERV-02,104030.76,CURRENT,0,2023-12-16,2026-08-27,,
LN-08270910-11115,SERV-02,12100.0,LATE_45,72,2023-03-13,2026-08-27,,
LN-08270910-11116,SERV-03,93841.32,CURRENT,0,2024-02-15,2026-08-27,,Servicer note line 1116
LN-08270910-11117,SERV-01,219235.36,LATE_60,84,2023-05-21,2026-08-27,,
LN-08270910-11118,SERV-03,79188.82,LATE_60,66,2023-03-19,2026-08-27,,
LN-08270910-11119,SERV-03,91421.5,DEFAULT,162,2023-08-23,2026-08-27,,
LN-08270910-11120,SERV-01,40569.4,LATE_90,108,2023-05-27,2026-08-27,,
LN-08270910-11121,SERV-03,55959.64,LATE_90,114,2023-12-22,2026-08-27,AUDIT-FLAG-3,
LN-08270910-11122,SERV-03,114881.71,LATE_60,78,2023-09-27,2026-08-27,AUDIT-FLAG-5,
LN-08270910-11123,SERV-03,62637.27,LATE_60,81,2023-11-01,2026-08-27,,
LN-08270910-11124,SERV-03,64446.28,CURRENT,0,2023-04-09,2026-08-27,,
LN-08270910-11125,SERV-03,31825.88,DEFAULT,354,2023-06-23,2026-08-27,,
LN-08270910-11126,SERV-03,12100.0,LATE_45,0,2024-01-07,2026-08-27,AUDIT-FLAG-5,
LN-08270910-11127,SERV-02,11265.51,DEFAULT,158,2023-07-23,2026-08-27,,
LN-08270910-11128,SERV-03,15157.56,LATE_30,42,2023-12-30,2026-08-27,,
LN-08270910-11129,SERV-02,106389.39,LATE_60,84,2023-06-19,2026-08-27,,
LN-08270910-11130,SERV-01,185070.61,LATE_60,88,2023-11-08,2026-08-27,,
LN-08270910-11131,SERV-03,59879.89,LATE_60,73,2023-07-01,2026-08-27,,
LN-08270910-11132,SERV-01,29545.7,LATE_90,101,2023-07-15,2026-08-27,,
LN-08270910-11133,SERV-02,41972.47,LATE_30,30,2023-04-24,2026-08-27,,Servicer note line 1133
LN-08270910-11134,SERV-02,37983.09,LATE_30,57,2023-07-24,2026-08-27,,Servicer note line 1134
LN-08270910-11135,SERV-01,146066.9,LATE_60,82,2023-06-06,2026-08-27,,
LN-08270910-11136,SERV-03,84557.89,LATE_60,80,2023-10-03,2026-08-27,,
LN-08270910-11138,SERV-01,18026.69,LATE_90,93,2023-04-17,2026-08-27,,
LN-08270910-11139,SERV-01,135155.75,LATE_60,76,2023-06-17,2026-08-27,,
LN-08270910-11140,SERV-02,7692.56,LATE_60,81,2023-09-19,2026-08-27,AUDIT-FLAG-3,
LN-08270910-11140,SERV-02,7792.56,LATE_60,81,2023-09-19,2026-08-27,AUDIT-FLAG-3,
LN-08270910-11141,SERV-02,62546.86,LATE_60,74,2023-08-12,2026-08-27,,
LN-08270910-11142,SERV-02,21027.0,CLOSED,0,2023-08-07,2026-08-27,,
LN-08270910-11143,SERV-01,99835.52,CLOSED,0,2023-10-25,2026-08-27,,
LN-08270910-11144,SERV-03,13155.62,CURRENT,0,2023-12-31,2026-08-27,,
LN-08270910-11145,SERV-01,12100.0,LATE_45,96,2024-01-11,2026-08-27,,
LN-08270910-11146,SERV-01,73311.52,CURRENT,0,2024-01-22,2026-08-27,,
LN-08270910-11147,SERV-01,44684.24,DEFAULT,152,2023-09-08,2026-08-27,,
LN-08270910-11148,SERV-01,69403.77,CURRENT,0,2023-07-03,2026-08-27,,
LN-08270910-11149,SERV-01,47873.83,CURRENT,0,2023-11-06,2026-08-27,AUDIT-FLAG-4,
LN-08270910-11150,SERV-03,26143.38,CLOSED,0,2023-08-21,2026-08-27,,
LN-08270910-11151,SERV-03,63356.02,DEFAULT,349,2023-08-30,2026-08-27,,
LN-08270910-11152,SERV-03,24294.44,LATE_30,32,2023-10-27,2026-08-27,,Servicer note line 1152
LN-08270910-11153,SERV-02,59026.75,LATE_90,102,2023-11-22,2026-08-27,AUDIT-FLAG-1,
LN-08270910-11154,SERV-03,14291.0,LATE_30,33,2023-04-08,2026-08-27,AUDIT-FLAG-5,
LN-08270910-11156,SERV-01,17319.57,LATE_60,73,2023-03-17,2026-08-27,,
LN-08270910-11157,SERV-01,13822.62,DEFAULT,136,2023-11-23,2026-08-27,,
LN-08270910-11158,SERV-02,-39066.05,LATE_60,72,2023-07-18,2026-08-27,,
LN-08270910-11159,SERV-03,21183.95,LATE_30,53,2024-01-06,2026-08-27,AUDIT-FLAG-5,
LN-08270910-11160,SERV-02,52356.53,DEFAULT,326,2024-02-28,2026-08-27,,
LN-08270910-11161,SERV-02,122062.17,LATE_60,75,2023-08-22,2026-08-27,,
LN-08270910-11162,SERV-02,20426.02,DEFAULT,350,2023-12-24,2026-08-27,,
LN-08270910-11163,SERV-01,14549.4,DEFAULT,203,2023-07-24,2026-08-27,,Servicer note line 1163
LN-08270910-11164,SERV-03,21756.71,LATE_30,38,2023-10-17,2026-08-27,,Servicer note line 1164
LN-08270910-11165,SERV-03,17201.85,LATE_90,99,2023-06-26,2026-08-27,,
LN-08270910-11166,SERV-02,150861.86,LATE_30,53,2023-07-06,2026-08-27,,Servicer note line 1166
LN-08270910-11167,SERV-03,87862.28,LATE_60,75,2023-07-30,2026-08-27,,Servicer note line 1167
LN-08270910-11168,SERV-02,9804.15,LATE_60,72,INVALID_DATE,2026-08-27,,
LN-08270910-11169,SERV-03,105124.8,CLOSED,0,2023-05-29,2026-08-27,,Servicer note line 1169
LN-08270910-11170,SERV-01,11793.19,DEFAULT,278,2023-07-29,2026-08-27,,
LN-08270910-11171,SERV-02,18803.0,LATE_60,85,2023-12-02,2026-08-27,,
LN-08270910-11172,SERV-03,57561.88,LATE_90,102,2023-05-13,2026-08-27,,
LN-08270910-11173,SERV-01,24652.42,LATE_30,56,2024-01-24,2026-08-27,,
LN-08270910-11174,SERV-02,99447.81,DEFAULT,213,2023-05-27,2026-08-27,,Servicer note line 1174
LN-08270910-11175,SERV-03,93535.42,DEFAULT,278,2023-03-08,2026-08-27,,
LN-08270910-11176,SERV-01,64711.98,DEFAULT,159,05-10-2024,2026-08-27,,
LN-08270910-11177,SERV-02,115745.05,LATE_30,46,2023-04-26,2026-08-27,,
LN-08270910-11178,SERV-02,19717.56,LATE_30,33,2024-01-11,2026-08-27,,Servicer note line 1178
LN-08270910-11179,SERV-03,9520.45,LATE_60,79,2023-05-05,2026-08-27,AUDIT-FLAG-4,
LN-08270910-11180,SERV-01,-10116.51,CLOSED,0,2023-06-13,2026-08-27,,
LN-08270910-11181,SERV-03,25563.61,DEFAULT,235,15/01/2023,2026-08-27,,
LN-08270910-11182,SERV-02,49643.54,LATE_60,83,2024-01-25,2026-08-27,,
LN-08270910-11183,SERV-03,133904.54,CURRENT,0,2023-11-09,2026-08-27,,Servicer note line 1183
LN-08270910-11184,SERV-01,23363.01,LATE_30,45,2023-06-02,2026-08-27,,
LN-08270910-11185,SERV-01,31428.4,LATE_30,36,2023-03-10,2026-08-27,,
LN-08270910-11186,SERV-01,154326.35,LATE_60,74,2024-01-04,2026-08-27,,
LN-08270910-10747,SERV-02,54930.14,LATE_90,98,2023-04-14,2026-08-27,,
LN-08270910-11188,SERV-02,113642.58,CLOSED,0,2023-08-08,2026-08-27,,Servicer note line 1188
LN-08270910-11189,SERV-02,90549.39,DEFAULT,154,2023-09-27,2026-08-27,AUDIT-FLAG-3,
LN-08270910-11190,SERV-03,242488.38,LATE_30,50,2023-10-14,2026-08-27,,
LN-08270910-11191,SERV-02,42668.13,LATE_90,102,2023-07-19,2026-08-27,,
LN-08270910-11192,SERV-02,48310.54,LATE_60,88,2023-04-13,2026-08-27,,
LN-08270910-11193,SERV-01,12100.0,LATE_45,0,2023-10-25,2026-08-27,,
LN-08270910-11194,SERV-03,58324.35,LATE_60,75,2023-05-30,2026-08-27,,
LN-08270910-11195,SERV-02,63556.74,LATE_30,31,2023-10-03,2026-08-27,,
LN-08270910-11196,SERV-02,168549.29,CLOSED,0,2023-05-26,2026-08-27,,
LN-08270910-11197,SERV-02,5160.41,CURRENT,0,2023-10-11,2026-08-27,,
LN-08270910-11198,SERV-02,153989.56,CLOSED,0,2023-03-25,2026-08-27,,
LN-08270910-11199,SERV-03,97133.65,CLOSED,0,2023-11-29,2026-08-27,,
LN-08270910-11200,SERV-03,35023.12,CLOSED,0,2023-10-27,2026-08-27,,
LN-08270910-11201,SERV-03,113187.27,DEFAULT,134,2023-06-17,2026-08-27,,Servicer note line 1201
LN-08270910-11202,SERV-02,173003.46,LATE_60,64,2023-07-31,2026-08-27,,
LN-08270910-11203,SERV-01,23376.31,LATE_90,91,2023-12-07,2026-08-27,,Servicer note line 1203
LN-08270910-11204,SERV-01,92321.48,CLOSED,0,2023-05-10,2026-08-27,AUDIT-FLAG-2,
LN-08270910-11205,SERV-03,45000.0,CLOSED,89,2023-03-13,2026-08-27,AUDIT-FLAG-1,Servicer note line 1205
LN-08270910-11206,SERV-01,142416.06,LATE_30,40,2023-04-24,2026-08-27,,
LN-08270910-11207,SERV-03,145034.75,CURRENT,0,2024-01-23,2026-08-27,,
LN-08270910-11208,SERV-03,10720.15,LATE_90,98,2023-10-18,2026-08-27,AUDIT-FLAG-2,
LN-08270910-11209,SERV-01,117245.96,LATE_90,112,2023-07-12,2026-08-27,,
LN-08270910-11210,SERV-02,19665.67,DEFAULT,140,2024-01-07,2026-08-27,AUDIT-FLAG-4,Servicer note line 1210
LN-08270910-11211,SERV-03,8890.49,CLOSED,0,2024-01-16,2026-08-27,,
LN-08270910-11212,SERV-03,12801.29,CURRENT,0,2023-09-19,2026-08-27,,
LN-08270910-11213,SERV-02,186412.25,LATE_90,114,2023-12-06,2026-08-27,AUDIT-FLAG-5,Servicer note line 1213
LN-08270910-11214,SERV-02,73008.73,LATE_30,57,2023-03-20,2026-08-27,,
LN-08270910-11215,SERV-02,57621.38,DEFAULT,277,2023-09-16,2026-08-27,,
LN-08270910-10847,SERV-01,62061.81,CURRENT,0,2023-04-25,2026-08-27,,
LN-08270910-11217,SERV-03,95227.8,CLOSED,0,2024-02-08,2026-08-27,AUDIT-FLAG-2,
LN-08270910-11218,SERV-02,45518.64,LATE_30,32,2023-05-28,2026-08-27,,
LN-08270910-11219,SERV-02,55051.63,DEFAULT,311,2024.05.10,2026-08-27,,
LN-08270910-11220,SERV-03,51514.75,LATE_90,115,2023-05-17,2026-08-27,,
LN-08270910-11221,SERV-01,1734.25,DEFAULT,170,2024-01-13,2026-08-27,,
LN-08270910-11222,SERV-03,4971.17,CURRENT,0,2023-07-14,2026-08-27,,
LN-08270910-11223,SERV-01,55845.08,CLOSED,0,2023-04-23,2026-08-27,AUDIT-FLAG-4,
LN-08270910-11224,SERV-03,175224.21,LATE_60,84,2023-10-15,2026-08-27,,
LN-08270910-11225,SERV-02,20425.32,CLOSED,0,2023-04-10,2026-08-27,,Servicer note line 1225
LN-08270910-11226,SERV-01,40237.21,LATE_90,90,2023-12-12,2026-08-27,,
LN-08270910-11226,SERV-01,40337.21,LATE_90,90,2023-12-12,2026-08-27,,
LN-08270910-11227,SERV-03,96019.77,CURRENT,0,2023-10-10,2026-08-27,,
LN-08270910-11228,SERV-01,71952.64,CLOSED,0,2023-05-07,2026-08-27,AUDIT-FLAG-2,
LN-08270910-11229,SERV-01,142389.78,DEFAULT,340,2024-02-23,2026-08-27,,
LN-08270910-11230,SERV-03,125993.93,LATE_60,67,2024-02-19,2026-08-27,,
LN-08270910-11231,SERV-01,132204.81,LATE_30,46,2023-09-17,2026-08-27,,
LN-08270910-11232,SERV-01,48524.32,LATE_90,109,2023-04-22,2026-08-27,,
LN-08270910-11233,SERV-03,171854.16,LATE_60,69,2024-01-12,2026-08-27,,
LN-08270910-11234,SERV-01,40187.6,LATE_60,63,2023-07-26,2026-08-27,AUDIT-FLAG-1,
LN-08270910-11235,SERV-03,161218.59,DEFAULT,298,2023-04-26,2026-08-27,,Servicer note line 1235
LN-08270910-11236,SERV-02,34170.9,LATE_30,55,2024-01-20,2026-08-27,AUDIT-FLAG-5,
LN-08270910-11237,SERV-01,15052.23,LATE_60,74,2023-11-04,2026-08-27,,
LN-08270910-11238,SERV-02,77519.03,LATE_30,48,2023-06-24,2026-08-27,,Servicer note line 1238
LN-08270910-11239,SERV-02,23201.79,CLOSED,0,2023-03-20,2026-08-27,,
LN-08270910-11240,SERV-03,11298.51,CURRENT,0,2023-09-24,2026-08-27,,
LN-08270910-11240,SERV-03,11398.51,CURRENT,0,2023-09-24,2026-08-27,,
LN-08270910-11241,SERV-01,7223.06,CLOSED,0,2023-09-09,2026-08-27,,
LN-08270910-11242,SERV-03,45000.0,CLOSED,38,2023-10-11,2026-08-27,AUDIT-FLAG-1,
LN-08270910-11243,SERV-01,28553.98,DEFAULT,178,2023-11-17,2026-08-27,,Servicer note line 1243
LN-08270910-11244,SERV-03,42108.05,LATE_30,58,2024-02-05,2026-08-27,,
LN-08270910-11245,SERV-03,14693.77,CURRENT,0,2023-05-05,2026-08-27,,
LN-08270910-11246,SERV-01,26585.96,CLOSED,0,2023-06-27,2026-08-27,AUDIT-FLAG-1,
LN-08270910-11247,SERV-01,24521.98,LATE_30,45,2024-02-02,2026-08-27,,
LN-08270910-11248,SERV-01,31643.47,CLOSED,0,2023-04-08,2026-08-27,AUDIT-FLAG-4,
LN-08270910-11249,SERV-03,81431.26,DEFAULT,0,2024-01-25,2026-08-27,,
LN-08270910-11250,SERV-01,93928.64,DEFAULT,342,2023-03-13,2026-08-27,,
LN-08270910-11251,SERV-01,46562.88,LATE_30,39,2023-12-07,2026-08-27,,
LN-08270910-11252,SERV-02,12100.0,LATE_45,75,2024-02-20,2026-08-27,AUDIT-FLAG-5,
LN-08270910-11253,SERV-03,34006.57,LATE_60,75,2023-03-13,2026-08-27,,Servicer note line 1253
LN-08270910-11254,SERV-03,63753.3,CLOSED,0,2023-10-27,2026-08-27,,
LN-08270910-11255,SERV-01,231748.95,CLOSED,0,2023-11-16,2026-08-27,,
LN-08270910-11256,SERV-03,107996.58,LATE_60,69,2023-10-18,2026-08-27,,
LN-08270910-11257,SERV-01,90357.66,CURRENT,0,2024-01-24,2026-08-27,,
LN-08270910-11258,SERV-01,60213.92,LATE_90,119,2023-05-16,2026-08-27,,
LN-08270910-11259,SERV-01,39613.52,DEFAULT,127,2024-13-45,2026-08-27,,
LN-08270910-11260,SERV-02,-25848.01,CLOSED,0,2023-10-31,2026-08-27,,
LN-08270910-11261,SERV-03,132957.25,DEFAULT,261,2023-07-16,2026-08-27,,
LN-08270910-11262,SERV-02,47869.46,CLOSED,0,2023-07-31,2026-08-27,,
LN-08270910-11263,SERV-03,26584.29,CLOSED,0,2023-04-27,2026-08-27,,
LN-08270910-11264,SERV-03,131600.44,CURRENT,0,2023-11-26,2026-08-27,,
LN-08270910-11265,SERV-03,37489.86,LATE_60,75,2023-11-03,2026-08-27,,
LN-08270910-11266,SERV-03,92353.76,CLOSED,0,2023-10-15,2026-08-27,AUDIT-FLAG-4,
LN-08270910-11226,SERV-01,30105.17,LATE_30,47,2024-01-11,2026-08-27,,
LN-08270910-11269,SERV-01,11676.84,DEFAULT,330,2023-08-28,2026-08-27,,
LN-08270910-11271,SERV-03,57967.79,DEFAULT,263,2023-09-15,2026-08-27,,
LN-08270910-11272,SERV-01,20337.24,LATE_60,79,2024-01-10,2026-08-27,,
LN-08270910-11273,SERV-03,77114.57,LATE_60,64,2023-11-20,2026-08-27,,
LN-08270910-11274,SERV-02,41876.78,LATE_30,59,2023-07-04,2026-08-27,AUDIT-FLAG-1,
LN-08270910-11275,SERV-03,129905.2,CLOSED,0,2023-12-01,2026-08-27,,
LN-08270910-11276,SERV-02,147772.68,LATE_90,118,15/01/2023,2026-08-27,,
LN-08270910-11277,SERV-02,116163.09,LATE_60,80,2023-11-02,2026-08-27,,Servicer note line 1277
LN-08270910-11278,SERV-03,98224.72,LATE_60,73,2023-09-30,2026-08-27,AUDIT-FLAG-2,
LN-08270910-11279,SERV-03,80107.67,LATE_90,102,2024-01-18,2026-08-27,,
LN-08270910-11280,SERV-01,8864.59,LATE_60,70,2023-08-15,2026-08-27,,
LN-08270910-11281,SERV-02,61745.89,LATE_60,83,2023-11-29,2026-08-27,AUDIT-FLAG-5,
LN-08270910-11283,SERV-01,12039.21,LATE_60,75,2023-07-29,2026-08-27,,Servicer note line 1283
LN-08270910-11284,SERV-01,65542.28,LATE_90,113,2023-07-08,2026-08-27,,
LN-08270910-11285,SERV-02,33494.15,DEFAULT,246,2023-10-29,2026-08-27,,
LN-08270910-11286,SERV-01,141236.03,LATE_90,93,2023-06-26,2026-08-27,,
LN-08270910-11287,SERV-02,10190.42,LATE_90,105,2023-11-08,2026-08-27,,
LN-08270910-11288,SERV-03,77873.78,CLOSED,0,2024-02-15,2026-08-27,,
LN-08270910-11289,SERV-03,121122.44,CLOSED,0,2023-12-01,2026-08-27,,
LN-08270910-11290,SERV-02,88018.28,CURRENT,0,2023-06-17,2026-08-27,,
LN-08270910-11291,SERV-03,82897.3,LATE_30,42,2023-07-25,2026-08-27,,Servicer note line 1291
LN-08270910-11292,SERV-03,16520.4,CURRENT,0,2024-02-02,2026-08-27,,
LN-08270910-11293,SERV-02,40705.0,LATE_30,33,2023-06-22,2026-08-27,AUDIT-FLAG-3,
LN-08270910-11294,SERV-03,-93220.51,DEFAULT,260,2023-11-19,2026-08-27,,
LN-08270910-11295,SERV-02,13701.64,LATE_60,72,2023-11-02,2026-08-27,,Servicer note line 1295
LN-08270910-11296,SERV-03,145894.96,LATE_90,93,2023-08-09,2026-08-27,,
LN-08270910-11297,SERV-03,68563.56,LATE_90,111,2023-08-16,2026-08-27,,
LN-08270910-11298,SERV-02,34058.17,LATE_90,119,2023-03-27,2026-08-27,,
LN-08270910-11299,SERV-03,171056.06,CLOSED,0,2023-03-30,2026-08-27,,
LN-08270910-11300,SERV-03,138418.32,DEFAULT,300,2023-06-09,2026-08-27,,Servicer note line 1300
LN-08270910-11301,SERV-02,25936.81,LATE_90,95,2023-04-10,2026-08-27,,
LN-08270910-11302,SERV-01,107686.65,LATE_90,92,2023-09-04,2026-08-27,,
LN-08270910-11303,SERV-01,57331.66,LATE_30,52,2024-02-17,2026-08-27,,
LN-08270910-11304,SERV-02,3380.09,LATE_90,114,2024-01-30,2026-08-27,,
LN-08270910-11305,SERV-01,39338.25,LATE_60,73,2023-09-24,2026-08-27,,
LN-08270910-11306,SERV-02,19647.14,DEFAULT,174,2023-09-01,2026-08-27,,
LN-08270910-11307,SERV-01,20775.09,LATE_90,98,2023-04-16,2026-08-27,,
LN-08270910-11308,SERV-01,28500.0,CLOSED,0,2023-03-31,2026-08-27,,Servicer note line 1308
LN-08270910-11309,SERV-01,131898.49,DEFAULT,154,2023-07-16,2026-08-27,,
LN-08270910-11311,SERV-01,45000.0,CLOSED,105,2023-08-28,2026-08-27,AUDIT-FLAG-2,
LN-08270910-11312,SERV-01,72864.2,CLOSED,0,2023-09-05,2026-08-27,,
LN-08270910-11313,SERV-03,150073.61,CLOSED,0,2023-03-06,2026-08-27,,
LN-08270910-11314,SERV-01,32488.34,LATE_30,54,2024-01-22,2026-08-27,,
LN-08270910-11315,SERV-01,22927.44,CURRENT,0,2024-02-07,2026-08-27,AUDIT-FLAG-4,
LN-08270910-11316,SERV-01,28500.0,DEFAULT,148,2023-07-07,2026-08-27,AUDIT-FLAG-2,Servicer note line 1316
LN-08270910-11317,SERV-02,24299.24,LATE_90,112,2023-06-30,2026-08-27,,
LN-08270910-11318,SERV-01,45000.0,CLOSED,0,2023-11-14,2026-08-27,,
LN-08270910-11319,SERV-02,41205.51,CURRENT,0,2023-12-10,2026-08-27,,
LN-08270910-11320,SERV-03,7578.49,LATE_60,69,2023-11-25,2026-08-27,,
LN-08270910-11321,SERV-03,187913.32,LATE_90,103,2023-12-24,2026-08-27,,Servicer note line 1321
LN-08270910-11322,SERV-02,146492.82,CLOSED,0,2024-01-29,2026-08-27,,
LN-08270910-11323,SERV-03,72267.98,DEFAULT,122,2023-11-22,2026-08-27,,
LN-08270910-11324,SERV-01,43247.11,CLOSED,0,2023-05-30,2026-08-27,,
LN-08270910-11325,SERV-02,92448.98,CURRENT,0,2024-01-22,2026-08-27,,
LN-08270910-11326,SERV-01,149511.88,CLOSED,0,2023-12-22,2026-08-27,,
LN-08270910-11327,SERV-02,49399.36,CURRENT,0,2023-11-06,2026-08-27,AUDIT-FLAG-3,
LN-08270910-11172,SERV-01,3106.69,CURRENT,0,2023-12-13,2026-08-27,,
LN-08270910-11329,SERV-02,31332.76,LATE_30,36,2023-09-13,2026-08-27,,Servicer note line 1329
LN-08270910-11330,SERV-01,21205.35,CLOSED,0,2023-10-23,2026-08-27,,Servicer note line 1330
LN-08270910-11331,SERV-03,70201.41,LATE_60,76,2023-07-22,2026-08-27,AUDIT-FLAG-4,
LN-08270910-11332,SERV-01,162208.94,LATE_90,113,2023-05-10,2026-08-27,,
LN-08270910-11333,SERV-03,40764.8,CURRENT,0,2023-09-29,2026-08-27,AUDIT-FLAG-2,
LN-08270910-11334,SERV-01,188421.59,LATE_30,44,2024-02-01,2026-08-27,,
LN-08270910-11335,SERV-02,37114.21,LATE_60,60,2023-10-17,2026-08-27,,Servicer note line 1335
LN-08270910-11336,SERV-02,60630.39,LATE_60,69,INVALID_DATE,2026-08-27,,
LN-08270910-11337,SERV-02,12100.0,LATE_45,0,2023-06-28,2026-08-27,AUDIT-FLAG-5,Servicer note line 1337
LN-08270910-11338,SERV-03,55307.12,DEFAULT,326,2023-11-03,2026-08-27,,
LN-08270910-11339,SERV-01,59555.46,LATE_30,32,2023-04-05,2026-08-27,,
LN-08270910-11340,SERV-01,80561.65,CURRENT,0,2023-12-13,2026-08-27,AUDIT-FLAG-2,
LN-08270910-11341,SERV-03,97827.35,DEFAULT,346,2023-09-09,2026-08-27,AUDIT-FLAG-3,
LN-08270910-11342,SERV-02,198007.7,CLOSED,0,2023-05-23,2026-08-27,,
LN-08270910-11343,SERV-01,208569.86,LATE_90,119,2023-12-15,2026-08-27,AUDIT-FLAG-3,
LN-08270910-11344,SERV-03,45000.0,CLOSED,88,2024-02-16,2026-08-27,AUDIT-FLAG-1,
LN-08270910-11345,SERV-01,175221.19,LATE_60,85,2023-11-24,2026-08-27,,
LN-08270910-11346,SERV-02,149853.14,LATE_60,62,2023-03-28,2026-08-27,AUDIT-FLAG-2,Servicer note line 1346
LN-08270910-11346,SERV-02,149953.14,LATE_60,62,2023-03-28,2026-08-27,AUDIT-FLAG-2,Servicer note line 1346
LN-08270910-11347,SERV-01,17029.84,CLOSED,0,2024-02-23,2026-08-27,,
LN-08270910-11348,SERV-01,174262.33,DEFAULT,271,2023-09-18,2026-08-27,,
LN-08270910-11349,SERV-03,39780.23,LATE_30,46,2024-02-05,2026-08-27,,Servicer note line 1349
LN-08270910-11350,SERV-02,45000.0,CLOSED,0,2023-08-28,2026-08-27,AUDIT-FLAG-1,
LN-08270910-11351,SERV-01,29081.0,LATE_90,100,2023-10-28,2026-08-27,,
LN-08270910-11352,SERV-01,12100.0,LATE_45,52,2024-02-16,2026-08-27,,Servicer note line 1352
LN-08270910-11353,SERV-03,209109.28,CLOSED,0,2023-10-20,2026-08-27,AUDIT-FLAG-3,Servicer note line 1353
LN-08270910-11354,SERV-03,66100.76,LATE_30,40,2023-08-30,2026-08-27,,
LN-08270910-11355,SERV-02,51892.98,LATE_30,46,2023-09-04,2026-08-27,,
LN-08270910-11356,SERV-02,99438.47,LATE_60,89,2023-11-20,2026-08-27,,
LN-08270910-11357,SERV-01,126767.72,DEFAULT,305,2023-09-30,2026-08-27,AUDIT-FLAG-5,
LN-08270910-11358,SERV-02,29475.71,CLOSED,0,2024-02-19,2026-08-27,,
LN-08270910-11359,SERV-03,180764.21,LATE_60,72,2023-09-07,2026-08-27,,
LN-08270910-11360,SERV-01,27752.48,LATE_60,70,2023-11-19,2026-08-27,AUDIT-FLAG-4,
LN-08270910-11361,SERV-02,45000.0,CLOSED,227,2023-12-31,2026-08-27,,
LN-08270910-11362,SERV-02,55284.55,LATE_30,40,2023-07-09,2026-08-27,,Servicer note line 1362
LN-08270910-11363,SERV-01,45000.0,CLOSED,98,2023-07-10,2026-08-27,,Servicer note line 1363
LN-08270910-11364,SERV-03,134043.81,LATE_90,94,2023-12-17,2026-08-27,AUDIT-FLAG-2,
LN-08270910-11365,SERV-03,29335.77,DEFAULT,0,2023-05-15,2026-08-27,,
LN-08270910-11366,SERV-03,28500.0,CURRENT,0,2023-04-17,2026-08-27,,
LN-08270910-11367,SERV-02,91073.28,DEFAULT,200,2024-01-29,2026-08-27,AUDIT-FLAG-4,
LN-08270910-11368,SERV-01,45000.0,CLOSED,47,2023-04-08,2026-08-27,,
LN-08270910-11369,SERV-03,4366.11,CURRENT,0,2023-08-20,2026-08-27,AUDIT-FLAG-1,Servicer note line 1369
LN-08270910-11370,SERV-03,84512.04,LATE_60,83,2023-04-13,2026-08-27,,
LN-08270910-11371,SERV-02,63172.31,CURRENT,0,2023-08-07,2026-08-27,,
LN-08270910-11372,SERV-02,19825.32,CLOSED,0,2023-04-21,2026-08-27,,
LN-08270910-11373,SERV-03,45000.0,CLOSED,0,2023-04-17,2026-08-27,,Servicer note line 1373
LN-08270910-11374,SERV-02,5217.81,CURRENT,0,2023-08-23,2026-08-27,,
LN-08270910-11375,SERV-03,45000.0,CLOSED,0,2024-02-21,2026-08-27,AUDIT-FLAG-2,
LN-08270910-11376,SERV-02,85109.16,CURRENT,0,2023-06-02,2026-08-27,,
LN-08270910-11377,SERV-03,52040.66,DEFAULT,187,2023-03-30,2026-08-27,,
LN-08270910-11378,SERV-03,12100.0,LATE_45,51,2023-11-05,2026-08-27,,
LN-08270910-11379,SERV-02,36392.34,CLOSED,0,2023-06-07,2026-08-27,,Servicer note line 1379
LN-08270910-11380,SERV-02,97026.96,CURRENT,0,2023-06-20,2026-08-27,,
LN-08270910-11381,SERV-01,135562.68,LATE_30,38,2024-02-28,2026-08-27,AUDIT-FLAG-4,
LN-08270910-11382,SERV-01,115108.47,LATE_90,96,2023-05-28,2026-08-27,,
LN-08270910-11383,SERV-03,24555.08,LATE_60,70,2023-09-28,2026-08-27,,Servicer note line 1383
LN-08270910-11384,SERV-01,36562.37,DEFAULT,123,2023-11-28,2026-08-27,,
LN-08270910-11385,SERV-03,-104909.72,LATE_30,36,2023-03-15,2026-08-27,,
LN-08270910-11386,SERV-02,14941.77,DEFAULT,149,2023-04-19,2026-08-27,,
LN-08270910-11387,SERV-03,118158.36,CLOSED,0,2023-04-13,2026-08-27,,
LN-08270910-11388,SERV-02,92392.78,CURRENT,0,2023-05-01,2026-08-27,,
LN-08270910-11389,SERV-03,171696.37,LATE_90,90,2023-06-19,2026-08-27,,Servicer note line 1389
LN-08270910-11390,SERV-03,5193.81,CLOSED,0,2024-02-24,2026-08-27,,Servicer note line 1390
LN-08270910-11391,SERV-02,70817.4,LATE_60,81,2023-05-16,2026-08-27,,
LN-08270910-11392,SERV-01,99125.28,CURRENT,0,2023-08-29,2026-08-27,AUDIT-FLAG-2,
LN-08270910-11393,SERV-03,87781.12,LATE_30,56,2024-01-11,2026-08-27,AUDIT-FLAG-4,Servicer note line 1393
LN-08270910-11394,SERV-01,96476.89,DEFAULT,307,2023-09-26,2026-08-27,AUDIT-FLAG-3,
LN-08270910-11395,SERV-02,102564.31,DEFAULT,183,2023-09-23,2026-08-27,,
LN-08270910-11396,SERV-01,89012.28,LATE_30,32,2024-02-26,2026-08-27,,
LN-08270910-11397,SERV-02,13590.35,LATE_90,117,2023-06-02,2026-08-27,,
LN-08270910-11398,SERV-02,46484.41,LATE_30,57,2023-03-03,2026-08-27,AUDIT-FLAG-3,Servicer note line 1398
LN-08270910-11399,SERV-02,111892.25,CLOSED,0,2024-02-22,2026-08-27,,
LN-08270910-11400,SERV-03,109241.43,LATE_60,61,2023-12-15,2026-08-27,,
LN-08270910-11401,SERV-01,140568.85,CLOSED,0,2023-09-01,2026-08-27,,
LN-08270910-11402,SERV-01,57787.8,LATE_90,93,2023-10-04,2026-08-27,,
LN-08270910-11403,SERV-03,44206.28,LATE_90,96,2023-03-09,2026-08-27,,
LN-08270910-11404,SERV-01,36354.73,LATE_30,35,2023-04-24,2026-08-27,,
LN-08270910-11405,SERV-03,12100.0,LATE_45,97,2023-10-04,2026-08-27,,
LN-08270910-11406,SERV-03,106136.25,LATE_60,77,2023-09-07,2026-08-27,AUDIT-FLAG-2,Servicer note line 1406
LN-08270910-11407,SERV-03,90425.86,LATE_90,92,2023-05-28,2026-08-27,,
LN-08270910-11408,SERV-03,36742.43,CURRENT,0,2023-06-19,2026-08-27,,
LN-08270910-11409,SERV-02,9236.01,LATE_90,92,2023-11-24,2026-08-27,AUDIT-FLAG-2,
LN-08270910-11410,SERV-03,53850.21,LATE_30,46,2024-01-24,2026-08-27,,Servicer note line 1410
LN-08270910-11411,SERV-01,15532.18,CLOSED,0,2023-03-21,2026-08-27,,
LN-08270910-11412,SERV-02,21344.79,LATE_30,46,2023-12-14,2026-08-27,,
LN-08270910-11413,SERV-01,12100.0,LATE_45,48,2023-03-23,2026-08-27,,
LN-08270910-11414,SERV-03,242001.92,DEFAULT,339,2023-09-03,2026-08-27,AUDIT-FLAG-3,
LN-08270910-11415,SERV-01,96495.2,LATE_90,90,2023-03-10,2026-08-27,,
LN-08270910-11342,SERV-01,34939.11,CLOSED,0,2023-03-06,2026-08-27,,Servicer note line 1416
LN-08270910-11417,SERV-02,45000.0,CLOSED,251,2023-07-06,2026-08-27,,
LN-08270910-11418,SERV-03,124961.75,LATE_90,93,2023-11-07,2026-08-27,,Servicer note line 1418
LN-08270910-11419,SERV-01,87070.4,CURRENT,0,2023-08-12,2026-08-27,,Servicer note line 1419
LN-08270910-11420,SERV-01,72096.78,CURRENT,0,2023-08-07,2026-08-27,,
LN-08270910-11421,SERV-02,110509.26,CURRENT,45,2023-05-19,2026-08-27,,Servicer note line 1421
LN-08270910-11422,SERV-01,45000.0,CLOSED,119,2023-03-10,2026-08-27,,
LN-08270910-11422,SERV-01,45100.0,CLOSED,119,2023-03-10,2026-08-27,,
LN-08270910-11423,SERV-02,19437.33,LATE_90,94,2023-07-10,2026-08-27,AUDIT-FLAG-4,Servicer note line 1423
LN-08270910-11424,SERV-01,110293.62,LATE_60,75,2023-07-29,2026-08-27,,Servicer note line 1424
LN-08270910-11087,SERV-03,71387.75,CURRENT,0,2023-08-19,2026-08-27,,
LN-08270910-11426,SERV-02,120924.28,DEFAULT,199,2023-04-08,2026-08-27,,
LN-08270910-11427,SERV-02,7523.85,CLOSED,0,2023-11-27,2026-08-27,,
LN-08270910-11428,SERV-02,61330.52,LATE_60,80,2023-09-27,2026-08-27,,
LN-08270910-11429,SERV-01,49553.58,LATE_30,41,2023-11-09,2026-08-27,,Servicer note line 1429
LN-08270910-11430,SERV-01,102742.03,CLOSED,0,2024-02-22,2026-08-27,,
LN-08270910-11431,SERV-02,36571.06,CURRENT,0,2024-01-03,2026-08-27,,
LN-08270910-11432,SERV-02,115803.87,LATE_60,0,2023-04-02,2026-08-27,AUDIT-FLAG-3,
LN-08270910-11433,SERV-02,82940.13,CLOSED,0,2024-01-30,2026-08-27,,
LN-08270910-11434,SERV-01,12100.0,LATE_45,0,2023-05-28,2026-08-27,,
LN-08270910-11435,SERV-03,130352.73,LATE_30,52,2023-11-23,2026-08-27,AUDIT-FLAG-3,
LN-08270910-11436,SERV-03,205413.32,LATE_30,55,2024-01-12,2026-08-27,,
LN-08270910-11437,SERV-02,93085.88,LATE_90,105,2023-10-01,2026-08-27,,
LN-08270910-11437,SERV-02,93185.88,LATE_90,105,2023-10-01,2026-08-27,,
LN-08270910-11438,SERV-01,102960.89,CLOSED,0,2023-09-25,2026-08-27,AUDIT-FLAG-3,
LN-08270910-11439,SERV-03,163071.66,CLOSED,0,2024-01-16,2026-08-27,,
LN-08270910-11440,SERV-02,-109657.21,CLOSED,0,2023-10-26,2026-08-27,,Servicer note line 1440
LN-08270910-11441,SERV-03,51286.3,LATE_60,65,2023-05-10,2026-08-27,,
LN-08270910-11442,SERV-01,19411.05,LATE_90,107,2023-06-01,2026-08-27,,Servicer note line 1442
LN-08270910-10761,SERV-01,80729.47,DEFAULT,199,2023-03-02,2026-08-27,,
LN-08270910-11444,SERV-02,48194.63,DEFAULT,133,2024-01-12,2026-08-27,,
LN-08270910-11445,SERV-02,28500.0,CURRENT,0,2023-09-03,2026-08-27,AUDIT-FLAG-4,
LN-08270910-11446,SERV-03,28500.0,CURRENT,0,2023-10-01,2026-08-27,,
LN-08270910-11447,SERV-03,30264.91,CURRENT,0,2024-01-16,2026-08-27,,
LN-08270910-11448,SERV-01,12100.0,LATE_45,0,2023-09-26,2026-08-27,AUDIT-FLAG-2,
LN-08270910-11449,SERV-03,57139.05,LATE_90,107,2024-01-04,2026-08-27,AUDIT-FLAG-5,
LN-08270910-11450,SERV-02,50028.47,LATE_30,34,2023-09-15,2026-08-27,AUDIT-FLAG-5,
LN-08270910-11451,SERV-02,40623.56,LATE_90,117,2023-03-20,2026-08-27,,
LN-08270910-11452,SERV-01,57281.58,LATE_30,47,2023-05-09,2026-08-27,,
LN-08270910-11453,SERV-02,197602.7,CURRENT,0,2023-07-25,2026-08-27,AUDIT-FLAG-4,
LN-08270910-11454,SERV-03,59939.11,DEFAULT,121,2024-02-01,2026-08-27,AUDIT-FLAG-5,
LN-08270910-11455,SERV-01,100858.61,CLOSED,0,2023-10-25,2026-08-27,,
LN-08270910-11456,SERV-03,40327.12,LATE_90,118,2023-03-28,2026-08-27,AUDIT-FLAG-1,
LN-08270910-11457,SERV-01,78874.28,DEFAULT,248,2023-09-14,2026-08-27,,
LN-08270910-11458,SERV-03,20404.34,LATE_30,44,2024-01-18,2026-08-27,,
LN-08270910-11459,SERV-01,201098.65,DEFAULT,0,2023-08-21,2026-08-27,,
LN-08270910-11460,SERV-01,44494.61,CURRENT,0,2023-10-27,2026-08-27,,
LN-08270910-11461,SERV-02,142020.69,LATE_60,71,2023-10-01,2026-08-27,,Servicer note line 1461
LN-08270910-11462,SERV-01,36764.2,CURRENT,0,2023-03-11,2026-08-27,,
LN-08270910-11463,SERV-03,112586.92,CURRENT,0,2023-05-19,2026-08-27,,Servicer note line 1463
LN-08270910-11464,SERV-02,108263.36,LATE_30,59,2023-06-19,2026-08-27,,
LN-08270910-11465,SERV-02,83337.04,CLOSED,0,2023-04-19,2026-08-27,AUDIT-FLAG-2,
LN-08270910-11466,SERV-01,13303.45,LATE_90,111,2023-09-08,2026-08-27,,
LN-08270910-11467,SERV-02,36177.33,DEFAULT,248,2024-01-21,2026-08-27,,
LN-08270910-11467,SERV-02,36277.33,DEFAULT,248,2024-01-21,2026-08-27,,
LN-08270910-11468,SERV-01,15398.85,LATE_30,41,2023-10-28,2026-08-27,,
LN-08270910-11469,SERV-01,112379.49,CLOSED,0,2023-11-12,2026-08-27,,Servicer note line 1469
LN-08270910-11470,SERV-03,28500.0,LATE_30,54,2023-06-22,2026-08-27,,
LN-08270910-11471,SERV-03,5213.0,CLOSED,0,2024-01-01,2026-08-27,,
LN-08270910-11473,SERV-03,132035.75,LATE_30,53,2023-05-01,2026-08-27,,
LN-08270910-11474,SERV-02,76483.26,DEFAULT,326,2023-04-02,2026-08-27,,
LN-08270910-11475,SERV-01,184143.49,LATE_30,31,2024-01-16,2026-08-27,AUDIT-FLAG-5,Servicer note line 1475
LN-08270910-11476,SERV-03,14447.5,LATE_60,62,2024-01-20,2026-08-27,,
LN-08270910-11477,SERV-03,41682.48,CLOSED,0,2024-02-10,2026-08-27,,
LN-08270910-11478,SERV-03,-149625.12,CURRENT,0,2023-09-15,2026-08-27,,
LN-08270910-11479,SERV-02,42477.78,CLOSED,0,2023-12-19,2026-08-27,,
LN-08270910-11480,SERV-02,22360.15,LATE_60,64,2024-01-10,2026-08-27,,Servicer note line 1480
LN-08270910-11481,SERV-01,162389.07,DEFAULT,312,2023-12-18,2026-08-27,,
LN-08270910-11482,SERV-03,4577.71,LATE_60,76,2023-10-14,2026-08-27,,
LN-08270910-11483,SERV-03,33149.9,LATE_60,87,2024-01-11,2026-08-27,,
LN-08270910-11484,SERV-03,88980.3,LATE_30,54,2024-02-12,2026-08-27,AUDIT-FLAG-5,
LN-08270910-11485,SERV-01,222032.64,LATE_60,67,2024-02-02,2026-08-27,,Servicer note line 1485
LN-08270910-11486,SERV-03,146381.56,LATE_30,38,2023-07-27,2026-08-27,,
LN-08270910-11487,SERV-01,83215.18,LATE_90,92,2023-06-29,2026-08-27,,
LN-08270910-11488,SERV-01,183684.99,LATE_60,64,2023-06-13,2026-08-27,,
LN-08270910-11489,SERV-02,81608.96,CURRENT,0,2023-06-25,2026-08-27,,
LN-08270910-11490,SERV-01,32436.47,LATE_30,48,2023-10-21,2026-08-27,,Servicer note line 1490
LN-08270910-11491,SERV-01,6299.63,LATE_30,51,2023-03-15,2026-08-27,AUDIT-FLAG-3,
LN-08270910-11492,SERV-03,28368.87,LATE_60,66,2023-12-08,2026-08-27,,
LN-08270910-11493,SERV-03,22173.98,LATE_30,38,2024-01-28,2026-08-27,,
LN-08270910-11494,SERV-03,28500.0,LATE_90,114,2023-12-10,2026-08-27,,Servicer note line 1494
LN-08270910-11495,SERV-02,112876.75,LATE_30,47,2023-05-06,2026-08-27,,
LN-08270910-11496,SERV-01,60606.0,LATE_60,79,2023-11-20,2026-08-27,,
LN-08270910-11496,SERV-01,60706.0,LATE_60,79,2023-11-20,2026-08-27,,
LN-08270910-11497,SERV-02,43984.19,CLOSED,0,2023-08-02,2026-08-27,AUDIT-FLAG-5,
LN-08270910-11498,SERV-03,14662.07,CLOSED,0,2023-08-24,2026-08-27,AUDIT-FLAG-1,
LN-08270910-11499,SERV-03,51867.41,LATE_30,52,2023-03-12,2026-08-27,,
LN-08270910-11500,SERV-02,105445.07,CLOSED,0,2023-08-17,2026-08-27,,
LN-08270910-11501,SERV-01,30696.19,CLOSED,0,2024-01-30,2026-08-27,,
LN-08270910-11502,SERV-02,45928.0,CLOSED,0,2023-04-17,2026-08-27,,
LN-08270910-11503,SERV-03,30630.16,LATE_60,80,2023-06-30,2026-08-27,AUDIT-FLAG-5,Servicer note line 1503
LN-08270910-11504,SERV-01,25203.84,CLOSED,0,2023-09-29,2026-08-27,,Servicer note line 1504
LN-08270910-11505,SERV-01,144742.12,LATE_90,107,2023-03-20,2026-08-27,,
LN-08270910-11506,SERV-01,200739.68,CURRENT,0,2024-02-07,2026-08-27,,
LN-08270910-11507,SERV-02,76468.06,CLOSED,0,2024-02-03,2026-08-27,,
LN-08270910-11507,SERV-02,76568.06,CLOSED,0,2024-02-03,2026-08-27,,
LN-08270910-11508,SERV-01,120925.02,LATE_60,73,2024-01-21,2026-08-27,,
LN-08270910-11509,SERV-02,28500.0,LATE_60,78,2023-11-22,2026-08-27,,
LN-08270910-11510,SERV-01,188001.07,CLOSED,0,2023-07-12,2026-08-27,,
LN-08270910-11511,SERV-03,20786.92,LATE_30,42,2023-11-30,2026-08-27,AUDIT-FLAG-1,
LN-08270910-11512,SERV-02,47208.51,LATE_60,66,2023-09-09,2026-08-27,,
LN-08270910-11513,SERV-02,55590.64,CLOSED,0,2023-08-19,2026-08-27,,
LN-08270910-11514,SERV-01,165288.05,LATE_90,104,2023-03-19,2026-08-27,AUDIT-FLAG-2,
LN-08270910-11515,SERV-01,228034.36,DEFAULT,225,2023-11-17,2026-08-27,,Servicer note line 1515
LN-08270910-11516,SERV-01,122150.83,DEFAULT,243,2023-07-22,2026-08-27,,Servicer note line 1516
LN-08270910-11517,SERV-02,127608.78,LATE_30,43,2024-02-05,2026-08-27,AUDIT-FLAG-1,
LN-08270910-11518,SERV-03,96857.54,CURRENT,0,2024-01-25,2026-08-27,,
LN-08270910-11519,SERV-02,4300.76,CLOSED,0,2023-05-01,2026-08-27,,
LN-08270910-11520,SERV-02,65430.5,DEFAULT,199,2024-01-05,2026-08-27,,
LN-08270910-11521,SERV-01,28360.2,DEFAULT,211,2023-10-02,2026-08-27,,
LN-08270910-11522,SERV-03,54027.89,DEFAULT,0,2024-01-06,2026-08-27,,
LN-08270910-11523,SERV-03,83927.76,LATE_90,92,2024-02-20,2026-08-27,,
LN-08270910-11524,SERV-01,126952.39,CLOSED,0,2023-04-11,2026-08-27,,Servicer note line 1524
LN-08270910-11525,SERV-03,151689.29,CLOSED,0,2024-01-19,2026-08-27,,
LN-08270910-11526,SERV-02,203728.37,DEFAULT,283,2023-05-15,2026-08-27,,Servicer note line 1526
LN-08270910-11527,SERV-01,10638.64,CURRENT,0,2023-07-05,2026-08-27,,
LN-08270910-11528,SERV-02,11211.29,LATE_90,0,2023-05-15,2026-08-27,,Servicer note line 1528
LN-08270910-11529,SERV-02,70462.47,CURRENT,0,2024-01-07,2026-08-27,,
LN-08270910-11530,SERV-01,70863.6,DEFAULT,167,2023-09-29,2026-08-27,AUDIT-FLAG-3,
LN-08270910-11531,SERV-01,29090.6,LATE_90,116,2023-09-01,2026-08-27,,
LN-08270910-11532,SERV-02,141666.56,LATE_30,37,2023-07-15,2026-08-27,AUDIT-FLAG-2,
LN-08270910-11533,SERV-01,20034.69,DEFAULT,209,2023-09-18,2026-08-27,,
LN-08270910-11534,SERV-01,169992.1,CLOSED,0,2023-08-04,2026-08-27,,Servicer note line 1534
LN-08270910-11535,SERV-02,7282.43,CURRENT,0,2023-09-09,2026-08-27,,
LN-08270910-11536,SERV-02,104453.11,LATE_60,88,2023-11-22,2026-08-27,,
LN-08270910-11537,SERV-01,49174.12,CLOSED,0,2023-10-06,2026-08-27,,
LN-08270910-11538,SERV-01,37221.9,LATE_90,115,2023-10-27,2026-08-27,,
LN-08270910-11539,SERV-01,12100.0,LATE_45,58,2023-07-23,2026-08-27,,
LN-08270910-11540,SERV-01,79475.98,LATE_90,103,2023-12-19,2026-08-27,,
LN-08270910-11541,SERV-03,12798.63,CLOSED,0,2023-11-17,2026-08-27,AUDIT-FLAG-2,
LN-08270910-11542,SERV-03,76666.77,CLOSED,0,2023-05-24,2026-08-27,,
LN-08270910-11543,SERV-01,36959.13,CLOSED,0,2023-10-28,2026-08-27,AUDIT-FLAG-2,
LN-08270910-11544,SERV-02,104153.04,CLOSED,0,2023-05-17,2026-08-27,,
LN-08270910-11545,SERV-03,13548.55,LATE_90,112,2023-09-11,2026-08-27,,Servicer note line 1545
LN-08270910-11546,SERV-02,45000.0,CLOSED,0,2023-12-23,2026-08-27,,
LN-08270910-11547,SERV-03,166955.64,CURRENT,0,2024-02-26,2026-08-27,,Servicer note line 1547
LN-08270910-11548,SERV-01,48591.97,LATE_90,114,2023-10-01,2026-08-27,,
LN-08270910-11549,SERV-01,70966.6,LATE_30,50,2023-07-11,2026-08-27,,
LN-08270910-11550,SERV-01,126979.68,DEFAULT,215,2023-11-13,2026-08-27,,
LN-08270910-11551,SERV-02,16563.96,DEFAULT,172,2023-07-31,2026-08-27,AUDIT-FLAG-4,
LN-08270910-11552,SERV-03,83811.49,LATE_30,42,2023-05-25,2026-08-27,,
LN-08270910-11553,SERV-01,47212.32,LATE_90,100,2023-03-15,2026-08-27,AUDIT-FLAG-3,Servicer note line 1553
LN-08270910-11554,SERV-02,19631.85,LATE_60,89,2023-04-23,2026-08-27,,
LN-08270910-11555,SERV-02,71469.83,LATE_90,104,2024-02-27,2026-08-27,AUDIT-FLAG-1,
LN-08270910-11556,SERV-03,41251.08,LATE_90,108,2023-08-03,2026-08-27,,Servicer note line 1556
LN-08270910-11557,SERV-03,45000.0,CLOSED,33,2023-11-04,2026-08-27,,
LN-08270910-11558,SERV-02,112111.57,CURRENT,0,2023-07-24,2026-08-27,AUDIT-FLAG-2,Servicer note line 1558
LN-08270910-11559,SERV-03,180935.46,LATE_90,97,2023-11-25,2026-08-27,,Servicer note line 1559
LN-08270910-11560,SERV-01,48528.36,DEFAULT,321,2023-06-16,2026-08-27,AUDIT-FLAG-3,
LN-08270910-11561,SERV-01,105945.33,LATE_90,103,2023-03-15,2026-08-27,,
LN-08270910-11562,SERV-01,17148.52,DEFAULT,260,2023-03-18,2026-08-27,,
LN-08270910-11563,SERV-03,25999.13,CLOSED,0,2024-02-09,2026-08-27,,Servicer note line 1563
LN-08270910-10586,SERV-02,60856.25,CLOSED,0,2023-10-19,2026-08-27,,
LN-08270910-11565,SERV-01,43481.46,CURRENT,0,2023-11-08,2026-08-27,,
LN-08270910-11566,SERV-01,140699.32,LATE_60,64,2023-12-18,2026-08-27,AUDIT-FLAG-1,
LN-08270910-11567,SERV-01,149710.53,LATE_90,93,2023-06-25,2026-08-27,AUDIT-FLAG-5,
LN-08270910-11568,SERV-01,80103.47,DEFAULT,281,2023-11-19,2026-08-27,,
LN-08270910-11569,SERV-02,81717.96,LATE_90,100,2023-06-04,2026-08-27,,
LN-08270910-11570,SERV-01,51688.93,LATE_90,94,2023-12-14,2026-08-27,,
LN-08270910-11571,SERV-02,30666.86,LATE_90,111,2023-12-21,2026-08-27,,
LN-08270910-11572,SERV-01,9877.66,DEFAULT,192,2024-02-14,2026-08-27,,Servicer note line 1572
LN-08270910-11573,SERV-01,63720.43,CURRENT,0,2023-03-08,2026-08-27,,Servicer note line 1573
LN-08270910-11574,SERV-01,188642.41,LATE_60,64,2023-12-20,2026-08-27,,Servicer note line 1574
LN-08270910-11575,SERV-03,36109.21,LATE_60,89,2023-04-22,2026-08-27,,Servicer note line 1575
LN-08270910-11576,SERV-02,51419.11,CURRENT,0,2023-09-25,2026-08-27,,
LN-08270910-11577,SERV-02,157763.82,LATE_60,72,2023-07-27,2026-08-27,,
LN-08270910-11578,SERV-02,67880.69,CLOSED,0,2023-04-28,2026-08-27,,
LN-08270910-11579,SERV-02,142150.33,LATE_90,110,2023-10-13,2026-08-27,,Servicer note line 1579
LN-08270910-11580,SERV-01,157825.65,LATE_60,80,2023-11-11,2026-08-27,,Servicer note line 1580
LN-08270910-11581,SERV-03,10899.56,DEFAULT,276,2023-08-04,2026-08-27,,
LN-08270910-11582,SERV-01,100210.4,CURRENT,0,2023-04-02,2026-08-27,,
LN-08270910-11583,SERV-02,-184010.66,LATE_30,56,2024-02-14,2026-08-27,,
LN-08270910-11584,SERV-01,85288.59,LATE_30,32,2023-06-24,2026-08-27,AUDIT-FLAG-4,
